사고년도,다발시군구,지점명,사고일시,사고시간대,사고등급,가해자성별,가해자연령,가해차종,가해자신체상해정도,피해자성별,피해자연령,피해차종,피해자신체상해정도,사고유형,가해자법규위반,기상상태,사망자수,부상자수
2015,서울특별시 성북구5,서울특별시 성북구 상월곡동(월곡중학교앞 부근),2015-02-23,16시경,중상,남,21세,이륜차,상해없음,남,10세,자전거,중상,차대차 - 측면직각충돌,신호위반,맑음,0,1
2015,서울특별시 성북구5,서울특별시 성북구 상월곡동(월곡중학교앞 부근),2015-11-25,17시경,경상,남,74세,이륜차,상해없음,여,45세,자전거,경상,차대차 - 측면직각충돌,안전운전불이행,비,0,1
2015,서울특별시 성북구5,서울특별시 성북구 상월곡동(월곡중학교앞 부근),2015-10-22,18시경,경상,여,8세,자전거,경상,남,62세,승용차,상해없음,차대차 - 측면직각충돌,불법유턴,흐림,0,1
2015,서울특별시 성북구1,서울특별시 성북구 석관동(돌곶이역 부근),2015-05-20,19시경,경상,남,63세,승용차,기타불명,남,34세,자전거,경상,차대차 - 추돌 - 주정차중,기타,맑음,0,1
2015,서울특별시 성북구1,서울특별시 성북구 석관동(돌곶이역 부근),2015-05-23,12시경,중상,남,57세,승합차,상해없음,남,14세,자전거,중상,차대차 - 측면직각충돌,신호위반,맑음,0,1
2015,서울특별시 성북구1,서울특별시 성북구 석관동(돌곶이역 부근),2015-06-19,15시경,중상,남,16세,원동기장치자전거,상해없음,여,65세,자전거,중상,차대차 - 측면직각충돌,안전운전불이행,맑음,0,1
2015,서울특별시 성북구1,서울특별시 성북구 석관동(돌곶이역 부근),2015-12-09,17시경,경상,남,66세,이륜차,상해없음,여,67세,자전거,경상,차대차 - 측면직각충돌,신호위반,맑음,0,1
2015,서울특별시 성북구1,서울특별시 성북구 석관동(돌곶이역 부근),2015-03-30,17시경,중상,남,17세,자전거,중상,남,36세,승용차,상해없음,차대차 - 측면직각충돌,교차로운행방법위반,맑음,0,1
2015,서울특별시 성북구1,서울특별시 성북구 석관동(돌곶이역 부근),2015-11-19,17시경,부상신고,남,34세,자전거,부상신고,남,61세,승용차,상해없음,차대차 - 측면직각충돌,신호위반,맑음,0,1
2015,서울특별시 성북구1,서울특별시 성북구 석관동(돌곶이역 부근),2015-01-30,09시경,중상,남,50세,자전거,중상,남,34세,화물차,상해없음,차대차 - 추돌 - 진행중,안전운전불이행,맑음,0,1
2015,서울특별시 성북구1,서울특별시 성북구 석관동(돌곶이역 부근),2015-10-26,16시경,중상,남,76세,자전거,중상,남,53세,승합차,상해없음,차대차 - 측면직각충돌,안전운전불이행,흐림,0,1
2015,서울특별시 강북구4,서울특별시 강북구 미아동(미아4동지구대 부근),2015-08-19,01시경,경상,남,30세,승용차,상해없음,남,34세,자전거,경상,차대차 - 기타,안전운전불이행,맑음,0,1
2015,서울특별시 강북구4,서울특별시 강북구 미아동(미아4동지구대 부근),2015-10-24,17시경,중상,남,69세,승용차,상해없음,남,24세,자전거,중상,차대차 - 측면직각충돌,신호위반,맑음,0,1
2015,서울특별시 강북구4,서울특별시 강북구 미아동(미아4동지구대 부근),2015-08-18,06시경,경상,남,72세,승용차,상해없음,남,59세,자전거,경상,차대차 - 기타,기타,맑음,0,1
2015,서울특별시 강북구4,서울특별시 강북구 미아동(미아4동지구대 부근),2015-10-09,20시경,경상,기타불명,불명,자전거,기타불명,남,86세,자전거,경상,차대차 - 추돌 - 진행중,안전운전불이행,맑음,0,1
2015,서울특별시 강북구4,서울특별시 강북구 미아동(미아4동지구대 부근),2015-07-14,17시경,중상,남,15세,자전거,중상,남,46세,승용차,상해없음,차대차 - 측면직각충돌,안전운전불이행,맑음,0,1
2015,서울특별시 강북구4,서울특별시 강북구 미아동(미아4동지구대 부근),2015-04-25,13시경,경상,남,55세,화물차,상해없음,남,70세,자전거,경상,차대차 - 기타,기타,맑음,0,1
2015,서울특별시 강북구8,서울특별시 강북구 미아동(삼양주유소앞 부근),2015-09-05,23시경,경상,남,47세,승용차,상해없음,남,75세,자전거,경상,차대차 - 기타,기타,맑음,0,1
2015,서울특별시 강북구8,서울특별시 강북구 미아동(삼양주유소앞 부근),2015-04-13,08시경,경상,남,47세,승용차,상해없음,여,53세,자전거,경상,차대차 - 추돌 - 진행중,안전운전불이행,맑음,0,1
2015,서울특별시 강북구8,서울특별시 강북구 미아동(삼양주유소앞 부근),2015-07-09,19시경,경상,남,63세,승용차,상해없음,여,43세,자전거,상해없음,차대차 - 측면직각충돌,교차로운행방법위반,맑음,0,2
2015,서울특별시 강북구8,서울특별시 강북구 미아동(삼양주유소앞 부근),2015-10-31,14시경,경상,남,64세,승용차,상해없음,남,16세,자전거,경상,차대차 - 측면직각충돌,기타,맑음,0,1
2015,서울특별시 강북구9,서울특별시 강북구 미아동(미아삼거리역 부근),2015-07-16,22시경,경상,남,50세,승용차,상해없음,여,46세,자전거,경상,차대차 - 기타,기타,맑음,0,1
2015,서울특별시 강북구9,서울특별시 강북구 미아동(미아삼거리역 부근),2015-06-27,23시경,경상,남,64세,승용차,상해없음,여,21세,자전거,경상,차대차 - 기타,기타,맑음,0,1
2015,서울특별시 강북구9,서울특별시 강북구 미아동(미아삼거리역 부근),2015-05-26,22시경,부상신고,남,72세,승용차,상해없음,남,21세,자전거,부상신고,차대차 - 측면직각충돌,기타,맑음,0,1
2015,서울특별시 강북구9,서울특별시 강북구 미아동(미아삼거리역 부근),2015-07-03,16시경,경상,여,51세,자전거,경상,남,35세,승용차,상해없음,차대차 - 기타,중앙선침범,맑음,0,1
2015,서울특별시 강북구2,서울특별시 강북구 번동(번동사거리_한천로_진출_2 부근),2015-08-07,05시경,경상,남,43세,승용차,상해없음,남,58세,자전거,경상,차대차 - 측면직각충돌,안전운전불이행,흐림,0,1
2015,서울특별시 강북구2,서울특별시 강북구 번동(번동사거리_한천로_진출_2 부근),2015-08-10,13시경,중상,남,57세,승용차,상해없음,여,48세,자전거,중상,차대차 - 기타,안전운전불이행,맑음,0,2
2015,서울특별시 강북구2,서울특별시 강북구 번동(번동사거리_한천로_진출_2 부근),2015-01-20,10시경,중상,남,55세,승합차,상해없음,남,75세,자전거,중상,차대차 - 기타,안전운전불이행,맑음,0,1
2015,서울특별시 강북구2,서울특별시 강북구 번동(번동사거리_한천로_진출_2 부근),2015-06-25,15시경,사망,남,41세,원동기장치자전거,상해없음,남,59세,자전거,사망,차대차 - 기타,안전운전불이행,맑음,1,0
2015,서울특별시 강북구2,서울특별시 강북구 번동(번동사거리_한천로_진출_2 부근),2015-09-27,15시경,경상,남,10세,자전거,경상,남,19세,이륜차,상해없음,차대차 - 측면직각충돌,안전운전불이행,맑음,0,1
2015,서울특별시 강북구2,서울특별시 강북구 번동(번동사거리_한천로_진출_2 부근),2015-05-25,20시경,부상신고,남,76세,자전거,부상신고,남,52세,자전거,상해없음,차대차 - 측면직각충돌,안전거리미확보,맑음,0,1
2015,서울특별시 강북구2,서울특별시 강북구 번동(번동사거리_한천로_진출_2 부근),2015-07-24,16시경,중상,남,53세,화물차,상해없음,남,74세,자전거,중상,차대차 - 기타,기타,비,0,1
2015,서울특별시 강북구3,서울특별시 강북구 번동(금보빌딩 부근),2015-02-12,16시경,경상,여,53세,승용차,상해없음,여,8세,자전거,경상,차대차 - 측면직각충돌,안전운전불이행,맑음,0,1
2015,서울특별시 강북구3,서울특별시 강북구 번동(금보빌딩 부근),2015-09-22,14시경,중상,남,62세,승합차,상해없음,남,77세,자전거,중상,차대차 - 추돌 - 진행중,안전운전불이행,맑음,0,1
2015,서울특별시 강북구3,서울특별시 강북구 번동(금보빌딩 부근),2015-09-13,22시경,중상,남,30세,원동기장치자전거,중상,남,17세,자전거,상해없음,차대차 - 측면직각충돌,신호위반,맑음,0,1
2015,서울특별시 강북구3,서울특별시 강북구 번동(금보빌딩 부근),2015-05-31,17시경,중상,남,11세,자전거,중상,여,42세,승용차,상해없음,차대차 - 기타,교차로운행방법위반,맑음,0,1
2015,서울특별시 강북구3,서울특별시 강북구 번동(금보빌딩 부근),2015-12-06,10시경,경상,남,85세,자전거,경상,남,46세,승합차,상해없음,차대차 - 측면직각충돌,안전운전불이행,맑음,0,1
2015,서울특별시 강북구3,서울특별시 강북구 번동(금보빌딩 부근),2015-02-08,16시경,경상,여,70세,자전거,경상,남,32세,승용차,상해없음,차대차 - 측면직각충돌,안전운전불이행,맑음,0,1
2015,서울특별시 강북구3,서울특별시 강북구 번동(금보빌딩 부근),2015-09-04,18시경,중상,남,53세,화물차,상해없음,남,80세,자전거,중상,차대차 - 기타,신호위반,맑음,0,1
2015,서울특별시 강북구6,서울특별시 강북구 번동(김홍석치과 부근),2015-09-11,13시경,중상,남,52세,건설기계,상해없음,남,75세,자전거,중상,차대차 - 추돌 - 진행중,안전거리미확보,맑음,0,1
2015,서울특별시 강북구6,서울특별시 강북구 번동(김홍석치과 부근),2015-09-04,02시경,중상,남,23세,승용차,상해없음,남,18세,자전거,중상,차대차 - 측면직각충돌,안전운전불이행,맑음,0,1
2015,서울특별시 강북구6,서울특별시 강북구 번동(김홍석치과 부근),2015-10-02,08시경,경상,남,44세,승용차,상해없음,남,14세,자전거,경상,차대차 - 측면직각충돌,안전운전불이행,맑음,0,1
2015,서울특별시 강북구6,서울특별시 강북구 번동(김홍석치과 부근),2015-03-09,13시경,경상,남,49세,승용차,상해없음,여,70세,자전거,경상,차대차 - 측면직각충돌,안전운전불이행,맑음,0,1
2015,서울특별시 강북구6,서울특별시 강북구 번동(김홍석치과 부근),2015-07-30,23시경,부상신고,남,59세,승용차,상해없음,남,30세,자전거,부상신고,차대차 - 기타,기타,맑음,0,1
2015,서울특별시 강북구1,서울특별시 강북구 수유동(우이교사거리 부근),2015-04-25,21시경,중상,남,36세,승용차,상해없음,남,66세,자전거,중상,차대차 - 측면직각충돌,기타,맑음,0,1
2015,서울특별시 강북구1,서울특별시 강북구 수유동(우이교사거리 부근),2015-10-11,13시경,중상,남,52세,승용차,상해없음,남,70세,자전거,중상,차대차 - 기타,신호위반,맑음,0,1
2015,서울특별시 강북구1,서울특별시 강북구 수유동(우이교사거리 부근),2015-03-13,16시경,중상,남,56세,승용차,상해없음,남,47세,자전거,중상,차대차 - 추돌 - 진행중,안전운전불이행,맑음,0,1
2015,서울특별시 강북구1,서울특별시 강북구 수유동(우이교사거리 부근),2015-08-30,17시경,중상,남,60세,승용차,상해없음,남,15세,자전거,중상,차대차 - 측면직각충돌,안전운전불이행,흐림,0,1
2015,서울특별시 강북구1,서울특별시 강북구 수유동(우이교사거리 부근),2015-10-20,10시경,사망,여,43세,승용차,상해없음,남,83세,자전거,사망,차대차 - 기타,안전운전불이행,맑음,1,0
2015,서울특별시 강북구1,서울특별시 강북구 수유동(우이교사거리 부근),2015-05-31,21시경,경상,남,65세,자전거,경상,남,43세,승용차,상해없음,차대차 - 측면직각충돌,안전거리미확보,맑음,0,1
2015,서울특별시 강북구1,서울특별시 강북구 수유동(우이교사거리 부근),2015-08-11,23시경,경상,남,68세,자전거,경상,여,50세,자전거,상해없음,차대차 - 측면직각충돌,신호위반,맑음,0,1
2015,서울특별시 강북구1,서울특별시 강북구 수유동(우이교사거리 부근),2015-06-21,07시경,중상,여,44세,자전거,중상,남,60세,화물차,상해없음,차대차 - 측면직각충돌,중앙선침범,맑음,0,1
2015,서울특별시 강북구5,서울특별시 강북구 수유동(우이초등교앞 부근),2015-06-27,22시경,중상,기타불명,불명,원동기장치자전거,기타불명,남,40세,자전거,중상,차대차 - 정면충돌,교차로운행방법위반,맑음,0,1
2015,서울특별시 강북구5,서울특별시 강북구 수유동(우이초등교앞 부근),2015-03-30,19시경,경상,남,18세,원동기장치자전거,경상,남,11세,자전거,경상,차대차 - 정면충돌,교차로운행방법위반,맑음,0,2
2015,서울특별시 강북구5,서울특별시 강북구 수유동(우이초등교앞 부근),2015-01-06,11시경,경상,남,11세,자전거,경상,남,59세,승용차,상해없음,차대차 - 측면직각충돌,불법유턴,맑음,0,1
2015,서울특별시 강북구5,서울특별시 강북구 수유동(우이초등교앞 부근),2015-07-28,16시경,경상,남,14세,자전거,상해없음,남,7세,보행자,경상,차대사람 - 보도통행중,기타,맑음,0,1
2015,서울특별시 강북구5,서울특별시 강북구 수유동(우이초등교앞 부근),2015-01-31,16시경,경상,남,46세,자전거,경상,여,45세,승용차,상해없음,차대차 - 측면직각충돌,안전운전불이행,맑음,0,1
2015,서울특별시 강북구5,서울특별시 강북구 수유동(우이초등교앞 부근),2015-08-20,11시경,경상,남,61세,자전거,상해없음,여,58세,보행자,경상,차대사람 - 보도통행중,기타,흐림,0,1
2015,서울특별시 강북구7,서울특별시 강북구 수유동(원일빌딩 부근),2015-09-19,20시경,경상,남,51세,승용차,상해없음,여,50세,자전거,경상,차대차 - 측면직각충돌,안전운전불이행,맑음,0,1
2015,서울특별시 강북구7,서울특별시 강북구 수유동(원일빌딩 부근),2015-11-09,12시경,경상,남,73세,승용차,상해없음,남,76세,자전거,경상,차대차 - 측면직각충돌,안전운전불이행,맑음,0,1
2015,서울특별시 강북구7,서울특별시 강북구 수유동(원일빌딩 부근),2015-06-26,17시경,중상,남,17세,자전거,중상,남,52세,승합차,상해없음,차대차 - 측면직각충돌,안전운전불이행,맑음,0,1
2015,서울특별시 강북구7,서울특별시 강북구 수유동(원일빌딩 부근),2015-06-11,17시경,중상,여,65세,자전거,중상,남,37세,화물차,상해없음,차대차 - 측면직각충돌,중앙선침범,맑음,0,1
2015,서울특별시 도봉구2,서울특별시 도봉구 쌍문동(방학프라자 부근),2015-11-09,18시경,부상신고,기타불명,불명,승용차,기타불명,남,60세,자전거,부상신고,차대차 - 측면직각충돌,기타,맑음,0,1
2015,서울특별시 도봉구2,서울특별시 도봉구 쌍문동(방학프라자 부근),2015-06-01,11시경,중상,남,57세,승용차,상해없음,남,74세,자전거,중상,차대차 - 정면충돌,안전운전불이행,맑음,0,1
2015,서울특별시 도봉구2,서울특별시 도봉구 쌍문동(방학프라자 부근),2015-08-20,06시경,중상,남,62세,승용차,상해없음,여,47세,자전거,중상,차대차 - 기타,신호위반,맑음,0,2
2015,서울특별시 도봉구2,서울특별시 도봉구 쌍문동(방학프라자 부근),2015-07-23,13시경,경상,여,50세,승용차,상해없음,여,57세,자전거,경상,차대차 - 측면직각충돌,안전운전불이행,맑음,0,1
2015,서울특별시 도봉구2,서울특별시 도봉구 쌍문동(방학프라자 부근),2015-04-22,13시경,중상,남,58세,원동기장치자전거,상해없음,여,53세,자전거,중상,차대차 - 측면직각충돌,안전운전불이행,맑음,0,1
2015,서울특별시 도봉구2,서울특별시 도봉구 쌍문동(방학프라자 부근),2015-05-29,18시경,부상신고,남,33세,자전거,상해없음,여,17세,보행자,부상신고,차대사람 - 횡단중,중앙선침범,맑음,0,1
2015,서울특별시 도봉구5,서울특별시 도봉구 쌍문동(소피아관광호텔 부근),2015-07-28,09시경,경상,여,45세,승용차,상해없음,남,27세,자전거,경상,차대차 - 측면직각충돌,안전운전불이행,맑음,0,1
2015,서울특별시 도봉구5,서울특별시 도봉구 쌍문동(소피아관광호텔 부근),2015-09-08,19시경,경상,남,15세,자전거,상해없음,남,66세,보행자,경상,차대사람 - 기타,신호위반,맑음,0,1
2015,서울특별시 도봉구5,서울특별시 도봉구 쌍문동(소피아관광호텔 부근),2015-01-06,09시경,중상,남,73세,자전거,중상,남,41세,원동기장치자전거,상해없음,차대차 - 측면직각충돌,안전거리미확보,맑음,0,1
2015,서울특별시 도봉구5,서울특별시 도봉구 쌍문동(소피아관광호텔 부근),2015-03-18,07시경,부상신고,남,77세,자전거,부상신고,남,36세,승용차,상해없음,차대차 - 측면직각충돌,안전운전불이행,흐림,0,1
2015,서울특별시 도봉구5,서울특별시 도봉구 쌍문동(소피아관광호텔 부근),2015-02-17,12시경,중상,남,42세,화물차,상해없음,남,71세,자전거,중상,차대차 - 측면직각충돌,안전운전불이행,맑음,0,1
2015,서울특별시 도봉구3,서울특별시 도봉구 방학동(도봉소방서 부근),2015-09-03,10시경,경상,남,58세,승용차,상해없음,남,71세,자전거,경상,차대차 - 측면직각충돌,직진우회전진행방해,맑음,0,1
2015,서울특별시 도봉구3,서울특별시 도봉구 방학동(도봉소방서 부근),2015-02-27,17시경,중상,여,39세,승용차,상해없음,남,18세,자전거,중상,차대차 - 기타,교차로운행방법위반,맑음,0,1
2015,서울특별시 도봉구3,서울특별시 도봉구 방학동(도봉소방서 부근),2015-01-20,13시경,중상,여,40세,승용차,상해없음,여,67세,자전거,중상,차대차 - 측면직각충돌,교차로운행방법위반,맑음,0,1
2015,서울특별시 도봉구3,서울특별시 도봉구 방학동(도봉소방서 부근),2015-04-11,08시경,중상,남,68세,승합차,상해없음,여,56세,자전거,중상,차대차 - 추돌 - 진행중,안전운전불이행,맑음,0,1
2015,서울특별시 도봉구3,서울특별시 도봉구 방학동(도봉소방서 부근),2015-10-03,19시경,부상신고,남,72세,자전거,부상신고,남,56세,승용차,상해없음,차대차 - 기타,신호위반,맑음,0,1
2015,서울특별시 도봉구3,서울특별시 도봉구 방학동(도봉소방서 부근),2015-06-22,18시경,부상신고,여,71세,자전거,부상신고,남,48세,승용차,상해없음,차대차 - 추돌 - 진행중,안전운전불이행,맑음,0,1
2015,서울특별시 도봉구6,서울특별시 도봉구 방학동(쌍문동성원아파트 부근),2015-09-16,18시경,중상,남,48세,승용차,상해없음,남,35세,자전거,중상,차대차 - 측면직각충돌,안전운전불이행,맑음,0,1
2015,서울특별시 도봉구6,서울특별시 도봉구 방학동(쌍문동성원아파트 부근),2015-08-20,21시경,중상,남,14세,자전거,상해없음,여,57세,자전거,중상,차대차 - 측면직각충돌,안전운전불이행,맑음,0,1
2015,서울특별시 도봉구6,서울특별시 도봉구 방학동(쌍문동성원아파트 부근),2015-10-19,07시경,부상신고,남,18세,자전거,상해없음,여,14세,보행자,부상신고,차대사람 - 차도통행중,안전운전불이행,맑음,0,1
2015,서울특별시 도봉구6,서울특별시 도봉구 방학동(쌍문동성원아파트 부근),2015-05-13,19시경,경상,남,70세,자전거,경상,남,17세,원동기장치자전거,경상,차대차 - 측면직각충돌,불법유턴,맑음,0,2
2015,서울특별시 도봉구7,서울특별시 도봉구 방학동(창동중교 부근),2015-05-13,18시경,중상,남,56세,건설기계,상해없음,여,49세,자전거,중상,차대차 - 추돌 - 진행중,중앙선침범,맑음,0,1
2015,서울특별시 도봉구7,서울특별시 도봉구 방학동(창동중교 부근),2015-10-27,06시경,경상,남,56세,승용차,상해없음,남,71세,자전거,경상,차대차 - 추돌 - 진행중,안전운전불이행,비,0,1
2015,서울특별시 도봉구7,서울특별시 도봉구 방학동(창동중교 부근),2015-09-19,09시경,경상,여,30세,승용차,상해없음,남,80세,자전거,경상,차대차 - 측면직각충돌,신호위반,맑음,0,1
2015,서울특별시 도봉구7,서울특별시 도봉구 방학동(창동중교 부근),2015-07-20,05시경,경상,남,39세,승합차,상해없음,남,63세,자전거,경상,차대차 - 기타,안전운전불이행,맑음,0,1
2015,서울특별시 도봉구1,서울특별시 도봉구 창동(노원구-도봉구경계(4) 부근),2015-11-30,04시경,중상,남,47세,승용차,상해없음,남,53세,자전거,중상,차대차 - 측면직각충돌,안전운전불이행,맑음,0,1
2015,서울특별시 도봉구1,서울특별시 도봉구 창동(노원구-도봉구경계(4) 부근),2015-07-28,19시경,경상,여,36세,승용차,상해없음,남,16세,자전거,경상,차대차 - 기타,안전운전불이행,맑음,0,1
2015,서울특별시 도봉구1,서울특별시 도봉구 창동(노원구-도봉구경계(4) 부근),2015-06-03,15시경,부상신고,남,17세,자전거,부상신고,남,71세,승용차,상해없음,차대차 - 측면직각충돌,안전운전불이행,맑음,0,1
2015,서울특별시 도봉구1,서울특별시 도봉구 창동(노원구-도봉구경계(4) 부근),2015-05-30,18시경,중상,남,27세,자전거,기타불명,남,39세,보행자,중상,차대사람 - 기타,기타,맑음,0,1
2015,서울특별시 도봉구1,서울특별시 도봉구 창동(노원구-도봉구경계(4) 부근),2015-07-17,20시경,경상,남,42세,자전거,부상신고,남,16세,자전거,경상,차대차 - 추돌 - 진행중,안전운전불이행,맑음,0,2
2015,서울특별시 도봉구1,서울특별시 도봉구 창동(노원구-도봉구경계(4) 부근),2015-05-16,20시경,경상,여,10세,자전거,상해없음,남,24세,자전거,경상,차대차 - 정면충돌,안전운전불이행,맑음,0,1
2015,서울특별시 도봉구1,서울특별시 도봉구 창동(노원구-도봉구경계(4) 부근),2015-07-10,16시경,부상신고,여,53세,자전거,부상신고,남,17세,자전거,상해없음,차대차 - 측면직각충돌,안전운전불이행,맑음,0,1
2015,서울특별시 도봉구1,서울특별시 도봉구 창동(노원구-도봉구경계(4) 부근),2015-12-18,14시경,경상,남,53세,화물차,상해없음,여,54세,자전거,경상,차대차 - 측면직각충돌,안전운전불이행,맑음,0,1
2015,서울특별시 도봉구1,서울특별시 도봉구 창동(노원구-도봉구경계(4) 부근),2015-06-03,11시경,중상,남,57세,화물차,상해없음,여,63세,자전거,중상,차대차 - 측면직각충돌,안전운전불이행,맑음,0,1
2015,서울특별시 도봉구4,서울특별시 도봉구 창동(남대문약국 부근),2015-10-12,07시경,경상,남,33세,승용차,상해없음,남,67세,자전거,경상,차대차 - 측면직각충돌,직진우회전진행방해,맑음,0,1
2015,서울특별시 도봉구4,서울특별시 도봉구 창동(남대문약국 부근),2015-05-06,10시경,경상,남,46세,승용차,상해없음,남,58세,자전거,경상,차대차 - 추돌 - 진행중,안전운전불이행,맑음,0,1
2015,서울특별시 도봉구4,서울특별시 도봉구 창동(남대문약국 부근),2015-06-16,12시경,중상,남,31세,이륜차,상해없음,여,66세,자전거,중상,차대차 - 측면직각충돌,안전운전불이행,맑음,0,1
2015,서울특별시 도봉구4,서울특별시 도봉구 창동(남대문약국 부근),2015-05-11,18시경,경상,남,22세,자전거,상해없음,남,62세,보행자,경상,차대사람 - 기타,안전운전불이행,비,0,1
2015,서울특별시 도봉구4,서울특별시 도봉구 창동(남대문약국 부근),2015-08-15,22시경,경상,남,33세,자전거,상해없음,여,58세,보행자,경상,차대사람 - 기타,안전운전불이행,맑음,0,1
2015,서울특별시 도봉구4,서울특별시 도봉구 창동(남대문약국 부근),2015-09-27,07시경,부상신고,남,64세,자전거,부상신고,남,52세,승용차,상해없음,차대차 - 측면직각충돌,불법유턴,맑음,0,1
2015,서울특별시 도봉구8,서울특별시 도봉구 도봉동(도봉산교회 부근),2015-10-30,15시경,경상,남,16세,자전거,상해없음,남,72세,자전거,경상,차대차 - 정면충돌,안전운전불이행,맑음,0,1
2015,서울특별시 도봉구8,서울특별시 도봉구 도봉동(도봉산교회 부근),2015-10-04,01시경,부상신고,남,49세,자전거,부상신고,남,56세,승용차,상해없음,차대차 - 측면직각충돌,불법유턴,맑음,0,1
2015,서울특별시 도봉구8,서울특별시 도봉구 도봉동(도봉산교회 부근),2015-10-27,15시경,경상,남,55세,자전거,상해없음,남,52세,자전거,경상,차대차 - 정면충돌,안전운전불이행,맑음,0,1
2015,서울특별시 도봉구8,서울특별시 도봉구 도봉동(도봉산교회 부근),2015-12-26,17시경,중상,여,62세,자전거,중상,여,57세,승용차,상해없음,차대차 - 측면직각충돌,안전운전불이행,맑음,0,1
2015,서울특별시 도봉구9,서울특별시 도봉구 도봉동(메인프라자 부근),2015-11-04,06시경,경상,남,35세,승용차,상해없음,여,61세,자전거,경상,차대차 - 측면직각충돌,안전운전불이행,맑음,0,1
2015,서울특별시 도봉구9,서울특별시 도봉구 도봉동(메인프라자 부근),2015-05-27,07시경,경상,남,41세,승합차,상해없음,남,18세,자전거,경상,차대차 - 측면직각충돌,안전운전불이행,맑음,0,1
2015,서울특별시 도봉구9,서울특별시 도봉구 도봉동(메인프라자 부근),2015-06-19,15시경,부상신고,남,15세,자전거,부상신고,남,72세,승용차,상해없음,차대차 - 측면직각충돌,안전운전불이행,맑음,0,1
2015,서울특별시 도봉구9,서울특별시 도봉구 도봉동(메인프라자 부근),2015-05-15,14시경,경상,여,60세,자전거,경상,남,61세,승용차,상해없음,차대차 - 측면직각충돌,안전운전불이행,맑음,0,1
2015,서울특별시 노원구5,서울특별시 노원구 월계동(석계역환승주차장 부근),2015-11-22,22시경,중상,여,44세,승용차,상해없음,여,49세,자전거,중상,차대차 - 기타,안전운전불이행,비,0,1
2015,서울특별시 노원구5,서울특별시 노원구 월계동(석계역환승주차장 부근),2015-03-22,12시경,중상,남,12세,자전거,상해없음,남,79세,자전거,중상,차대차 - 기타,안전운전불이행,맑음,0,1
2015,서울특별시 노원구5,서울특별시 노원구 월계동(석계역환승주차장 부근),2015-01-27,18시경,부상신고,남,51세,자전거,부상신고,여,52세,자전거,기타불명,차대차 - 측면직각충돌,안전운전불이행,맑음,0,1
2015,서울특별시 노원구5,서울특별시 노원구 월계동(석계역환승주차장 부근),2015-10-07,18시경,중상,여,23세,자전거,중상,남,65세,승용차,상해없음,차대차 - 측면직각충돌,교차로운행방법위반,맑음,0,1
2015,서울특별시 노원구5,서울특별시 노원구 월계동(석계역환승주차장 부근),2015-06-26,22시경,중상,여,28세,자전거,중상,남,55세,승합차,상해없음,차대차 - 측면직각충돌,신호위반,맑음,0,1
2015,서울특별시 노원구5,서울특별시 노원구 월계동(석계역환승주차장 부근),2015-05-10,08시경,사망,여,53세,자전거,사망,없음,불명,없음,없음,차량단독 - 기타,안전운전불이행,맑음,1,0
2015,서울특별시 노원구6,서울특별시 노원구 월계동(월계2교(남단) 부근),2015-09-03,22시경,경상,기타불명,불명,불명,기타불명,남,58세,자전거,경상,차대차 - 기타,안전운전불이행,맑음,0,1
2015,서울특별시 노원구6,서울특별시 노원구 월계동(월계2교(남단) 부근),2015-07-21,18시경,경상,남,14세,자전거,경상,여,39세,승용차,상해없음,차대차 - 측면직각충돌,중앙선침범,맑음,0,1
2015,서울특별시 노원구6,서울특별시 노원구 월계동(월계2교(남단) 부근),2015-11-01,12시경,부상신고,남,14세,자전거,부상신고,남,54세,승합차,상해없음,차대차 - 측면직각충돌,안전운전불이행,맑음,0,1
2015,서울특별시 노원구6,서울특별시 노원구 월계동(월계2교(남단) 부근),2015-12-12,13시경,경상,남,22세,자전거,상해없음,여,58세,보행자,경상,차대사람 - 횡단중,안전운전불이행,맑음,0,1
2015,서울특별시 노원구6,서울특별시 노원구 월계동(월계2교(남단) 부근),2015-11-17,18시경,중상,남,80세,자전거,중상,남,61세,승용차,상해없음,차대차 - 측면직각충돌,중앙선침범,맑음,0,1
2015,서울특별시 노원구6,서울특별시 노원구 월계동(월계2교(남단) 부근),2015-08-11,16시경,경상,남,46세,화물차,상해없음,남,76세,자전거,경상,차대차 - 기타,신호위반,흐림,0,1
2015,서울특별시 노원구8,서울특별시 노원구 월계동(진아교통 부근),2015-07-11,17시경,경상,여,57세,승용차,상해없음,남,45세,자전거,경상,차대차 - 측면직각충돌,신호위반,맑음,0,1
2015,서울특별시 노원구8,서울특별시 노원구 월계동(진아교통 부근),2015-04-25,11시경,부상신고,남,10세,자전거,부상신고,남,30세,자전거,부상신고,차대차 - 측면직각충돌,안전운전불이행,맑음,0,2
2015,서울특별시 노원구8,서울특별시 노원구 월계동(진아교통 부근),2015-07-14,11시경,경상,남,52세,자전거,상해없음,여,23세,자전거,경상,차대차 - 추돌 - 진행중,안전운전불이행,맑음,0,1
2015,서울특별시 노원구8,서울특별시 노원구 월계동(진아교통 부근),2015-04-09,14시경,사망,남,86세,자전거,사망,남,56세,승용차,상해없음,차대차 - 기타,중앙선침범,맑음,1,0
2015,서울특별시 노원구11,서울특별시 노원구 공릉동(공릉동부아파트 부근),2015-11-19,18시경,중상,남,73세,승용차,상해없음,남,57세,자전거,중상,차대차 - 기타,신호위반,맑음,0,1
2015,서울특별시 노원구11,서울특별시 노원구 공릉동(공릉동부아파트 부근),2015-04-02,12시경,부상신고,남,21세,이륜차,상해없음,남,19세,자전거,부상신고,차대차 - 측면직각충돌,안전운전불이행,맑음,0,1
2015,서울특별시 노원구11,서울특별시 노원구 공릉동(공릉동부아파트 부근),2015-09-21,22시경,부상신고,남,14세,자전거,부상신고,남,34세,승용차,상해없음,차대차 - 정면충돌,중앙선침범,맑음,0,1