사고년도,다발시군구,지점명,사고일시,사고시간대,사고등급,가해자성별,가해자연령,가해차종,가해자신체상해정도,피해자성별,피해자연령,피해차종,피해자신체상해정도,사고유형,가해자법규위반,기상상태,사망자수,부상자수
2015,서울특별시 노원구11,서울특별시 노원구 공릉동(공릉동부아파트 부근),2015-06-17,19시경,부상신고,남,23세,자전거,부상신고,남,27세,승용차,상해없음,차대차 - 측면직각충돌,신호위반,맑음,0,1
2015,서울특별시 노원구4,서울특별시 노원구 하계동(동부간선도로-월계로램프(3) 부근),2015-03-23,07시경,경상,기타불명,불명,승용차,기타불명,남,15세,자전거,경상,차대차 - 측면직각충돌,안전운전불이행,맑음,0,1
2015,서울특별시 노원구4,서울특별시 노원구 하계동(동부간선도로-월계로램프(3) 부근),2015-01-22,18시경,경상,남,34세,승용차,상해없음,남,17세,자전거,경상,차대차 - 측면직각충돌,안전운전불이행,맑음,0,1
2015,서울특별시 노원구4,서울특별시 노원구 하계동(동부간선도로-월계로램프(3) 부근),2015-04-25,18시경,경상,남,37세,승합차,상해없음,남,42세,자전거,경상,차대차 - 측면직각충돌,안전거리미확보,맑음,0,1
2015,서울특별시 노원구4,서울특별시 노원구 하계동(동부간선도로-월계로램프(3) 부근),2015-09-03,20시경,중상,남,13세,자전거,중상,남,20세,보행자,상해없음,차대사람 - 보도통행중,안전운전불이행,맑음,0,1
2015,서울특별시 노원구4,서울특별시 노원구 하계동(동부간선도로-월계로램프(3) 부근),2015-08-02,17시경,중상,남,41세,자전거,상해없음,여,60세,자전거,중상,차대차 - 측면직각충돌,안전운전불이행,맑음,0,1
2015,서울특별시 노원구4,서울특별시 노원구 하계동(동부간선도로-월계로램프(3) 부근),2015-06-07,21시경,경상,여,53세,자전거,상해없음,남,19세,자전거,경상,차대차 - 기타,안전운전불이행,맑음,0,1
2015,서울특별시 노원구4,서울특별시 노원구 하계동(동부간선도로-월계로램프(3) 부근),2015-09-12,18시경,사망,여,56세,자전거,사망,없음,불명,없음,없음,차량단독 - 전도전복,안전운전불이행,맑음,1,0
2015,서울특별시 노원구2,서울특별시 노원구 상계동(상계7~9단지_노원길_진입_1 부근),2015-09-14,18시경,경상,남,52세,승용차,상해없음,여,21세,자전거,경상,차대차 - 기타,안전운전불이행,맑음,0,1
2015,서울특별시 노원구2,서울특별시 노원구 상계동(상계7~9단지_노원길_진입_1 부근),2015-04-07,14시경,경상,남,67세,승용차,상해없음,남,11세,자전거,경상,차대차 - 기타,안전운전불이행,맑음,0,1
2015,서울특별시 노원구2,서울특별시 노원구 상계동(상계7~9단지_노원길_진입_1 부근),2015-04-04,12시경,경상,남,67세,승용차,상해없음,남,46세,자전거,경상,차대차 - 측면직각충돌,신호위반,맑음,0,1
2015,서울특별시 노원구2,서울특별시 노원구 상계동(상계7~9단지_노원길_진입_1 부근),2015-06-06,19시경,경상,남,73세,승용차,상해없음,남,43세,자전거,경상,차대차 - 기타,안전운전불이행,맑음,0,1
2015,서울특별시 노원구2,서울특별시 노원구 상계동(상계7~9단지_노원길_진입_1 부근),2015-05-28,21시경,부상신고,여,50세,승용차,상해없음,남,55세,자전거,부상신고,차대차 - 측면직각충돌,안전운전불이행,맑음,0,1
2015,서울특별시 노원구2,서울특별시 노원구 상계동(상계7~9단지_노원길_진입_1 부근),2015-09-09,22시경,부상신고,남,14세,자전거,부상신고,남,46세,승용차,상해없음,차대차 - 측면직각충돌,안전운전불이행,맑음,0,1
2015,서울특별시 노원구2,서울특별시 노원구 상계동(상계7~9단지_노원길_진입_1 부근),2015-08-28,21시경,중상,남,19세,자전거,부상신고,남,17세,이륜차,중상,차대차 - 측면직각충돌,중앙선침범,맑음,0,2
2015,서울특별시 노원구2,서울특별시 노원구 상계동(상계7~9단지_노원길_진입_1 부근),2015-06-03,11시경,경상,남,50세,자전거,상해없음,여,17세,보행자,경상,차대사람 - 기타,안전운전불이행,맑음,0,1
2015,서울특별시 노원구2,서울특별시 노원구 상계동(상계7~9단지_노원길_진입_1 부근),2015-07-08,13시경,경상,여,39세,자전거,경상,남,25세,승용차,상해없음,차대차 - 기타,안전운전불이행,비,0,1
2015,서울특별시 노원구3,서울특별시 노원구 상계동(상계역입구 부근),2015-06-01,08시경,경상,남,45세,승용차,상해없음,여,48세,자전거,경상,차대차 - 측면직각충돌,신호위반,맑음,0,1
2015,서울특별시 노원구3,서울특별시 노원구 상계동(상계역입구 부근),2015-07-04,09시경,중상,남,74세,승용차,상해없음,남,35세,자전거,중상,차대차 - 기타,기타,맑음,0,1
2015,서울특별시 노원구3,서울특별시 노원구 상계동(상계역입구 부근),2015-08-27,09시경,중상,기타불명,불명,승합차,기타불명,여,61세,자전거,중상,차대차 - 기타,안전운전불이행,맑음,0,1
2015,서울특별시 노원구3,서울특별시 노원구 상계동(상계역입구 부근),2015-09-05,20시경,부상신고,남,14세,자전거,상해없음,여,11세,자전거,부상신고,차대차 - 측면직각충돌,안전운전불이행,맑음,0,1
2015,서울특별시 노원구3,서울특별시 노원구 상계동(상계역입구 부근),2015-02-11,23시경,중상,여,41세,자전거,중상,남,58세,승용차,상해없음,차대차 - 기타,안전운전불이행,맑음,0,2
2015,서울특별시 노원구3,서울특별시 노원구 상계동(상계역입구 부근),2015-12-12,18시경,중상,여,46세,자전거,상해없음,여,53세,보행자,중상,차대사람 - 횡단중,신호위반,맑음,0,1
2015,서울특별시 노원구3,서울특별시 노원구 상계동(상계역입구 부근),2015-09-10,15시경,사망,여,57세,자전거,사망,여,51세,승용차,상해없음,차대차 - 기타,안전운전불이행,맑음,1,0
2015,서울특별시 노원구7,서울특별시 노원구 상계동(상계7동사무소 부근),2015-10-07,18시경,경상,남,18세,자전거,상해없음,남,17세,이륜차,경상,차대차 - 측면직각충돌,안전거리미확보,맑음,0,1
2015,서울특별시 노원구7,서울특별시 노원구 상계동(상계7동사무소 부근),2015-04-01,13시경,부상신고,남,19세,자전거,부상신고,기타불명,불명,승용차,기타불명,차대차 - 측면직각충돌,안전운전불이행,맑음,0,1
2015,서울특별시 노원구7,서울특별시 노원구 상계동(상계7동사무소 부근),2015-11-20,19시경,경상,남,47세,자전거,경상,여,28세,승용차,상해없음,차대차 - 측면직각충돌,기타,맑음,0,1
2015,서울특별시 노원구7,서울특별시 노원구 상계동(상계7동사무소 부근),2015-08-27,15시경,부상신고,남,67세,자전거,부상신고,남,44세,승용차,상해없음,차대차 - 기타,안전운전불이행,맑음,0,1
2015,서울특별시 노원구7,서울특별시 노원구 상계동(상계7동사무소 부근),2015-09-17,11시경,부상신고,여,54세,자전거,부상신고,남,43세,승용차,상해없음,차대차 - 추돌 - 진행중,불법유턴,맑음,0,1
2015,서울특별시 노원구7,서울특별시 노원구 상계동(상계7동사무소 부근),2015-11-05,06시경,중상,여,65세,자전거,중상,남,50세,승용차,상해없음,차대차 - 측면직각충돌,안전운전불이행,맑음,0,1
2015,서울특별시 노원구9,서울특별시 노원구 상계동(도봉월드상가 부근),2015-05-22,16시경,중상,기타불명,불명,자전거,기타불명,남,58세,보행자,중상,차대사람 - 기타,안전운전불이행,맑음,0,1
2015,서울특별시 노원구9,서울특별시 노원구 상계동(도봉월드상가 부근),2015-04-25,18시경,경상,남,24세,자전거,상해없음,여,8세,보행자,경상,차대사람 - 횡단중,안전운전불이행,맑음,0,1
2015,서울특별시 노원구9,서울특별시 노원구 상계동(도봉월드상가 부근),2015-07-19,21시경,경상,여,25세,자전거,경상,남,71세,보행자,상해없음,차대사람 - 기타,안전운전불이행,맑음,0,1
2015,서울특별시 노원구9,서울특별시 노원구 상계동(도봉월드상가 부근),2015-04-25,16시경,경상,여,49세,자전거,상해없음,여,42세,자전거,경상,차대차 - 측면직각충돌,안전운전불이행,맑음,0,1
2015,서울특별시 노원구1,서울특별시 노원구 중계동(당현3교 부근),2015-01-17,09시경,경상,남,34세,승용차,상해없음,남,47세,자전거,경상,차대차 - 기타,신호위반,맑음,0,1
2015,서울특별시 노원구1,서울특별시 노원구 중계동(당현3교 부근),2015-11-26,19시경,경상,남,39세,승용차,상해없음,여,22세,자전거,경상,차대차 - 정면충돌,안전운전불이행,맑음,0,1
2015,서울특별시 노원구1,서울특별시 노원구 중계동(당현3교 부근),2015-03-01,21시경,경상,남,46세,승용차,상해없음,남,20세,자전거,경상,차대차 - 측면직각충돌,안전운전불이행,맑음,0,1
2015,서울특별시 노원구1,서울특별시 노원구 중계동(당현3교 부근),2015-04-28,05시경,중상,남,47세,승용차,상해없음,남,57세,자전거,중상,차대차 - 측면직각충돌,안전운전불이행,맑음,0,1
2015,서울특별시 노원구1,서울특별시 노원구 중계동(당현3교 부근),2015-08-21,16시경,중상,남,53세,승용차,상해없음,남,58세,자전거,중상,차대차 - 기타,안전운전불이행,맑음,0,1
2015,서울특별시 노원구1,서울특별시 노원구 중계동(당현3교 부근),2015-05-25,01시경,경상,남,61세,승용차,상해없음,남,35세,자전거,경상,차대차 - 측면직각충돌,안전운전불이행,맑음,0,2
2015,서울특별시 노원구1,서울특별시 노원구 중계동(당현3교 부근),2015-02-27,21시경,경상,남,16세,이륜차,상해없음,남,32세,자전거,경상,차대차 - 측면직각충돌,신호위반,맑음,0,1
2015,서울특별시 노원구1,서울특별시 노원구 중계동(당현3교 부근),2015-01-25,15시경,경상,남,56세,자전거,경상,남,36세,승용차,상해없음,차대차 - 기타,안전운전불이행,맑음,0,1
2015,서울특별시 노원구1,서울특별시 노원구 중계동(당현3교 부근),2015-01-09,16시경,중상,여,77세,자전거,중상,남,55세,화물차,상해없음,차대차 - 기타,안전운전불이행,맑음,0,1
2015,서울특별시 노원구10,서울특별시 노원구 중계동(서울제일교회앞 부근),2015-04-09,13시경,중상,여,41세,승용차,상해없음,여,43세,자전거,중상,차대차 - 측면직각충돌,안전운전불이행,맑음,0,1
2015,서울특별시 노원구10,서울특별시 노원구 중계동(서울제일교회앞 부근),2015-04-27,08시경,부상신고,남,13세,자전거,부상신고,여,42세,승용차,상해없음,차대차 - 기타,안전운전불이행,맑음,0,1
2015,서울특별시 노원구10,서울특별시 노원구 중계동(서울제일교회앞 부근),2015-10-11,11시경,경상,남,17세,자전거,경상,여,46세,승용차,상해없음,차대차 - 측면직각충돌,안전운전불이행,맑음,0,1
2015,서울특별시 노원구10,서울특별시 노원구 중계동(서울제일교회앞 부근),2015-09-04,16시경,경상,여,13세,자전거,상해없음,남,66세,보행자,경상,차대사람 - 길가장자리구역통행중,안전운전불이행,맑음,0,1
2015,서울특별시 노원구12,서울특별시 노원구 중계동(고운유치원 부근),2015-11-27,19시경,경상,남,31세,승용차,상해없음,남,10세,자전거,경상,차대차 - 측면직각충돌,안전운전불이행,맑음,0,1
2015,서울특별시 노원구12,서울특별시 노원구 중계동(고운유치원 부근),2015-07-13,07시경,경상,여,41세,승용차,상해없음,남,64세,자전거,경상,차대차 - 측면직각충돌,안전운전불이행,비,0,1
2015,서울특별시 노원구12,서울특별시 노원구 중계동(고운유치원 부근),2015-01-27,19시경,경상,남,16세,자전거,상해없음,여,44세,보행자,경상,차대사람 - 보도통행중,안전운전불이행,맑음,0,1
2015,서울특별시 노원구12,서울특별시 노원구 중계동(고운유치원 부근),2015-06-05,12시경,경상,여,68세,자전거,경상,여,35세,승용차,상해없음,차대차 - 측면직각충돌,신호위반,맑음,0,1
2015,서울특별시 은평구8,서울특별시 은평구 갈현동(흥진빌딩 부근),2015-09-18,08시경,경상,기타불명,불명,불명,기타불명,남,11세,자전거,경상,차대차 - 측면직각충돌,직진우회전진행방해,맑음,0,1
2015,서울특별시 은평구8,서울특별시 은평구 갈현동(흥진빌딩 부근),2015-08-20,08시경,경상,여,29세,승용차,상해없음,남,23세,자전거,경상,차대차 - 측면직각충돌,기타,맑음,0,1
2015,서울특별시 은평구8,서울특별시 은평구 갈현동(흥진빌딩 부근),2015-07-29,23시경,경상,남,17세,원동기장치자전거,상해없음,남,17세,자전거,경상,차대차 - 기타,안전운전불이행,맑음,0,1
2015,서울특별시 은평구8,서울특별시 은평구 갈현동(흥진빌딩 부근),2015-07-06,16시경,경상,남,14세,자전거,경상,남,59세,보행자,경상,차대사람 - 차도통행중,안전운전불이행,맑음,0,2
2015,서울특별시 은평구8,서울특별시 은평구 갈현동(흥진빌딩 부근),2015-10-02,20시경,중상,남,17세,자전거,중상,남,32세,승용차,상해없음,차대차 - 측면직각충돌,직진우회전진행방해,맑음,0,1
2015,서울특별시 은평구1,서울특별시 은평구 대조동(갈현동먹자골목 부근),2015-03-09,08시경,중상,남,61세,승용차,상해없음,여,60세,자전거,중상,차대차 - 추돌 - 주정차중,기타,맑음,0,1
2015,서울특별시 은평구1,서울특별시 은평구 대조동(갈현동먹자골목 부근),2015-09-15,10시경,경상,남,59세,원동기장치자전거,상해없음,여,37세,자전거,경상,차대차 - 측면직각충돌,교차로운행방법위반,맑음,0,1
2015,서울특별시 은평구1,서울특별시 은평구 대조동(갈현동먹자골목 부근),2015-07-28,23시경,중상,남,15세,자전거,중상,남,39세,승용차,상해없음,차대차 - 측면직각충돌,불법유턴,맑음,0,1
2015,서울특별시 은평구1,서울특별시 은평구 대조동(갈현동먹자골목 부근),2015-06-02,18시경,경상,남,18세,자전거,경상,남,46세,승용차,상해없음,차대차 - 추돌 - 진행중,안전운전불이행,맑음,0,1
2015,서울특별시 은평구1,서울특별시 은평구 대조동(갈현동먹자골목 부근),2015-08-11,08시경,경상,남,31세,자전거,경상,여,22세,보행자,경상,차대사람 - 차도통행중,안전운전불이행,맑음,0,2
2015,서울특별시 은평구1,서울특별시 은평구 대조동(갈현동먹자골목 부근),2015-09-03,11시경,경상,남,34세,자전거,경상,여,59세,승용차,상해없음,차대차 - 측면직각충돌,안전운전불이행,맑음,0,1
2015,서울특별시 은평구1,서울특별시 은평구 대조동(갈현동먹자골목 부근),2015-04-24,01시경,경상,남,36세,자전거,경상,남,59세,승용차,상해없음,차대차 - 측면직각충돌,중앙선침범,맑음,0,1
2015,서울특별시 은평구1,서울특별시 은평구 대조동(갈현동먹자골목 부근),2015-08-02,17시경,중상,여,71세,자전거,중상,남,76세,승용차,상해없음,차대차 - 측면직각충돌,안전운전불이행,맑음,0,1
2015,서울특별시 은평구1,서울특별시 은평구 대조동(갈현동먹자골목 부근),2015-03-25,18시경,중상,남,44세,화물차,상해없음,남,14세,자전거,중상,차대차 - 기타,안전운전불이행,맑음,0,1
2015,서울특별시 은평구6,서울특별시 은평구 대조동(구산역 부근),2015-10-11,13시경,부상신고,남,15세,자전거,부상신고,여,50세,승용차,상해없음,차대차 - 측면직각충돌,불법유턴,흐림,0,1
2015,서울특별시 은평구6,서울특별시 은평구 대조동(구산역 부근),2015-04-07,05시경,경상,남,24세,자전거,경상,남,59세,화물차,상해없음,차대차 - 측면직각충돌,신호위반,맑음,0,1
2015,서울특별시 은평구6,서울특별시 은평구 대조동(구산역 부근),2015-10-29,03시경,경상,남,28세,자전거,경상,남,65세,승용차,상해없음,차대차 - 측면직각충돌,중앙선침범,맑음,0,1
2015,서울특별시 은평구6,서울특별시 은평구 대조동(구산역 부근),2015-08-03,01시경,경상,남,43세,자전거,경상,남,68세,승용차,상해없음,차대차 - 정면충돌,중앙선침범,맑음,0,1
2015,서울특별시 은평구6,서울특별시 은평구 대조동(구산역 부근),2015-10-23,16시경,경상,여,38세,자전거,경상,여,59세,승용차,상해없음,차대차 - 측면직각충돌,안전운전불이행,맑음,0,1
2015,서울특별시 은평구6,서울특별시 은평구 대조동(구산역 부근),2015-03-31,14시경,부상신고,여,55세,자전거,부상신고,남,43세,승용차,상해없음,차대차 - 측면직각충돌,안전운전불이행,비,0,1
2015,서울특별시 은평구2,서울특별시 은평구 역촌동(역촌역 부근),2015-10-19,19시경,경상,기타불명,불명,불명,기타불명,남,16세,자전거,경상,차대차 - 측면직각충돌,안전운전불이행,흐림,0,1
2015,서울특별시 은평구2,서울특별시 은평구 역촌동(역촌역 부근),2015-01-10,11시경,중상,남,42세,승용차,상해없음,남,16세,자전거,중상,차대차 - 측면직각충돌,신호위반,맑음,0,1
2015,서울특별시 은평구2,서울특별시 은평구 역촌동(역촌역 부근),2015-05-09,17시경,경상,남,52세,승용차,상해없음,남,69세,자전거,경상,차대차 - 추돌 - 진행중,안전운전불이행,맑음,0,1
2015,서울특별시 은평구2,서울특별시 은평구 역촌동(역촌역 부근),2015-07-16,18시경,경상,남,11세,자전거,부상신고,남,55세,승합차,상해없음,차대차 - 측면직각충돌,안전운전불이행,맑음,0,3
2015,서울특별시 은평구2,서울특별시 은평구 역촌동(역촌역 부근),2015-12-20,19시경,경상,남,14세,자전거,경상,여,28세,보행자,부상신고,차대사람 - 기타,신호위반,맑음,0,2
2015,서울특별시 은평구2,서울특별시 은평구 역촌동(역촌역 부근),2015-05-23,21시경,중상,남,15세,자전거,중상,남,57세,승용차,상해없음,차대차 - 측면직각충돌,안전운전불이행,맑음,0,1
2015,서울특별시 은평구2,서울특별시 은평구 역촌동(역촌역 부근),2015-09-21,16시경,경상,남,21세,자전거,경상,남,16세,자전거,경상,차대차 - 정면충돌,신호위반,맑음,0,2
2015,서울특별시 은평구2,서울특별시 은평구 역촌동(역촌역 부근),2015-03-25,08시경,중상,남,60세,자전거,중상,남,42세,승합차,상해없음,차대차 - 추돌 - 진행중,신호위반,맑음,0,1
2015,서울특별시 은평구2,서울특별시 은평구 역촌동(역촌역 부근),2015-10-05,11시경,경상,남,63세,자전거,경상,남,18세,이륜차,상해없음,차대차 - 측면직각충돌,안전운전불이행,맑음,0,1
2015,서울특별시 은평구5,서울특별시 은평구 역촌동(역말사거리 부근),2015-08-02,21시경,경상,남,50세,승용차,상해없음,남,30세,자전거,경상,차대차 - 측면직각충돌,기타,맑음,0,1
2015,서울특별시 은평구5,서울특별시 은평구 역촌동(역말사거리 부근),2015-07-30,03시경,경상,남,54세,승용차,상해없음,남,19세,자전거,경상,차대차 - 측면직각충돌,기타,맑음,0,1
2015,서울특별시 은평구5,서울특별시 은평구 역촌동(역말사거리 부근),2015-08-09,17시경,부상신고,남,16세,이륜차,부상신고,남,7세,자전거,부상신고,차대차 - 측면직각충돌,신호위반,맑음,0,2
2015,서울특별시 은평구5,서울특별시 은평구 역촌동(역말사거리 부근),2015-09-07,22시경,경상,남,15세,자전거,경상,남,25세,원동기장치자전거,경상,차대차 - 측면직각충돌,중앙선침범,맑음,0,2
2015,서울특별시 은평구5,서울특별시 은평구 역촌동(역말사거리 부근),2015-03-31,15시경,경상,남,70세,자전거,경상,남,59세,승합차,상해없음,차대차 - 추돌 - 진행중,안전운전불이행,맑음,0,1
2015,서울특별시 은평구5,서울특별시 은평구 역촌동(역말사거리 부근),2015-06-27,07시경,경상,남,73세,자전거,경상,남,41세,화물차,상해없음,차대차 - 측면직각충돌,차로위반,맑음,0,1
2015,서울특별시 은평구9,서울특별시 은평구 역촌동(윤엘리트학원 부근),2015-09-09,19시경,경상,남,25세,자전거,상해없음,남,40세,자전거,경상,차대차 - 추돌 - 진행중,안전운전불이행,맑음,0,1
2015,서울특별시 은평구9,서울특별시 은평구 역촌동(윤엘리트학원 부근),2015-02-05,07시경,경상,남,73세,자전거,경상,남,35세,화물차,상해없음,차대차 - 측면직각충돌,안전운전불이행,맑음,0,1
2015,서울특별시 은평구9,서울특별시 은평구 역촌동(윤엘리트학원 부근),2015-06-25,23시경,경상,남,76세,자전거,경상,남,35세,승용차,상해없음,차대차 - 측면직각충돌,안전운전불이행,비,0,1
2015,서울특별시 은평구9,서울특별시 은평구 역촌동(윤엘리트학원 부근),2015-07-10,21시경,중상,여,47세,자전거,중상,남,45세,승용차,상해없음,차대차 - 측면직각충돌,안전운전불이행,맑음,0,1
2015,서울특별시 은평구4,서울특별시 은평구 신사동(송지빌딩 부근),2015-03-16,05시경,경상,남,64세,승용차,상해없음,남,65세,자전거,경상,차대차 - 측면직각충돌,신호위반,맑음,0,1
2015,서울특별시 은평구4,서울특별시 은평구 신사동(송지빌딩 부근),2015-12-10,12시경,중상,남,43세,이륜차,중상,남,14세,자전거,상해없음,차대차 - 기타,안전운전불이행,맑음,0,1
2015,서울특별시 은평구4,서울특별시 은평구 신사동(송지빌딩 부근),2015-06-26,11시경,경상,기타불명,불명,자전거,기타불명,여,73세,보행자,경상,차대사람 - 보도통행중,보행자보호의무위반,맑음,0,1
2015,서울특별시 은평구4,서울특별시 은평구 신사동(송지빌딩 부근),2015-09-09,11시경,부상신고,남,78세,자전거,부상신고,남,27세,승용차,상해없음,차대차 - 측면직각충돌,안전운전불이행,맑음,0,1
2015,서울특별시 은평구4,서울특별시 은평구 신사동(송지빌딩 부근),2015-03-23,19시경,경상,여,14세,자전거,경상,남,38세,승용차,상해없음,차대차 - 측면직각충돌,안전운전불이행,맑음,0,1
2015,서울특별시 은평구4,서울특별시 은평구 신사동(송지빌딩 부근),2015-06-11,18시경,경상,여,55세,자전거,경상,남,34세,승용차,상해없음,차대차 - 측면직각충돌,불법유턴,맑음,0,1
2015,서울특별시 은평구7,서울특별시 은평구 신사동(신사오거리 부근),2015-06-12,23시경,중상,남,60세,승용차,상해없음,남,25세,자전거,중상,차대차 - 기타,기타,맑음,0,1
2015,서울특별시 은평구7,서울특별시 은평구 신사동(신사오거리 부근),2015-07-08,16시경,중상,남,46세,승합차,상해없음,남,17세,자전거,중상,차대차 - 측면직각충돌,안전운전불이행,맑음,0,1
2015,서울특별시 은평구7,서울특별시 은평구 신사동(신사오거리 부근),2015-11-28,15시경,경상,남,63세,자전거,상해없음,남,63세,승합차,상해없음,차대차 - 측면직각충돌,안전운전불이행,맑음,0,2
2015,서울특별시 은평구7,서울특별시 은평구 신사동(신사오거리 부근),2015-06-21,06시경,부상신고,남,76세,자전거,부상신고,남,60세,승용차,상해없음,차대차 - 측면직각충돌,안전거리미확보,맑음,0,1
2015,서울특별시 은평구7,서울특별시 은평구 신사동(신사오거리 부근),2015-07-31,13시경,중상,여,35세,자전거,중상,남,36세,승용차,상해없음,차대차 - 측면직각충돌,불법유턴,맑음,0,1
2015,서울특별시 은평구3,서울특별시 은평구 증산동(밀양빌딩 부근),2015-12-15,07시경,중상,여,32세,승용차,상해없음,남,67세,자전거,중상,차대차 - 측면직각충돌,신호위반,맑음,0,1
2015,서울특별시 은평구3,서울특별시 은평구 증산동(밀양빌딩 부근),2015-12-27,15시경,경상,남,67세,승합차,상해없음,남,69세,자전거,경상,차대차 - 측면직각충돌,신호위반,맑음,0,1
2015,서울특별시 은평구3,서울특별시 은평구 증산동(밀양빌딩 부근),2015-08-06,19시경,중상,남,59세,이륜차,경상,남,46세,자전거,중상,차대차 - 측면직각충돌,신호위반,맑음,0,2
2015,서울특별시 은평구3,서울특별시 은평구 증산동(밀양빌딩 부근),2015-04-26,18시경,부상신고,남,43세,자전거,상해없음,남,85세,자전거,부상신고,차대차 - 측면직각충돌,안전운전불이행,맑음,0,1
2015,서울특별시 은평구3,서울특별시 은평구 증산동(밀양빌딩 부근),2015-03-17,06시경,중상,남,79세,자전거,중상,없음,불명,없음,없음,차량단독 - 전도전복,안전운전불이행,흐림,0,1
2015,서울특별시 은평구3,서울특별시 은평구 증산동(밀양빌딩 부근),2015-08-11,00시경,경상,여,48세,자전거,상해없음,남,44세,보행자,경상,차대사람 - 기타,중앙선침범,맑음,0,1
2015,서울특별시 서대문구1,서울특별시 서대문구 북가좌동(명지대체육관 부근),2015-04-25,22시경,중상,남,26세,승용차,상해없음,남,17세,자전거,중상,차대차 - 기타,안전운전불이행,맑음,0,1
2015,서울특별시 서대문구1,서울특별시 서대문구 북가좌동(명지대체육관 부근),2015-04-02,05시경,중상,남,36세,승용차,상해없음,여,57세,자전거,중상,차대차 - 기타,안전운전불이행,맑음,0,1
2015,서울특별시 서대문구1,서울특별시 서대문구 북가좌동(명지대체육관 부근),2015-09-09,00시경,경상,남,28세,원동기장치자전거,상해없음,남,23세,자전거,경상,차대차 - 측면직각충돌,중앙선침범,맑음,0,1
2015,서울특별시 서대문구1,서울특별시 서대문구 북가좌동(명지대체육관 부근),2015-09-15,18시경,부상신고,남,24세,자전거,부상신고,여,42세,승용차,상해없음,차대차 - 기타,안전운전불이행,맑음,0,1
2015,서울특별시 서대문구1,서울특별시 서대문구 북가좌동(명지대체육관 부근),2015-09-30,15시경,경상,여,39세,자전거,경상,여,30세,승용차,상해없음,차대차 - 측면직각충돌,안전운전불이행,맑음,0,1
2015,서울특별시 마포구7,서울특별시 마포구 도화동(일진빌딩 부근),2015-06-12,19시경,경상,남,56세,승용차,상해없음,남,28세,자전거,경상,차대차 - 측면직각충돌,기타,맑음,0,1
2015,서울특별시 마포구7,서울특별시 마포구 도화동(일진빌딩 부근),2015-06-15,16시경,중상,남,72세,승용차,상해없음,남,77세,자전거,중상,차대차 - 측면직각충돌,기타,맑음,0,1
2015,서울특별시 마포구7,서울특별시 마포구 도화동(일진빌딩 부근),2015-07-16,11시경,경상,여,55세,승용차,상해없음,남,50세,자전거,경상,차대차 - 기타,기타,맑음,0,1
2015,서울특별시 마포구7,서울특별시 마포구 도화동(일진빌딩 부근),2015-11-13,09시경,부상신고,남,28세,자전거,부상신고,남,68세,승용차,상해없음,차대차 - 기타,안전운전불이행,맑음,0,1
2015,서울특별시 마포구6,서울특별시 마포구 서교동(홍익대 부근),2015-10-08,23시경,경상,남,49세,승용차,상해없음,남,16세,자전거,경상,차대차 - 기타,기타,맑음,0,1
2015,서울특별시 마포구6,서울특별시 마포구 서교동(홍익대 부근),2015-10-11,01시경,중상,남,49세,승용차,상해없음,여,26세,자전거,중상,차대차 - 기타,기타,맑음,0,1
2015,서울특별시 마포구6,서울특별시 마포구 서교동(홍익대 부근),2015-02-17,23시경,경상,남,50세,승용차,상해없음,남,20세,자전거,경상,차대차 - 기타,기타,맑음,0,1
2015,서울특별시 마포구6,서울특별시 마포구 서교동(홍익대 부근),2015-10-23,19시경,경상,남,55세,승용차,상해없음,여,19세,자전거,경상,차대차 - 기타,기타,맑음,0,1
2015,서울특별시 마포구2,서울특별시 마포구 동교동(홍대입구역 부근),2015-07-21,15시경,부상신고,기타불명,불명,불명,기타불명,여,23세,자전거,부상신고,차대차 - 기타,기타,맑음,0,1
2015,서울특별시 마포구2,서울특별시 마포구 동교동(홍대입구역 부근),2015-07-27,15시경,경상,남,26세,승용차,상해없음,남,27세,자전거,경상,차대차 - 기타,안전운전불이행,맑음,0,1
2015,서울특별시 마포구2,서울특별시 마포구 동교동(홍대입구역 부근),2015-08-29,23시경,중상,남,46세,승용차,상해없음,남,26세,자전거,중상,차대차 - 측면직각충돌,기타,맑음,0,1
2015,서울특별시 마포구2,서울특별시 마포구 동교동(홍대입구역 부근),2015-04-21,22시경,경상,남,56세,승용차,상해없음,남,21세,자전거,경상,차대차 - 측면직각충돌,기타,맑음,0,1
2015,서울특별시 마포구2,서울특별시 마포구 동교동(홍대입구역 부근),2015-03-07,19시경,경상,남,22세,자전거,상해없음,여,65세,보행자,경상,차대사람 - 횡단중,보행자보호의무위반,맑음,0,1
2015,서울특별시 마포구2,서울특별시 마포구 동교동(홍대입구역 부근),2015-05-10,01시경,부상신고,남,29세,자전거,부상신고,여,25세,보행자,상해없음,차대사람 - 기타,안전운전불이행,맑음,0,1
2015,서울특별시 마포구2,서울특별시 마포구 동교동(홍대입구역 부근),2015-11-15,13시경,경상,여,26세,자전거,경상,남,25세,승용차,상해없음,차대차 - 측면직각충돌,불법유턴,맑음,0,1
2015,서울특별시 마포구2,서울특별시 마포구 동교동(홍대입구역 부근),2015-09-18,09시경,중상,여,36세,자전거,중상,남,72세,승용차,상해없음,차대차 - 측면직각충돌,안전운전불이행,맑음,0,1
2015,서울특별시 마포구4,서울특별시 마포구 동교동(대성카센터 부근),2015-12-06,08시경,경상,남,58세,승용차,상해없음,남,60세,자전거,경상,차대차 - 정면충돌,신호위반,맑음,0,1