사고년도,다발시군구,지점명,사고일시,사고시간대,사고등급,가해자성별,가해자연령,가해차종,가해자신체상해정도,피해자성별,피해자연령,피해차종,피해자신체상해정도,사고유형,가해자법규위반,기상상태,사망자수,부상자수
2015,서울특별시 송파구23,서울특별시 송파구 오금동(개롱역 부근),2015-07-27,00시경,경상,남,67세,승용차,상해없음,남,25세,자전거,경상,차대차 - 기타,신호위반,맑음,0,1
2015,서울특별시 송파구23,서울특별시 송파구 오금동(개롱역 부근),2015-01-29,18시경,경상,여,57세,승용차,상해없음,남,12세,자전거,경상,차대차 - 추돌 - 진행중,안전운전불이행,맑음,0,1
2015,서울특별시 송파구23,서울특별시 송파구 오금동(개롱역 부근),2015-10-29,08시경,경상,남,12세,자전거,상해없음,여,30세,보행자,경상,차대사람 - 횡단중,보행자보호의무위반,맑음,0,1
2015,서울특별시 송파구23,서울특별시 송파구 오금동(개롱역 부근),2015-09-17,17시경,부상신고,남,43세,자전거,상해없음,여,5세,보행자,부상신고,차대사람 - 보도통행중,안전운전불이행,맑음,0,1
2015,서울특별시 송파구25,서울특별시 송파구 오금동(인애가한방병원 부근),2015-09-30,07시경,부상신고,남,15세,자전거,부상신고,기타불명,불명,불명,기타불명,차대차 - 기타,안전운전불이행,맑음,0,1
2015,서울특별시 송파구25,서울특별시 송파구 오금동(인애가한방병원 부근),2015-09-10,08시경,경상,남,16세,자전거,경상,남,60세,승용차,기타불명,차대차 - 기타,안전거리미확보,맑음,0,1
2015,서울특별시 송파구25,서울특별시 송파구 오금동(인애가한방병원 부근),2015-04-17,16시경,부상신고,남,32세,자전거,부상신고,여,45세,승용차,상해없음,차대차 - 측면직각충돌,안전운전불이행,맑음,0,1
2015,서울특별시 송파구25,서울특별시 송파구 오금동(인애가한방병원 부근),2015-05-18,08시경,경상,여,36세,자전거,상해없음,여,65세,보행자,경상,차대사람 - 횡단중,신호위반,맑음,0,1
2015,서울특별시 송파구25,서울특별시 송파구 오금동(인애가한방병원 부근),2015-03-30,18시경,부상신고,여,72세,자전거,부상신고,남,49세,승합차,상해없음,차대차 - 추돌 - 진행중,안전운전불이행,맑음,0,1
2015,서울특별시 송파구28,서울특별시 송파구 오금동(오주중교 부근),2015-07-03,07시경,경상,남,45세,승용차,상해없음,남,15세,자전거,경상,차대차 - 추돌 - 주정차중,안전운전불이행,맑음,0,1
2015,서울특별시 송파구28,서울특별시 송파구 오금동(오주중교 부근),2015-11-20,08시경,경상,여,59세,승용차,상해없음,남,14세,자전거,경상,차대차 - 기타,안전운전불이행,맑음,0,1
2015,서울특별시 송파구28,서울특별시 송파구 오금동(오주중교 부근),2015-10-29,18시경,중상,남,13세,자전거,경상,남,25세,자전거,중상,차대차 - 정면충돌,안전운전불이행,비,0,2
2015,서울특별시 송파구28,서울특별시 송파구 오금동(오주중교 부근),2015-07-10,17시경,경상,남,14세,자전거,경상,남,63세,승용차,상해없음,차대차 - 측면직각충돌,안전운전불이행,맑음,0,1
2015,서울특별시 송파구10,서울특별시 송파구 거여동(거여사거리_오금로_진입 부근),2015-04-10,15시경,경상,남,45세,승용차,상해없음,남,16세,자전거,경상,차대차 - 기타,안전운전불이행,맑음,0,1
2015,서울특별시 송파구10,서울특별시 송파구 거여동(거여사거리_오금로_진입 부근),2015-07-13,18시경,경상,남,17세,이륜차,상해없음,남,10세,자전거,경상,차대차 - 측면직각충돌,안전운전불이행,맑음,0,1
2015,서울특별시 송파구10,서울특별시 송파구 거여동(거여사거리_오금로_진입 부근),2015-04-12,14시경,중상,남,17세,자전거,중상,남,41세,승용차,상해없음,차대차 - 측면직각충돌,안전거리미확보,맑음,0,1
2015,서울특별시 송파구10,서울특별시 송파구 거여동(거여사거리_오금로_진입 부근),2015-03-03,18시경,부상신고,남,65세,자전거,부상신고,남,39세,승용차,상해없음,차대차 - 추돌 - 진행중,안전거리미확보,비,0,1
2015,서울특별시 송파구10,서울특별시 송파구 거여동(거여사거리_오금로_진입 부근),2015-06-15,08시경,부상신고,남,82세,자전거,부상신고,남,54세,승용차,상해없음,차대차 - 기타,안전운전불이행,맑음,0,1
2015,서울특별시 송파구10,서울특별시 송파구 거여동(거여사거리_오금로_진입 부근),2015-08-28,17시경,중상,여,49세,자전거,상해없음,남,71세,보행자,중상,차대사람 - 횡단중,보행자보호의무위반,흐림,0,1
2015,서울특별시 송파구10,서울특별시 송파구 거여동(거여사거리_오금로_진입 부근),2015-09-24,04시경,경상,남,24세,화물차,상해없음,여,71세,자전거,경상,차대차 - 측면직각충돌,안전운전불이행,흐림,0,1
2015,서울특별시 송파구13,서울특별시 송파구 거여동(서울개롱초등학교 부근),2015-07-16,15시경,부상신고,남,12세,자전거,부상신고,여,45세,승용차,상해없음,차대차 - 측면직각충돌,교차로운행방법위반,맑음,0,1
2015,서울특별시 송파구13,서울특별시 송파구 거여동(서울개롱초등학교 부근),2015-04-06,15시경,경상,남,13세,자전거,경상,남,73세,승합차,상해없음,차대차 - 측면직각충돌,직진우회전진행방해,맑음,0,1
2015,서울특별시 송파구13,서울특별시 송파구 거여동(서울개롱초등학교 부근),2015-10-26,17시경,부상신고,남,14세,자전거,부상신고,남,51세,승용차,상해없음,차대차 - 정면충돌,안전운전불이행,비,0,1
2015,서울특별시 송파구13,서울특별시 송파구 거여동(서울개롱초등학교 부근),2015-07-24,22시경,경상,남,15세,자전거,경상,남,56세,승용차,상해없음,차대차 - 기타,안전운전불이행,비,0,1
2015,서울특별시 송파구13,서울특별시 송파구 거여동(서울개롱초등학교 부근),2015-10-18,10시경,중상,여,59세,자전거,중상,남,50세,승용차,상해없음,차대차 - 정면충돌,불법유턴,맑음,0,1
2015,서울특별시 송파구13,서울특별시 송파구 거여동(서울개롱초등학교 부근),2015-04-01,23시경,경상,남,46세,화물차,상해없음,남,54세,자전거,경상,차대차 - 측면직각충돌,안전운전불이행,맑음,0,1
2015,서울특별시 강동구13,서울특별시 강동구 명일동(대명초교입구 부근),2015-02-13,02시경,중상,남,27세,승용차,상해없음,남,23세,자전거,중상,차대차 - 기타,신호위반,맑음,0,1
2015,서울특별시 강동구13,서울특별시 강동구 명일동(대명초교입구 부근),2015-03-22,16시경,경상,남,38세,승용차,상해없음,남,12세,자전거,경상,차대차 - 측면직각충돌,안전운전불이행,맑음,0,1
2015,서울특별시 강동구13,서울특별시 강동구 명일동(대명초교입구 부근),2015-09-30,09시경,중상,남,64세,승용차,상해없음,여,70세,자전거,중상,차대차 - 측면직각충돌,안전운전불이행,맑음,0,1
2015,서울특별시 강동구13,서울특별시 강동구 명일동(대명초교입구 부근),2015-04-02,16시경,경상,여,56세,자전거,경상,남,27세,승용차,상해없음,차대차 - 측면직각충돌,안전운전불이행,맑음,0,1
2015,서울특별시 강동구9,서울특별시 강동구 고덕동(삼익그린2차아파트 부근),2015-12-01,14시경,중상,남,67세,건설기계,기타불명,여,60세,자전거,중상,차대차 - 기타,안전운전불이행,맑음,0,1
2015,서울특별시 강동구9,서울특별시 강동구 고덕동(삼익그린2차아파트 부근),2015-08-09,12시경,경상,남,41세,승용차,상해없음,여,46세,자전거,경상,차대차 - 기타,신호위반,맑음,0,1
2015,서울특별시 강동구9,서울특별시 강동구 고덕동(삼익그린2차아파트 부근),2015-04-18,16시경,중상,남,62세,승용차,상해없음,남,66세,자전거,중상,차대차 - 기타,안전운전불이행,맑음,0,1
2015,서울특별시 강동구9,서울특별시 강동구 고덕동(삼익그린2차아파트 부근),2015-05-14,14시경,경상,남,65세,승용차,상해없음,남,17세,자전거,경상,차대차 - 기타,안전운전불이행,맑음,0,1
2015,서울특별시 강동구9,서울특별시 강동구 고덕동(삼익그린2차아파트 부근),2015-06-01,16시경,중상,남,54세,자전거,중상,남,58세,승용차,상해없음,차대차 - 측면직각충돌,불법유턴,맑음,0,1
2015,서울특별시 강동구8,서울특별시 강동구 길동(길동사거리_일반국도43호선_진출 부근),2015-08-16,06시경,경상,기타불명,불명,승용차,기타불명,남,39세,자전거,경상,차대차 - 기타,안전운전불이행,맑음,0,1
2015,서울특별시 강동구8,서울특별시 강동구 길동(길동사거리_일반국도43호선_진출 부근),2015-09-23,08시경,경상,남,35세,승용차,상해없음,여,19세,자전거,경상,차대차 - 기타,중앙선침범,맑음,0,1
2015,서울특별시 강동구8,서울특별시 강동구 길동(길동사거리_일반국도43호선_진출 부근),2015-06-12,15시경,경상,남,67세,승용차,상해없음,남,30세,자전거,경상,차대차 - 기타,안전운전불이행,맑음,0,1
2015,서울특별시 강동구8,서울특별시 강동구 길동(길동사거리_일반국도43호선_진출 부근),2015-12-01,13시경,중상,여,47세,승용차,상해없음,남,17세,자전거,중상,차대차 - 측면직각충돌,신호위반,맑음,0,1
2015,서울특별시 강동구8,서울특별시 강동구 길동(길동사거리_일반국도43호선_진출 부근),2015-06-09,17시경,경상,남,22세,원동기장치자전거,상해없음,남,11세,자전거,경상,차대차 - 측면직각충돌,안전운전불이행,맑음,0,1
2015,서울특별시 강동구8,서울특별시 강동구 길동(길동사거리_일반국도43호선_진출 부근),2015-01-06,06시경,부상신고,남,38세,자전거,부상신고,남,48세,승용차,상해없음,차대차 - 측면직각충돌,불법유턴,맑음,0,1
2015,서울특별시 강동구10,서울특별시 강동구 암사동(올림픽대로-일반국도43호선램프( 부근),2015-10-09,16시경,중상,남,30세,자전거,경상,남,39세,보행자,중상,차대사람 - 횡단중,안전운전불이행,맑음,0,2
2015,서울특별시 강동구10,서울특별시 강동구 암사동(올림픽대로-일반국도43호선램프( 부근),2015-06-27,08시경,경상,남,39세,자전거,부상신고,남,50세,자전거,경상,차대차 - 측면직각충돌,안전운전불이행,맑음,0,2
2015,서울특별시 강동구10,서울특별시 강동구 암사동(올림픽대로-일반국도43호선램프( 부근),2015-09-27,11시경,부상신고,남,40세,자전거,상해없음,남,54세,자전거,부상신고,차대차 - 기타,안전운전불이행,맑음,0,1
2015,서울특별시 강동구10,서울특별시 강동구 암사동(올림픽대로-일반국도43호선램프( 부근),2015-08-21,18시경,경상,남,55세,자전거,상해없음,여,23세,자전거,경상,차대차 - 추돌 - 진행중,안전운전불이행,맑음,0,1
2015,서울특별시 강동구10,서울특별시 강동구 암사동(올림픽대로-일반국도43호선램프( 부근),2015-02-22,07시경,중상,남,58세,자전거,중상,여,41세,승용차,상해없음,차대차 - 측면직각충돌,중앙선침범,비,0,1
2015,서울특별시 강동구1,서울특별시 강동구 성내동(둔촌사거리 부근),2015-09-14,16시경,경상,기타불명,불명,승용차,기타불명,남,17세,자전거,경상,차대차 - 기타,안전운전불이행,맑음,0,1
2015,서울특별시 강동구1,서울특별시 강동구 성내동(둔촌사거리 부근),2015-10-25,22시경,경상,남,47세,승용차,상해없음,남,17세,자전거,경상,차대차 - 기타,안전운전불이행,맑음,0,1
2015,서울특별시 강동구1,서울특별시 강동구 성내동(둔촌사거리 부근),2015-11-29,01시경,중상,남,60세,승용차,상해없음,여,27세,자전거,중상,차대차 - 측면직각충돌,안전운전불이행,맑음,0,1
2015,서울특별시 강동구1,서울특별시 강동구 성내동(둔촌사거리 부근),2015-08-28,07시경,경상,남,63세,승용차,상해없음,남,53세,자전거,경상,차대차 - 기타,안전운전불이행,기타,0,1
2015,서울특별시 강동구1,서울특별시 강동구 성내동(둔촌사거리 부근),2015-03-24,12시경,중상,여,37세,승용차,상해없음,여,35세,자전거,중상,차대차 - 측면직각충돌,안전운전불이행,맑음,0,1
2015,서울특별시 강동구1,서울특별시 강동구 성내동(둔촌사거리 부근),2015-10-29,13시경,경상,여,53세,승용차,상해없음,남,21세,자전거,경상,차대차 - 측면직각충돌,안전운전불이행,맑음,0,1
2015,서울특별시 강동구1,서울특별시 강동구 성내동(둔촌사거리 부근),2015-08-02,10시경,중상,여,64세,승용차,상해없음,남,86세,자전거,중상,차대차 - 기타,안전운전불이행,흐림,0,1
2015,서울특별시 강동구1,서울특별시 강동구 성내동(둔촌사거리 부근),2015-08-10,13시경,부상신고,남,60세,화물차,상해없음,여,24세,자전거,부상신고,차대차 - 추돌 - 진행중,안전운전불이행,맑음,0,1
2015,서울특별시 강동구2,서울특별시 강동구 성내동(산경빌딩 부근),2015-11-05,19시경,경상,남,39세,승용차,상해없음,남,14세,자전거,경상,차대차 - 기타,안전운전불이행,맑음,0,1
2015,서울특별시 강동구2,서울특별시 강동구 성내동(산경빌딩 부근),2015-06-06,13시경,부상신고,남,56세,승용차,상해없음,남,18세,자전거,부상신고,차대차 - 기타,안전운전불이행,맑음,0,1
2015,서울특별시 강동구2,서울특별시 강동구 성내동(산경빌딩 부근),2015-06-05,21시경,중상,남,68세,승용차,상해없음,남,49세,자전거,중상,차대차 - 기타,교차로운행방법위반,맑음,0,1
2015,서울특별시 강동구2,서울특별시 강동구 성내동(산경빌딩 부근),2015-06-10,08시경,경상,남,68세,승용차,상해없음,남,56세,자전거,경상,차대차 - 기타,안전운전불이행,맑음,0,1
2015,서울특별시 강동구2,서울특별시 강동구 성내동(산경빌딩 부근),2015-04-25,18시경,경상,남,68세,승용차,상해없음,남,61세,자전거,경상,차대차 - 기타,기타,맑음,0,1
2015,서울특별시 강동구2,서울특별시 강동구 성내동(산경빌딩 부근),2015-12-13,20시경,경상,남,50세,자전거,상해없음,남,34세,승용차,상해없음,차대차 - 측면직각충돌,안전운전불이행,흐림,0,1
2015,서울특별시 강동구2,서울특별시 강동구 성내동(산경빌딩 부근),2015-06-12,20시경,경상,남,64세,자전거,상해없음,여,73세,보행자,경상,차대사람 - 기타,안전운전불이행,맑음,0,1
2015,서울특별시 강동구2,서울특별시 강동구 성내동(산경빌딩 부근),2015-01-05,21시경,경상,여,57세,자전거,경상,남,60세,승용차,상해없음,차대차 - 측면직각충돌,불법유턴,맑음,0,1
2015,서울특별시 강동구6,서울특별시 강동구 성내동(올림픽공원북2문 부근),2015-05-12,07시경,경상,기타불명,불명,불명,기타불명,남,16세,자전거,경상,차대차 - 기타,안전운전불이행,맑음,0,1
2015,서울특별시 강동구6,서울특별시 강동구 성내동(올림픽공원북2문 부근),2015-11-28,11시경,중상,남,28세,승용차,상해없음,남,77세,자전거,중상,차대차 - 측면직각충돌,신호위반,흐림,0,1
2015,서울특별시 강동구6,서울특별시 강동구 성내동(올림픽공원북2문 부근),2015-06-19,07시경,경상,남,35세,승용차,상해없음,남,33세,자전거,경상,차대차 - 측면직각충돌,신호위반,맑음,0,1
2015,서울특별시 강동구6,서울특별시 강동구 성내동(올림픽공원북2문 부근),2015-05-17,21시경,경상,남,17세,자전거,상해없음,남,23세,자전거,상해없음,차대차 - 정면충돌,안전운전불이행,맑음,0,1
2015,서울특별시 강동구6,서울특별시 강동구 성내동(올림픽공원북2문 부근),2015-02-06,15시경,경상,남,60세,자전거,부상신고,남,54세,자전거,경상,차대차 - 추돌 - 주정차중,안전운전불이행,맑음,0,2
2015,서울특별시 강동구6,서울특별시 강동구 성내동(올림픽공원북2문 부근),2015-06-07,12시경,중상,여,57세,자전거,경상,남,30세,자전거,중상,차대차 - 정면충돌,안전운전불이행,맑음,0,2
2015,서울특별시 강동구11,서울특별시 강동구 성내동(천호사거리_풍남로_진출 부근),2015-09-25,11시경,경상,남,57세,승용차,상해없음,남,63세,자전거,경상,차대차 - 기타,안전운전불이행,맑음,0,1
2015,서울특별시 강동구11,서울특별시 강동구 성내동(천호사거리_풍남로_진출 부근),2015-07-24,20시경,중상,남,59세,승용차,상해없음,남,61세,자전거,중상,차대차 - 기타,안전운전불이행,맑음,0,1
2015,서울특별시 강동구11,서울특별시 강동구 성내동(천호사거리_풍남로_진출 부근),2015-01-30,04시경,경상,남,62세,승용차,상해없음,남,57세,자전거,경상,차대차 - 측면직각충돌,안전운전불이행,맑음,0,1
2015,서울특별시 강동구11,서울특별시 강동구 성내동(천호사거리_풍남로_진출 부근),2015-06-13,12시경,부상신고,남,13세,자전거,부상신고,남,27세,승용차,상해없음,차대차 - 측면직각충돌,안전운전불이행,맑음,0,1
2015,서울특별시 강동구11,서울특별시 강동구 성내동(천호사거리_풍남로_진출 부근),2015-02-16,20시경,부상신고,여,56세,자전거,부상신고,남,40세,화물차,상해없음,차대차 - 측면직각충돌,안전운전불이행,비,0,1
2015,서울특별시 강동구12,서울특별시 강동구 성내동(둔촌동역 부근),2015-03-12,20시경,경상,여,40세,승용차,상해없음,여,50세,자전거,경상,차대차 - 기타,안전운전불이행,맑음,0,1
2015,서울특별시 강동구12,서울특별시 강동구 성내동(둔촌동역 부근),2015-10-15,18시경,중상,남,30세,이륜차,상해없음,여,46세,자전거,중상,차대차 - 기타,안전운전불이행,맑음,0,1
2015,서울특별시 강동구12,서울특별시 강동구 성내동(둔촌동역 부근),2015-07-19,16시경,경상,남,37세,이륜차,상해없음,남,17세,자전거,경상,차대차 - 기타,안전운전불이행,맑음,0,1
2015,서울특별시 강동구12,서울특별시 강동구 성내동(둔촌동역 부근),2015-11-20,19시경,중상,남,13세,자전거,상해없음,여,49세,보행자,중상,차대사람 - 기타,보행자보호의무위반,맑음,0,1
2015,서울특별시 강동구3,서울특별시 강동구 천호동(현대타워 부근),2015-05-02,22시경,경상,남,25세,승용차,상해없음,여,45세,자전거,경상,차대차 - 기타,기타,흐림,0,1
2015,서울특별시 강동구3,서울특별시 강동구 천호동(현대타워 부근),2015-09-01,12시경,중상,남,57세,승용차,상해없음,여,38세,자전거,중상,차대차 - 측면직각충돌,기타,맑음,0,1
2015,서울특별시 강동구3,서울특별시 강동구 천호동(현대타워 부근),2015-01-10,18시경,경상,남,59세,승용차,상해없음,남,22세,자전거,경상,차대차 - 측면직각충돌,신호위반,맑음,0,1
2015,서울특별시 강동구3,서울특별시 강동구 천호동(현대타워 부근),2015-06-01,08시경,경상,남,63세,승용차,상해없음,남,15세,자전거,경상,차대차 - 기타,안전운전불이행,맑음,0,1
2015,서울특별시 강동구3,서울특별시 강동구 천호동(현대타워 부근),2015-06-03,20시경,중상,여,30세,승용차,상해없음,여,35세,자전거,경상,차대차 - 기타,안전운전불이행,맑음,0,2
2015,서울특별시 강동구3,서울특별시 강동구 천호동(현대타워 부근),2015-01-28,16시경,경상,남,53세,자전거,경상,남,69세,보행자,상해없음,차대사람 - 보도통행중,안전운전불이행,맑음,0,1
2015,서울특별시 강동구3,서울특별시 강동구 천호동(현대타워 부근),2015-03-19,15시경,경상,여,41세,자전거,경상,남,68세,승용차,상해없음,차대차 - 측면직각충돌,중앙선침범,맑음,0,1
2015,서울특별시 강동구4,서울특별시 강동구 천호동(굽은다리역 부근),2015-10-24,06시경,경상,남,27세,승용차,상해없음,남,55세,자전거,경상,차대차 - 측면직각충돌,신호위반,비,0,1
2015,서울특별시 강동구4,서울특별시 강동구 천호동(굽은다리역 부근),2015-09-03,17시경,경상,남,47세,승용차,상해없음,남,21세,자전거,경상,차대차 - 측면직각충돌,안전운전불이행,맑음,0,1
2015,서울특별시 강동구4,서울특별시 강동구 천호동(굽은다리역 부근),2015-09-23,17시경,경상,남,55세,승용차,상해없음,남,16세,자전거,경상,차대차 - 기타,안전운전불이행,맑음,0,1
2015,서울특별시 강동구4,서울특별시 강동구 천호동(굽은다리역 부근),2015-06-08,10시경,중상,남,56세,승용차,상해없음,여,61세,자전거,중상,차대차 - 측면직각충돌,안전운전불이행,맑음,0,1
2015,서울특별시 강동구4,서울특별시 강동구 천호동(굽은다리역 부근),2015-09-24,22시경,부상신고,남,47세,승합차,상해없음,남,15세,자전거,부상신고,차대차 - 기타,안전운전불이행,맑음,0,1
2015,서울특별시 강동구4,서울특별시 강동구 천호동(굽은다리역 부근),2015-12-02,22시경,중상,남,16세,자전거,상해없음,여,27세,승용차,중상,차대차 - 측면직각충돌,신호위반,맑음,0,1
2015,서울특별시 강동구4,서울특별시 강동구 천호동(굽은다리역 부근),2015-07-26,15시경,경상,남,19세,자전거,상해없음,남,20세,원동기장치자전거,경상,차대차 - 측면직각충돌,안전운전불이행,맑음,0,1
2015,서울특별시 강동구5,서울특별시 강동구 천호동(광진교앞 부근),2015-08-01,19시경,중상,남,45세,승용차,상해없음,남,63세,자전거,중상,차대차 - 측면직각충돌,안전운전불이행,맑음,0,1
2015,서울특별시 강동구5,서울특별시 강동구 천호동(광진교앞 부근),2015-08-04,21시경,경상,여,42세,승용차,상해없음,여,48세,자전거,경상,차대차 - 기타,안전운전불이행,맑음,0,1
2015,서울특별시 강동구5,서울특별시 강동구 천호동(광진교앞 부근),2015-12-18,15시경,경상,남,56세,이륜차,상해없음,여,58세,자전거,경상,차대차 - 정면충돌,안전운전불이행,흐림,0,1
2015,서울특별시 강동구5,서울특별시 강동구 천호동(광진교앞 부근),2015-05-26,10시경,경상,남,15세,자전거,상해없음,남,27세,원동기장치자전거,경상,차대차 - 기타,안전운전불이행,맑음,0,1
2015,서울특별시 강동구5,서울특별시 강동구 천호동(광진교앞 부근),2015-10-20,20시경,경상,남,19세,자전거,상해없음,남,55세,자전거,경상,차대차 - 기타,안전운전불이행,맑음,0,1
2015,서울특별시 강동구5,서울특별시 강동구 천호동(광진교앞 부근),2015-06-04,16시경,경상,남,78세,자전거,상해없음,남,68세,승용차,상해없음,차대차 - 측면직각충돌,안전운전불이행,맑음,0,1
2015,서울특별시 강동구5,서울특별시 강동구 천호동(광진교앞 부근),2015-05-25,21시경,경상,남,39세,화물차,상해없음,남,40세,자전거,경상,차대차 - 기타,안전운전불이행,맑음,0,1
2015,서울특별시 강동구7,서울특별시 강동구 천호동(올림픽대로-구천면길램프(4) 부근),2015-10-31,20시경,중상,여,37세,승용차,상해없음,남,34세,자전거,중상,차대차 - 정면충돌,안전운전불이행,맑음,0,1
2015,서울특별시 강동구7,서울특별시 강동구 천호동(올림픽대로-구천면길램프(4) 부근),2015-06-15,22시경,경상,남,26세,자전거,기타불명,남,25세,보행자,경상,차대사람 - 기타,안전운전불이행,맑음,0,1
2015,서울특별시 강동구7,서울특별시 강동구 천호동(올림픽대로-구천면길램프(4) 부근),2015-06-21,20시경,경상,남,33세,자전거,상해없음,여,75세,보행자,경상,차대사람 - 기타,안전운전불이행,맑음,0,1
2015,서울특별시 강동구7,서울특별시 강동구 천호동(올림픽대로-구천면길램프(4) 부근),2015-09-02,07시경,중상,남,48세,자전거,상해없음,남,38세,자전거,중상,차대차 - 기타,교차로운행방법위반,맑음,0,1
2015,서울특별시 강동구7,서울특별시 강동구 천호동(올림픽대로-구천면길램프(4) 부근),2015-07-26,15시경,경상,남,56세,자전거,경상,남,26세,자전거,상해없음,차대차 - 기타,안전운전불이행,맑음,0,1
2015,서울특별시 강동구7,서울특별시 강동구 천호동(올림픽대로-구천면길램프(4) 부근),2015-08-29,15시경,경상,여,26세,자전거,상해없음,남,78세,자전거,경상,차대차 - 기타,안전운전불이행,맑음,0,1
2015,서울특별시 강동구14,서울특별시 강동구 강일동(강일3.6단지_강일동길_진출_3 부근),2015-03-24,07시경,부상신고,기타불명,불명,불명,기타불명,남,16세,자전거,부상신고,차대차 - 기타,안전운전불이행,맑음,0,1
2015,서울특별시 강동구14,서울특별시 강동구 강일동(강일3.6단지_강일동길_진출_3 부근),2015-04-28,16시경,경상,남,53세,승합차,기타불명,남,21세,자전거,경상,차대차 - 기타,안전운전불이행,맑음,0,1
2015,서울특별시 강동구14,서울특별시 강동구 강일동(강일3.6단지_강일동길_진출_3 부근),2015-01-13,06시경,경상,남,73세,자전거,경상,남,51세,이륜차,상해없음,차대차 - 기타,안전운전불이행,맑음,0,1
2015,서울특별시 강동구14,서울특별시 강동구 강일동(강일3.6단지_강일동길_진출_3 부근),2015-05-07,11시경,부상신고,남,79세,자전거,상해없음,남,19세,자전거,부상신고,차대차 - 정면충돌,안전운전불이행,맑음,0,1
2015,부산광역시 부산진구1,부산광역시 부산진구 전포동(서면교차로 부근),2015-05-06,08시경,중상,남,51세,건설기계,상해없음,남,57세,자전거,중상,차대차 - 기타,안전운전불이행,맑음,0,1
2015,부산광역시 부산진구1,부산광역시 부산진구 전포동(서면교차로 부근),2015-06-10,13시경,중상,남,28세,승용차,상해없음,여,54세,자전거,중상,차대차 - 기타,안전운전불이행,맑음,0,1
2015,부산광역시 부산진구1,부산광역시 부산진구 전포동(서면교차로 부근),2015-03-14,12시경,중상,남,45세,승용차,상해없음,남,77세,자전거,중상,차대차 - 기타,안전운전불이행,맑음,0,1
2015,부산광역시 부산진구1,부산광역시 부산진구 전포동(서면교차로 부근),2015-10-12,17시경,경상,남,60세,승용차,상해없음,남,57세,자전거,경상,차대차 - 기타,안전거리미확보,맑음,0,1
2015,부산광역시 부산진구1,부산광역시 부산진구 전포동(서면교차로 부근),2015-08-08,23시경,경상,여,28세,승용차,상해없음,남,29세,자전거,경상,차대차 - 측면직각충돌,기타,맑음,0,1
2015,부산광역시 부산진구1,부산광역시 부산진구 전포동(서면교차로 부근),2015-11-04,18시경,부상신고,남,16세,자전거,부상신고,남,17세,이륜차,상해없음,차대차 - 측면직각충돌,신호위반,맑음,0,1
2015,부산광역시 동래구2,부산광역시 동래구 수안동(세병교(동측) 부근),2015-10-06,12시경,경상,기타불명,불명,승용차,기타불명,남,15세,자전거,경상,차대차 - 측면직각충돌,안전운전불이행,맑음,0,1
2015,부산광역시 동래구2,부산광역시 동래구 수안동(세병교(동측) 부근),2015-01-06,08시경,중상,여,67세,승용차,상해없음,여,66세,자전거,중상,차대차 - 측면직각충돌,안전운전불이행,맑음,0,1
2015,부산광역시 동래구2,부산광역시 동래구 수안동(세병교(동측) 부근),2015-09-21,15시경,중상,남,11세,자전거,중상,남,41세,승용차,상해없음,차대차 - 측면직각충돌,중앙선침범,맑음,0,1
2015,부산광역시 동래구2,부산광역시 동래구 수안동(세병교(동측) 부근),2015-02-23,19시경,부상신고,남,75세,자전거,부상신고,남,48세,승용차,상해없음,차대차 - 측면직각충돌,안전운전불이행,맑음,0,1
2015,부산광역시 동래구2,부산광역시 동래구 수안동(세병교(동측) 부근),2015-04-27,20시경,중상,여,55세,자전거,중상,남,27세,승용차,상해없음,차대차 - 측면직각충돌,불법유턴,맑음,0,1
2015,부산광역시 동래구2,부산광역시 동래구 수안동(세병교(동측) 부근),2015-07-27,16시경,중상,남,50세,화물차,상해없음,남,64세,자전거,중상,차대차 - 추돌 - 진행중,안전운전불이행,맑음,0,1
2015,부산광역시 동래구1,부산광역시 동래구 사직동(내성교차로 부근),2015-10-22,02시경,중상,남,29세,승용차,상해없음,여,58세,자전거,중상,차대차 - 측면직각충돌,안전운전불이행,맑음,0,1
2015,부산광역시 동래구1,부산광역시 동래구 사직동(내성교차로 부근),2015-05-12,21시경,경상,남,50세,승용차,상해없음,여,22세,자전거,경상,차대차 - 측면직각충돌,안전운전불이행,맑음,0,1
2015,부산광역시 동래구1,부산광역시 동래구 사직동(내성교차로 부근),2015-03-27,15시경,경상,남,64세,승용차,상해없음,남,33세,자전거,경상,차대차 - 측면직각충돌,안전운전불이행,맑음,0,1
2015,부산광역시 동래구1,부산광역시 동래구 사직동(내성교차로 부근),2015-08-17,10시경,중상,남,64세,승용차,상해없음,여,14세,자전거,중상,차대차 - 측면직각충돌,신호위반,맑음,0,1
2015,부산광역시 동래구1,부산광역시 동래구 사직동(내성교차로 부근),2015-06-19,10시경,경상,기타불명,불명,자전거,기타불명,남,58세,승용차,상해없음,차대차 - 측면직각충돌,불법유턴,맑음,0,1
2015,부산광역시 동래구1,부산광역시 동래구 사직동(내성교차로 부근),2015-07-18,16시경,경상,남,15세,자전거,상해없음,여,62세,보행자,경상,차대사람 - 기타,안전운전불이행,맑음,0,1
2015,부산광역시 동래구1,부산광역시 동래구 사직동(내성교차로 부근),2015-09-11,07시경,중상,남,16세,자전거,상해없음,남,78세,보행자,중상,차대사람 - 보도통행중,기타,맑음,0,1