사고년도,다발시군구,지점명,사고일시,사고시간대,사고등급,가해자성별,가해자연령,가해차종,가해자신체상해정도,피해자성별,피해자연령,피해차종,피해자신체상해정도,사고유형,가해자법규위반,기상상태,사망자수,부상자수
2015,대구광역시 달서구9,대구광역시 달서구 감삼동(죽전네거리 부근),2015-07-17,17시경,중상,남,61세,승합차,상해없음,남,12세,자전거,중상,차대차 - 측면직각충돌,교차로운행방법위반,맑음,0,1
2015,대구광역시 달서구9,대구광역시 달서구 감삼동(죽전네거리 부근),2015-03-27,13시경,경상,남,60세,자전거,경상,남,20세,승용차,상해없음,차대차 - 측면직각충돌,신호위반,맑음,0,1
2015,대구광역시 달서구30,대구광역시 달서구 감삼동(창성교회 부근),2015-10-16,15시경,중상,남,34세,승용차,상해없음,여,75세,자전거,중상,차대차 - 기타,안전운전불이행,맑음,0,1
2015,대구광역시 달서구30,대구광역시 달서구 감삼동(창성교회 부근),2015-04-05,20시경,경상,남,47세,승용차,상해없음,남,64세,자전거,경상,차대차 - 측면직각충돌,안전운전불이행,비,0,1
2015,대구광역시 달서구30,대구광역시 달서구 감삼동(창성교회 부근),2015-07-13,07시경,경상,여,57세,승용차,상해없음,남,20세,자전거,경상,차대차 - 추돌 - 진행중,안전운전불이행,맑음,0,1
2015,대구광역시 달서구30,대구광역시 달서구 감삼동(창성교회 부근),2015-12-24,08시경,중상,여,64세,승용차,상해없음,남,34세,자전거,중상,차대차 - 정면충돌,안전운전불이행,맑음,0,1
2015,대구광역시 달서구14,대구광역시 달서구 본리동(본리동소방파출소 부근),2015-12-27,19시경,중상,남,43세,승용차,상해없음,남,12세,자전거,중상,차대차 - 기타,신호위반,맑음,0,1
2015,대구광역시 달서구14,대구광역시 달서구 본리동(본리동소방파출소 부근),2015-10-16,08시경,중상,여,37세,승용차,상해없음,여,61세,자전거,중상,차대차 - 기타,안전운전불이행,맑음,0,1
2015,대구광역시 달서구14,대구광역시 달서구 본리동(본리동소방파출소 부근),2015-03-25,13시경,경상,여,47세,승용차,상해없음,남,63세,자전거,경상,차대차 - 기타,안전운전불이행,맑음,0,1
2015,대구광역시 달서구14,대구광역시 달서구 본리동(본리동소방파출소 부근),2015-11-19,13시경,경상,여,61세,승용차,상해없음,여,70세,자전거,경상,차대차 - 측면직각충돌,안전운전불이행,맑음,0,1
2015,대구광역시 달서구14,대구광역시 달서구 본리동(본리동소방파출소 부근),2015-02-14,04시경,사망,남,47세,화물차,상해없음,남,71세,자전거,사망,차대차 - 기타,안전운전불이행,맑음,1,0
2015,대구광역시 달서구26,대구광역시 달서구 본리동(호동이숯불갈비 부근),2015-07-04,11시경,경상,남,63세,승용차,상해없음,남,34세,자전거,경상,차대차 - 측면직각충돌,신호위반,맑음,0,1
2015,대구광역시 달서구26,대구광역시 달서구 본리동(호동이숯불갈비 부근),2015-09-04,19시경,경상,여,45세,승용차,상해없음,남,45세,자전거,경상,차대차 - 추돌 - 진행중,안전운전불이행,맑음,0,1
2015,대구광역시 달서구26,대구광역시 달서구 본리동(호동이숯불갈비 부근),2015-09-16,16시경,부상신고,남,73세,자전거,부상신고,여,42세,승용차,상해없음,차대차 - 추돌 - 진행중,안전운전불이행,맑음,0,1
2015,대구광역시 달서구26,대구광역시 달서구 본리동(호동이숯불갈비 부근),2015-03-13,09시경,부상신고,여,37세,자전거,부상신고,남,55세,승용차,상해없음,차대차 - 기타,안전운전불이행,맑음,0,1
2015,대구광역시 달서구26,대구광역시 달서구 본리동(호동이숯불갈비 부근),2015-05-18,12시경,부상신고,여,66세,자전거,부상신고,여,22세,승용차,상해없음,차대차 - 기타,안전운전불이행,맑음,0,1
2015,대구광역시 달서구31,대구광역시 달서구 본리동(본리네거리 부근),2015-04-29,22시경,경상,여,48세,승용차,상해없음,남,15세,자전거,경상,차대차 - 기타,중앙선침범,맑음,0,1
2015,대구광역시 달서구31,대구광역시 달서구 본리동(본리네거리 부근),2015-05-11,16시경,경상,여,61세,승용차,상해없음,남,17세,자전거,경상,차대차 - 기타,안전운전불이행,맑음,0,1
2015,대구광역시 달서구31,대구광역시 달서구 본리동(본리네거리 부근),2015-05-27,16시경,경상,남,14세,자전거,상해없음,여,45세,보행자,경상,차대사람 - 기타,보행자보호의무위반,맑음,0,1
2015,대구광역시 달서구31,대구광역시 달서구 본리동(본리네거리 부근),2015-07-30,17시경,중상,남,38세,자전거,중상,여,59세,승용차,상해없음,차대차 - 추돌 - 진행중,안전운전불이행,맑음,0,1
2015,대구광역시 달서구1,대구광역시 달서구 상인동(롯데백화점상인점 부근),2015-04-28,16시경,중상,남,58세,승용차,상해없음,남,27세,자전거,중상,차대차 - 기타,안전운전불이행,맑음,0,1
2015,대구광역시 달서구1,대구광역시 달서구 상인동(롯데백화점상인점 부근),2015-09-09,16시경,경상,여,39세,승합차,상해없음,남,16세,자전거,경상,차대차 - 기타,안전운전불이행,맑음,0,1
2015,대구광역시 달서구1,대구광역시 달서구 상인동(롯데백화점상인점 부근),2015-05-26,04시경,부상신고,남,60세,원동기장치자전거,상해없음,여,23세,자전거,부상신고,차대차 - 기타,안전운전불이행,맑음,0,1
2015,대구광역시 달서구1,대구광역시 달서구 상인동(롯데백화점상인점 부근),2015-06-27,20시경,중상,남,17세,이륜차,경상,남,28세,자전거,중상,차대차 - 기타,안전운전불이행,맑음,0,2
2015,대구광역시 달서구1,대구광역시 달서구 상인동(롯데백화점상인점 부근),2015-01-28,15시경,부상신고,기타불명,불명,자전거,기타불명,여,49세,보행자,부상신고,차대사람 - 기타,기타,맑음,0,1
2015,대구광역시 달서구1,대구광역시 달서구 상인동(롯데백화점상인점 부근),2015-04-15,18시경,중상,남,22세,자전거,중상,남,34세,승용차,상해없음,차대차 - 기타,중앙선침범,맑음,0,1
2015,대구광역시 달서구1,대구광역시 달서구 상인동(롯데백화점상인점 부근),2015-12-03,12시경,경상,남,58세,자전거,경상,여,65세,승용차,상해없음,차대차 - 정면충돌,안전운전불이행,맑음,0,1
2015,대구광역시 달서구1,대구광역시 달서구 상인동(롯데백화점상인점 부근),2015-09-07,15시경,경상,남,62세,자전거,상해없음,여,25세,보행자,경상,차대사람 - 보도통행중,보행자보호의무위반,맑음,0,1
2015,대구광역시 달서구1,대구광역시 달서구 상인동(롯데백화점상인점 부근),2015-02-10,15시경,중상,남,75세,자전거,상해없음,여,63세,보행자,중상,차대사람 - 보도통행중,기타,맑음,0,1
2015,대구광역시 달서구1,대구광역시 달서구 상인동(롯데백화점상인점 부근),2015-02-02,07시경,부상신고,여,54세,자전거,부상신고,남,33세,승용차,상해없음,차대차 - 측면직각충돌,불법유턴,맑음,0,1
2015,대구광역시 달서구2,대구광역시 달서구 상인동(학산남네거리 부근),2015-04-15,15시경,부상신고,기타불명,불명,승용차,기타불명,남,8세,자전거,부상신고,차대차 - 기타,안전운전불이행,맑음,0,1
2015,대구광역시 달서구2,대구광역시 달서구 상인동(학산남네거리 부근),2015-04-02,19시경,경상,남,49세,승용차,상해없음,남,14세,자전거,경상,차대차 - 측면직각충돌,안전거리미확보,맑음,0,1
2015,대구광역시 달서구2,대구광역시 달서구 상인동(학산남네거리 부근),2015-10-24,14시경,경상,여,45세,승용차,상해없음,남,11세,자전거,경상,차대차 - 측면직각충돌,교차로운행방법위반,맑음,0,1
2015,대구광역시 달서구2,대구광역시 달서구 상인동(학산남네거리 부근),2015-12-16,15시경,중상,여,45세,승용차,상해없음,남,14세,자전거,중상,차대차 - 기타,안전운전불이행,맑음,0,1
2015,대구광역시 달서구2,대구광역시 달서구 상인동(학산남네거리 부근),2015-09-17,19시경,경상,남,19세,원동기장치자전거,경상,남,16세,자전거,상해없음,차대차 - 기타,안전운전불이행,비,0,1
2015,대구광역시 달서구2,대구광역시 달서구 상인동(학산남네거리 부근),2015-01-20,17시경,경상,남,44세,원동기장치자전거,상해없음,남,44세,자전거,경상,차대차 - 기타,안전운전불이행,맑음,0,1
2015,대구광역시 달서구2,대구광역시 달서구 상인동(학산남네거리 부근),2015-11-03,18시경,부상신고,남,15세,자전거,부상신고,남,28세,승용차,상해없음,차대차 - 기타,신호위반,맑음,0,1
2015,대구광역시 달서구2,대구광역시 달서구 상인동(학산남네거리 부근),2015-09-16,17시경,중상,남,44세,화물차,상해없음,남,12세,자전거,중상,차대차 - 추돌 - 진행중,안전운전불이행,맑음,0,1
2015,대구광역시 달서구2,대구광역시 달서구 상인동(학산남네거리 부근),2015-03-02,14시경,중상,남,64세,화물차,상해없음,남,13세,자전거,중상,차대차 - 기타,안전운전불이행,맑음,0,1
2015,대구광역시 달서구8,대구광역시 달서구 상인동(상인남네거리 부근),2015-10-12,16시경,경상,남,48세,승용차,상해없음,남,12세,자전거,경상,차대차 - 측면직각충돌,안전운전불이행,맑음,0,1
2015,대구광역시 달서구8,대구광역시 달서구 상인동(상인남네거리 부근),2015-11-16,05시경,중상,남,61세,승용차,상해없음,여,53세,자전거,중상,차대차 - 기타,안전운전불이행,맑음,0,1
2015,대구광역시 달서구8,대구광역시 달서구 상인동(상인남네거리 부근),2015-05-25,19시경,경상,여,34세,승용차,상해없음,남,11세,자전거,경상,차대차 - 측면직각충돌,안전운전불이행,맑음,0,1
2015,대구광역시 달서구8,대구광역시 달서구 상인동(상인남네거리 부근),2015-05-16,13시경,중상,여,60세,승용차,상해없음,남,64세,자전거,중상,차대차 - 기타,안전운전불이행,맑음,0,1
2015,대구광역시 달서구8,대구광역시 달서구 상인동(상인남네거리 부근),2015-09-20,15시경,경상,남,22세,이륜차,경상,남,59세,자전거,상해없음,차대차 - 기타,안전운전불이행,맑음,0,1
2015,대구광역시 달서구8,대구광역시 달서구 상인동(상인남네거리 부근),2015-05-04,17시경,경상,남,16세,자전거,상해없음,여,60세,보행자,경상,차대사람 - 기타,기타,맑음,0,1
2015,대구광역시 달서구25,대구광역시 달서구 상인동(뉴스타부동산컨설팅 부근),2015-11-22,13시경,부상신고,기타불명,불명,불명,기타불명,남,69세,자전거,부상신고,차대차 - 정면충돌,안전운전불이행,맑음,0,1
2015,대구광역시 달서구25,대구광역시 달서구 상인동(뉴스타부동산컨설팅 부근),2015-07-28,20시경,중상,남,18세,승용차,상해없음,남,13세,자전거,중상,차대차 - 기타,신호위반,맑음,0,1
2015,대구광역시 달서구25,대구광역시 달서구 상인동(뉴스타부동산컨설팅 부근),2015-07-14,19시경,경상,남,10세,자전거,경상,여,45세,승용차,상해없음,차대차 - 기타,안전운전불이행,맑음,0,1
2015,대구광역시 달서구25,대구광역시 달서구 상인동(뉴스타부동산컨설팅 부근),2015-07-19,13시경,부상신고,남,12세,자전거,부상신고,남,29세,승용차,상해없음,차대차 - 기타,안전운전불이행,맑음,0,1
2015,대구광역시 달서구25,대구광역시 달서구 상인동(뉴스타부동산컨설팅 부근),2015-07-29,13시경,경상,남,69세,화물차,상해없음,남,14세,자전거,경상,차대차 - 측면직각충돌,안전운전불이행,맑음,0,1
2015,대구광역시 달서구11,대구광역시 달서구 도원동(대곡공원앞 부근),2015-09-20,21시경,경상,남,42세,승용차,상해없음,남,48세,자전거,경상,차대차 - 기타,신호위반,맑음,0,1
2015,대구광역시 달서구11,대구광역시 달서구 도원동(대곡공원앞 부근),2015-06-12,19시경,경상,남,64세,승용차,상해없음,남,13세,자전거,경상,차대차 - 기타,교차로운행방법위반,맑음,0,1
2015,대구광역시 달서구11,대구광역시 달서구 도원동(대곡공원앞 부근),2015-01-05,14시경,경상,남,67세,승용차,상해없음,남,9세,자전거,경상,차대차 - 기타,안전운전불이행,맑음,0,1
2015,대구광역시 달서구11,대구광역시 달서구 도원동(대곡공원앞 부근),2015-05-22,18시경,경상,남,46세,승합차,상해없음,남,18세,자전거,경상,차대차 - 기타,안전운전불이행,맑음,0,2
2015,대구광역시 달서구11,대구광역시 달서구 도원동(대곡공원앞 부근),2015-06-22,12시경,중상,남,22세,자전거,중상,남,22세,승용차,상해없음,차대차 - 측면직각충돌,신호위반,맑음,0,1
2015,대구광역시 달서구11,대구광역시 달서구 도원동(대곡공원앞 부근),2015-10-20,08시경,경상,남,61세,자전거,경상,남,61세,승용차,상해없음,차대차 - 기타,안전운전불이행,맑음,0,1
2015,대구광역시 달서구19,대구광역시 달서구 진천동(뼈마시부대찌개 부근),2015-07-20,22시경,부상신고,기타불명,불명,승용차,기타불명,남,13세,자전거,부상신고,차대차 - 기타,신호위반,맑음,0,1
2015,대구광역시 달서구19,대구광역시 달서구 진천동(뼈마시부대찌개 부근),2015-08-29,15시경,중상,남,59세,승용차,상해없음,남,19세,자전거,중상,차대차 - 기타,안전운전불이행,맑음,0,1
2015,대구광역시 달서구19,대구광역시 달서구 진천동(뼈마시부대찌개 부근),2015-01-08,09시경,경상,여,43세,승용차,상해없음,남,14세,자전거,경상,차대차 - 정면충돌,안전운전불이행,맑음,0,1
2015,대구광역시 달서구19,대구광역시 달서구 진천동(뼈마시부대찌개 부근),2015-11-14,11시경,중상,기타불명,불명,자전거,기타불명,남,59세,보행자,중상,차대사람 - 기타,안전운전불이행,맑음,0,1
2015,대구광역시 달서구19,대구광역시 달서구 진천동(뼈마시부대찌개 부근),2015-12-12,06시경,경상,남,53세,자전거,경상,남,52세,승용차,상해없음,차대차 - 정면충돌,신호위반,맑음,0,1
2015,대구광역시 달서구24,대구광역시 달서구 진천동(진천네거리 부근),2015-10-28,18시경,경상,기타불명,불명,승용차,기타불명,남,13세,자전거,경상,차대차 - 측면직각충돌,안전운전불이행,맑음,0,1
2015,대구광역시 달서구24,대구광역시 달서구 진천동(진천네거리 부근),2015-06-17,20시경,경상,남,31세,승용차,상해없음,남,14세,자전거,경상,차대차 - 측면직각충돌,기타,맑음,0,1
2015,대구광역시 달서구24,대구광역시 달서구 진천동(진천네거리 부근),2015-12-21,22시경,중상,남,50세,승용차,상해없음,남,16세,자전거,중상,차대차 - 정면충돌,중앙선침범,맑음,0,1
2015,대구광역시 달서구24,대구광역시 달서구 진천동(진천네거리 부근),2015-03-13,21시경,경상,남,63세,승용차,상해없음,남,12세,자전거,경상,차대차 - 측면직각충돌,신호위반,맑음,0,1
2015,대구광역시 달서구24,대구광역시 달서구 진천동(진천네거리 부근),2015-07-05,22시경,부상신고,남,18세,자전거,부상신고,남,26세,승용차,상해없음,차대차 - 기타,안전운전불이행,맑음,0,1
2015,대구광역시 달서구12,대구광역시 달서구 월성동(신일해피트리공사중 부근),2015-05-01,22시경,부상신고,남,39세,승용차,상해없음,남,12세,자전거,부상신고,차대차 - 기타,안전운전불이행,맑음,0,1
2015,대구광역시 달서구12,대구광역시 달서구 월성동(신일해피트리공사중 부근),2015-11-02,06시경,중상,여,48세,승용차,상해없음,남,52세,자전거,중상,차대차 - 측면직각충돌,교차로운행방법위반,맑음,0,1
2015,대구광역시 달서구12,대구광역시 달서구 월성동(신일해피트리공사중 부근),2015-06-12,15시경,경상,여,50세,승용차,상해없음,남,12세,자전거,경상,차대차 - 측면직각충돌,직진우회전진행방해,맑음,0,1
2015,대구광역시 달서구12,대구광역시 달서구 월성동(신일해피트리공사중 부근),2015-09-16,07시경,경상,여,54세,승용차,상해없음,남,41세,자전거,경상,차대차 - 측면직각충돌,안전운전불이행,맑음,0,1
2015,대구광역시 달서구12,대구광역시 달서구 월성동(신일해피트리공사중 부근),2015-08-05,13시경,경상,남,13세,자전거,경상,남,41세,화물차,상해없음,차대차 - 기타,불법유턴,맑음,0,1
2015,대구광역시 달서구12,대구광역시 달서구 월성동(신일해피트리공사중 부근),2015-01-24,13시경,경상,남,58세,자전거,경상,남,58세,승용차,상해없음,차대차 - 기타,안전운전불이행,맑음,0,1
2015,대구광역시 달서구15,대구광역시 달서구 월성동(대구달서 부근),2015-02-17,08시경,중상,여,51세,승용차,상해없음,남,63세,자전거,중상,차대차 - 기타,기타,맑음,0,1
2015,대구광역시 달서구15,대구광역시 달서구 월성동(대구달서 부근),2015-09-15,08시경,중상,남,14세,자전거,중상,남,37세,승용차,상해없음,차대차 - 기타,중앙선침범,맑음,0,1
2015,대구광역시 달서구15,대구광역시 달서구 월성동(대구달서 부근),2015-10-20,07시경,중상,남,16세,자전거,부상신고,여,46세,보행자,중상,차대사람 - 기타,중앙선침범,맑음,0,2
2015,대구광역시 달서구15,대구광역시 달서구 월성동(대구달서 부근),2015-12-15,06시경,중상,남,59세,자전거,중상,남,37세,승용차,상해없음,차대차 - 정면충돌,안전거리미확보,흐림,0,1
2015,대구광역시 달서구15,대구광역시 달서구 월성동(대구달서 부근),2015-05-01,14시경,중상,여,58세,자전거,중상,남,75세,승용차,상해없음,차대차 - 기타,기타,맑음,0,1
2015,대구광역시 달서구23,대구광역시 달서구 월성동(제이와이아이엔씨 부근),2015-10-31,10시경,경상,남,64세,승용차,상해없음,남,13세,자전거,경상,차대차 - 기타,안전운전불이행,맑음,0,1
2015,대구광역시 달서구23,대구광역시 달서구 월성동(제이와이아이엔씨 부근),2015-10-12,18시경,경상,여,39세,승용차,상해없음,남,8세,자전거,경상,차대차 - 측면직각충돌,안전운전불이행,맑음,0,1
2015,대구광역시 달서구23,대구광역시 달서구 월성동(제이와이아이엔씨 부근),2015-07-16,19시경,경상,남,14세,자전거,경상,남,50세,승용차,상해없음,차대차 - 기타,신호위반,맑음,0,1
2015,대구광역시 달서구23,대구광역시 달서구 월성동(제이와이아이엔씨 부근),2015-06-22,07시경,중상,남,31세,자전거,중상,남,53세,승합차,상해없음,차대차 - 기타,안전운전불이행,맑음,0,1
2015,대구광역시 달서구23,대구광역시 달서구 월성동(제이와이아이엔씨 부근),2015-08-23,19시경,경상,여,11세,자전거,경상,없음,불명,없음,없음,차량단독 - 전도전복,안전운전불이행,맑음,0,1
2015,대구광역시 달서구27,대구광역시 달서구 월암동(환경시설공단성서소각사업소 부근),2015-03-17,07시경,중상,남,33세,건설기계,상해없음,남,19세,자전거,중상,차대차 - 측면직각충돌,안전운전불이행,맑음,0,1
2015,대구광역시 달서구27,대구광역시 달서구 월암동(환경시설공단성서소각사업소 부근),2015-10-24,20시경,사망,남,25세,승용차,상해없음,남,27세,자전거,사망,차대차 - 측면직각충돌,안전운전불이행,흐림,1,0
2015,대구광역시 달서구27,대구광역시 달서구 월암동(환경시설공단성서소각사업소 부근),2015-01-12,19시경,경상,남,33세,승용차,상해없음,남,50세,자전거,경상,차대차 - 측면직각충돌,기타,맑음,0,1
2015,대구광역시 달서구27,대구광역시 달서구 월암동(환경시설공단성서소각사업소 부근),2015-02-24,14시경,중상,남,34세,화물차,상해없음,남,70세,자전거,중상,차대차 - 기타,안전거리미확보,맑음,0,1
2015,대구광역시 달서구7,대구광역시 달서구 송현동(성당네거리 부근),2015-12-24,17시경,중상,남,71세,승용차,상해없음,남,35세,자전거,중상,차대차 - 정면충돌,기타,맑음,0,1
2015,대구광역시 달서구7,대구광역시 달서구 송현동(성당네거리 부근),2015-03-21,15시경,중상,여,32세,승용차,상해없음,남,66세,자전거,중상,차대차 - 측면직각충돌,신호위반,맑음,0,1
2015,대구광역시 달서구7,대구광역시 달서구 송현동(성당네거리 부근),2015-04-28,06시경,중상,여,47세,승용차,상해없음,남,73세,자전거,중상,차대차 - 기타,신호위반,맑음,0,1
2015,대구광역시 달서구7,대구광역시 달서구 송현동(성당네거리 부근),2015-09-07,14시경,경상,여,54세,승용차,상해없음,남,14세,자전거,경상,차대차 - 측면직각충돌,기타,맑음,0,1
2015,대구광역시 달서구7,대구광역시 달서구 송현동(성당네거리 부근),2015-06-11,15시경,경상,남,14세,자전거,경상,남,58세,승용차,상해없음,차대차 - 기타,안전운전불이행,맑음,0,1
2015,대구광역시 달서구7,대구광역시 달서구 송현동(성당네거리 부근),2015-11-30,10시경,경상,남,76세,자전거,상해없음,남,52세,보행자,경상,차대사람 - 횡단중,안전운전불이행,흐림,0,1
2015,대구광역시 달서구13,대구광역시 달서구 송현동(월촌역네거리 부근),2015-11-10,19시경,경상,남,53세,승용차,상해없음,여,53세,자전거,경상,차대차 - 측면직각충돌,안전운전불이행,맑음,0,1
2015,대구광역시 달서구13,대구광역시 달서구 송현동(월촌역네거리 부근),2015-08-08,01시경,경상,남,57세,승용차,상해없음,남,31세,자전거,경상,차대차 - 기타,안전운전불이행,맑음,0,1
2015,대구광역시 달서구13,대구광역시 달서구 송현동(월촌역네거리 부근),2015-11-12,13시경,부상신고,남,64세,승용차,상해없음,남,13세,자전거,부상신고,차대차 - 기타,기타,맑음,0,1
2015,대구광역시 달서구13,대구광역시 달서구 송현동(월촌역네거리 부근),2015-05-26,21시경,경상,여,33세,승용차,상해없음,남,15세,자전거,경상,차대차 - 측면직각충돌,차로위반,맑음,0,1
2015,대구광역시 달서구13,대구광역시 달서구 송현동(월촌역네거리 부근),2015-03-14,17시경,부상신고,남,13세,자전거,부상신고,남,36세,승용차,상해없음,차대차 - 기타,안전운전불이행,맑음,0,1
2015,대구광역시 달서구13,대구광역시 달서구 송현동(월촌역네거리 부근),2015-07-08,19시경,부상신고,남,53세,자전거,부상신고,여,50세,승용차,상해없음,차대차 - 기타,안전운전불이행,비,0,1
2015,대구광역시 달성군1,대구광역시 달성군 다사읍(대구식당 부근),2015-08-15,21시경,중상,남,27세,자전거,상해없음,남,13세,자전거,중상,차대차 - 정면충돌,안전운전불이행,맑음,0,1
2015,대구광역시 달성군1,대구광역시 달성군 다사읍(대구식당 부근),2015-02-07,15시경,중상,남,30세,자전거,중상,남,8세,보행자,상해없음,차대사람 - 기타,안전운전불이행,맑음,0,1
2015,대구광역시 달성군1,대구광역시 달성군 다사읍(대구식당 부근),2015-05-01,17시경,중상,남,54세,자전거,중상,남,6세,보행자,경상,차대사람 - 횡단중,안전운전불이행,맑음,0,2
2015,대구광역시 달성군1,대구광역시 달성군 다사읍(대구식당 부근),2015-08-15,22시경,경상,여,14세,자전거,경상,여,18세,자전거,경상,차대차 - 측면직각충돌,안전운전불이행,맑음,0,3
2015,대구광역시 달성군1,대구광역시 달성군 다사읍(대구식당 부근),2015-08-15,22시경,경상,여,27세,자전거,경상,여,26세,원동기장치자전거,경상,차대차 - 기타,안전운전불이행,맑음,0,2
2015,인천광역시 남구1,인천광역시 남구 학익동(장승백이사거리 부근),2015-12-13,18시경,경상,남,54세,승용차,상해없음,남,66세,자전거,경상,차대차 - 추돌 - 진행중,안전운전불이행,맑음,0,1
2015,인천광역시 남구1,인천광역시 남구 학익동(장승백이사거리 부근),2015-02-24,13시경,중상,여,33세,승용차,상해없음,남,93세,자전거,중상,차대차 - 측면직각충돌,안전운전불이행,맑음,0,1
2015,인천광역시 남구1,인천광역시 남구 학익동(장승백이사거리 부근),2015-01-14,18시경,중상,남,22세,이륜차,상해없음,남,25세,자전거,중상,차대차 - 기타,안전거리미확보,맑음,0,1
2015,인천광역시 남구1,인천광역시 남구 학익동(장승백이사거리 부근),2015-10-09,22시경,경상,남,47세,자전거,상해없음,여,54세,보행자,경상,차대사람 - 기타,안전운전불이행,맑음,0,1
2015,인천광역시 연수구1,인천광역시 연수구 동춘동(외암도사거리 부근),2015-11-02,21시경,경상,남,51세,승용차,상해없음,남,17세,자전거,경상,차대차 - 측면직각충돌,안전운전불이행,맑음,0,1
2015,인천광역시 연수구1,인천광역시 연수구 동춘동(외암도사거리 부근),2015-05-16,13시경,중상,남,67세,승용차,상해없음,남,23세,자전거,중상,차대차 - 기타,안전운전불이행,맑음,0,1
2015,인천광역시 연수구1,인천광역시 연수구 동춘동(외암도사거리 부근),2015-10-21,14시경,경상,여,38세,승용차,상해없음,남,26세,자전거,경상,차대차 - 기타,안전운전불이행,맑음,0,1
2015,인천광역시 연수구1,인천광역시 연수구 동춘동(외암도사거리 부근),2015-10-19,06시경,중상,남,65세,자전거,중상,남,37세,승용차,상해없음,차대차 - 측면직각충돌,안전운전불이행,안개,0,1
2015,인천광역시 연수구2,인천광역시 연수구 동춘동(동춘역사거리 부근),2015-05-22,15시경,경상,기타불명,불명,불명,기타불명,남,13세,자전거,경상,차대차 - 기타,안전운전불이행,맑음,0,1
2015,인천광역시 연수구2,인천광역시 연수구 동춘동(동춘역사거리 부근),2015-05-19,20시경,경상,남,29세,승용차,상해없음,남,57세,자전거,경상,차대차 - 기타,안전운전불이행,흐림,0,1
2015,인천광역시 연수구2,인천광역시 연수구 동춘동(동춘역사거리 부근),2015-10-20,16시경,경상,남,36세,승용차,상해없음,남,17세,자전거,경상,차대차 - 기타,안전운전불이행,맑음,0,1
2015,인천광역시 연수구2,인천광역시 연수구 동춘동(동춘역사거리 부근),2015-03-17,10시경,중상,남,58세,승합차,상해없음,남,20세,자전거,중상,차대차 - 기타,안전운전불이행,맑음,0,1
2015,인천광역시 남동구1,인천광역시 남동구 논현동(신영지엘아파트 부근),2015-06-21,16시경,경상,남,30세,승용차,상해없음,남,13세,자전거,경상,차대차 - 추돌 - 진행중,안전운전불이행,맑음,0,1
2015,인천광역시 남동구1,인천광역시 남동구 논현동(신영지엘아파트 부근),2015-08-17,21시경,중상,남,38세,승용차,상해없음,남,11세,자전거,중상,차대차 - 추돌 - 진행중,안전운전불이행,맑음,0,1
2015,인천광역시 남동구1,인천광역시 남동구 논현동(신영지엘아파트 부근),2015-05-02,19시경,중상,남,56세,승용차,상해없음,남,13세,자전거,중상,차대차 - 기타,신호위반,맑음,0,1
2015,인천광역시 남동구1,인천광역시 남동구 논현동(신영지엘아파트 부근),2015-06-12,17시경,경상,남,12세,자전거,상해없음,여,37세,보행자,경상,차대사람 - 길가장자리구역통행중,안전운전불이행,맑음,0,1
2015,인천광역시 남동구1,인천광역시 남동구 논현동(신영지엘아파트 부근),2015-07-10,08시경,경상,남,16세,자전거,상해없음,여,41세,보행자,경상,차대사람 - 길가장자리구역통행중,안전운전불이행,맑음,0,1
2015,인천광역시 남동구1,인천광역시 남동구 논현동(신영지엘아파트 부근),2015-01-31,15시경,경상,남,20세,자전거,경상,남,57세,승용차,상해없음,차대차 - 정면충돌,신호위반,맑음,0,1
2015,인천광역시 부평구1,인천광역시 부평구 갈산동(서부3교 부근),2015-12-24,17시경,경상,남,55세,승용차,상해없음,남,71세,자전거,경상,차대차 - 측면직각충돌,안전운전불이행,맑음,0,1
2015,인천광역시 부평구1,인천광역시 부평구 갈산동(서부3교 부근),2015-06-28,19시경,경상,남,14세,이륜차,상해없음,여,60세,자전거,경상,차대차 - 측면직각충돌,신호위반,맑음,0,1
2015,인천광역시 부평구1,인천광역시 부평구 갈산동(서부3교 부근),2015-03-15,15시경,경상,남,53세,자전거,경상,남,43세,화물차,상해없음,차대차 - 측면직각충돌,안전운전불이행,맑음,0,1
2015,인천광역시 부평구1,인천광역시 부평구 갈산동(서부3교 부근),2015-09-10,07시경,중상,남,57세,화물차,상해없음,남,32세,자전거,중상,차대차 - 측면직각충돌,안전거리미확보,맑음,0,1
2015,인천광역시 계양구2,인천광역시 계양구 작전동(실나리삼거리 부근),2015-07-07,06시경,중상,남,42세,승용차,상해없음,여,65세,자전거,중상,차대차 - 측면직각충돌,신호위반,맑음,0,1
2015,인천광역시 계양구2,인천광역시 계양구 작전동(실나리삼거리 부근),2015-05-05,11시경,경상,남,48세,승용차,상해없음,남,8세,자전거,경상,차대차 - 기타,신호위반,맑음,0,1
2015,인천광역시 계양구2,인천광역시 계양구 작전동(실나리삼거리 부근),2015-06-01,11시경,경상,여,32세,승용차,상해없음,여,47세,자전거,경상,차대차 - 측면직각충돌,신호위반,맑음,0,1
2015,인천광역시 계양구2,인천광역시 계양구 작전동(실나리삼거리 부근),2015-09-03,16시경,중상,남,58세,승합차,상해없음,남,67세,자전거,중상,차대차 - 정면충돌,신호위반,맑음,0,1
2015,인천광역시 계양구2,인천광역시 계양구 작전동(실나리삼거리 부근),2015-07-31,17시경,경상,남,18세,자전거,상해없음,여,42세,보행자,경상,차대사람 - 기타,신호위반,맑음,0,1