사고년도,다발시군구,지점명,사고일시,사고시간대,사고등급,가해자성별,가해자연령,가해차종,가해자신체상해정도,피해자성별,피해자연령,피해차종,피해자신체상해정도,사고유형,가해자법규위반,기상상태,사망자수,부상자수
2015,인천광역시 계양구2,인천광역시 계양구 작전동(실나리삼거리 부근),2015-03-27,15시경,경상,남,44세,자전거,상해없음,여,12세,보행자,경상,차대사람 - 길가장자리구역통행중,안전운전불이행,맑음,0,1
2015,인천광역시 계양구4,인천광역시 계양구 작전동(작전현대2차아파트 부근),2015-02-11,19시경,중상,남,22세,승용차,상해없음,남,18세,자전거,중상,차대차 - 기타,안전운전불이행,맑음,0,1
2015,인천광역시 계양구4,인천광역시 계양구 작전동(작전현대2차아파트 부근),2015-10-31,09시경,중상,남,39세,승용차,상해없음,여,54세,자전거,중상,차대차 - 측면직각충돌,안전운전불이행,맑음,0,1
2015,인천광역시 계양구4,인천광역시 계양구 작전동(작전현대2차아파트 부근),2015-08-18,05시경,중상,남,62세,승용차,상해없음,남,55세,자전거,중상,차대차 - 측면직각충돌,안전운전불이행,맑음,0,1
2015,인천광역시 계양구4,인천광역시 계양구 작전동(작전현대2차아파트 부근),2015-12-28,06시경,경상,남,49세,승합차,상해없음,여,48세,자전거,경상,차대차 - 정면충돌,안전운전불이행,맑음,0,1
2015,인천광역시 계양구4,인천광역시 계양구 작전동(작전현대2차아파트 부근),2015-06-05,11시경,중상,남,61세,승합차,상해없음,남,83세,자전거,중상,차대차 - 측면직각충돌,안전운전불이행,맑음,0,1
2015,인천광역시 계양구1,인천광역시 계양구 용종동(계산여자고등학교 부근),2015-01-05,08시경,중상,남,35세,승용차,상해없음,여,39세,자전거,중상,차대차 - 기타,신호위반,맑음,0,1
2015,인천광역시 계양구1,인천광역시 계양구 용종동(계산여자고등학교 부근),2015-01-08,08시경,중상,여,36세,승용차,상해없음,여,59세,자전거,중상,차대차 - 측면직각충돌,안전운전불이행,맑음,0,1
2015,인천광역시 계양구1,인천광역시 계양구 용종동(계산여자고등학교 부근),2015-10-23,08시경,중상,여,50세,승용차,상해없음,남,16세,자전거,중상,차대차 - 측면직각충돌,안전운전불이행,맑음,0,1
2015,인천광역시 계양구1,인천광역시 계양구 용종동(계산여자고등학교 부근),2015-06-13,09시경,부상신고,남,45세,자전거,상해없음,남,58세,자전거,부상신고,차대차 - 기타,안전운전불이행,맑음,0,1
2015,인천광역시 계양구1,인천광역시 계양구 용종동(계산여자고등학교 부근),2015-12-06,12시경,중상,남,48세,자전거,중상,남,51세,승용차,상해없음,차대차 - 측면직각충돌,중앙선침범,맑음,0,1
2015,인천광역시 계양구1,인천광역시 계양구 용종동(계산여자고등학교 부근),2015-02-10,13시경,중상,여,40세,자전거,중상,남,72세,승용차,상해없음,차대차 - 측면직각충돌,신호위반,맑음,0,1
2015,인천광역시 계양구1,인천광역시 계양구 용종동(계산여자고등학교 부근),2015-06-26,11시경,중상,여,46세,자전거,중상,없음,불명,없음,없음,차량단독 - 기타,안전운전불이행,맑음,0,1
2015,인천광역시 계양구5,인천광역시 계양구 박촌동(가람푸드물류(주) 부근),2015-11-20,07시경,부상신고,남,51세,승용차,상해없음,남,17세,자전거,부상신고,차대차 - 측면직각충돌,안전운전불이행,맑음,0,1
2015,인천광역시 계양구5,인천광역시 계양구 박촌동(가람푸드물류(주) 부근),2015-11-06,08시경,경상,여,42세,승용차,상해없음,남,15세,자전거,경상,차대차 - 측면직각충돌,안전운전불이행,맑음,0,1
2015,인천광역시 계양구5,인천광역시 계양구 박촌동(가람푸드물류(주) 부근),2015-10-29,07시경,중상,남,48세,화물차,상해없음,여,52세,자전거,중상,차대차 - 측면직각충돌,안전운전불이행,맑음,0,1
2015,인천광역시 계양구5,인천광역시 계양구 박촌동(가람푸드물류(주) 부근),2015-09-07,06시경,중상,남,72세,화물차,상해없음,남,72세,자전거,중상,차대차 - 측면직각충돌,안전운전불이행,맑음,0,1
2015,인천광역시 계양구3,인천광역시 계양구 둑실동(귤현동차량기지 부근),2015-01-15,07시경,경상,기타불명,불명,승용차,기타불명,남,55세,자전거,경상,차대차 - 측면직각충돌,안전운전불이행,맑음,0,1
2015,인천광역시 계양구3,인천광역시 계양구 둑실동(귤현동차량기지 부근),2015-04-22,19시경,중상,남,44세,승용차,상해없음,남,45세,자전거,중상,차대차 - 측면직각충돌,신호위반,맑음,0,1
2015,인천광역시 계양구3,인천광역시 계양구 둑실동(귤현동차량기지 부근),2015-02-15,13시경,중상,남,22세,자전거,상해없음,남,54세,보행자,중상,차대사람 - 기타,안전운전불이행,맑음,0,1
2015,인천광역시 계양구3,인천광역시 계양구 둑실동(귤현동차량기지 부근),2015-09-20,13시경,중상,남,61세,자전거,상해없음,여,32세,자전거,중상,차대차 - 측면직각충돌,안전운전불이행,맑음,0,1
2015,인천광역시 계양구3,인천광역시 계양구 둑실동(귤현동차량기지 부근),2015-05-05,17시경,중상,남,9세,자전거,상해없음,남,15세,자전거,중상,차대차 - 정면충돌,안전운전불이행,맑음,0,1
2015,인천광역시 서구1,인천광역시 서구 경서동( ),2015-07-01,20시경,경상,기타불명,불명,승용차,기타불명,여,18세,자전거,경상,차대차 - 기타,안전운전불이행,맑음,0,1
2015,인천광역시 서구1,인천광역시 서구 경서동( ),2015-08-26,09시경,중상,남,23세,승용차,상해없음,여,23세,자전거,중상,차대차 - 측면직각충돌,안전운전불이행,맑음,0,1
2015,인천광역시 서구1,인천광역시 서구 경서동( ),2015-08-31,13시경,경상,남,72세,승용차,상해없음,남,79세,자전거,경상,차대차 - 측면직각충돌,신호위반,맑음,0,1
2015,인천광역시 서구1,인천광역시 서구 경서동( ),2015-05-08,11시경,경상,남,73세,승용차,상해없음,남,12세,자전거,경상,차대차 - 측면직각충돌,신호위반,맑음,0,1
2015,인천광역시 서구1,인천광역시 서구 경서동( ),2015-06-12,16시경,중상,여,42세,승용차,상해없음,여,23세,자전거,중상,차대차 - 측면직각충돌,안전운전불이행,맑음,0,1
2015,인천광역시 서구1,인천광역시 서구 경서동( ),2015-08-03,20시경,경상,남,17세,원동기장치자전거,상해없음,남,13세,자전거,경상,차대차 - 측면직각충돌,신호위반,맑음,0,1
2015,광주광역시 동구1,광주광역시 동구 산수동(산수오거리 부근),2015-10-23,23시경,중상,기타불명,불명,승용차,기타불명,남,55세,자전거,중상,차대차 - 기타,안전운전불이행,맑음,0,1
2015,광주광역시 동구1,광주광역시 동구 산수동(산수오거리 부근),2015-04-23,16시경,경상,남,37세,자전거,상해없음,여,60세,보행자,경상,차대사람 - 기타,안전운전불이행,맑음,0,1
2015,광주광역시 동구1,광주광역시 동구 산수동(산수오거리 부근),2015-09-07,15시경,경상,남,56세,자전거,경상,남,55세,승용차,상해없음,차대차 - 기타,안전운전불이행,맑음,0,1
2015,광주광역시 동구1,광주광역시 동구 산수동(산수오거리 부근),2015-10-16,05시경,경상,여,71세,자전거,경상,남,33세,승용차,상해없음,차대차 - 측면직각충돌,중앙선침범,흐림,0,1
2015,광주광역시 동구1,광주광역시 동구 산수동(산수오거리 부근),2015-06-27,10시경,경상,남,45세,화물차,상해없음,남,12세,자전거,경상,차대차 - 측면직각충돌,안전운전불이행,맑음,0,1
2015,광주광역시 북구1,광주광역시 북구 우산동(말바우사거리 부근),2015-10-10,10시경,경상,기타불명,불명,승용차,기타불명,남,12세,자전거,경상,차대차 - 기타,안전운전불이행,맑음,0,1
2015,광주광역시 북구1,광주광역시 북구 우산동(말바우사거리 부근),2015-05-23,14시경,경상,남,34세,승용차,상해없음,남,70세,자전거,경상,차대차 - 측면직각충돌,안전운전불이행,맑음,0,1
2015,광주광역시 북구1,광주광역시 북구 우산동(말바우사거리 부근),2015-04-07,09시경,경상,여,67세,승용차,기타불명,남,38세,자전거,경상,차대차 - 추돌 - 주정차중,안전운전불이행,맑음,0,1
2015,광주광역시 북구1,광주광역시 북구 우산동(말바우사거리 부근),2015-10-09,09시경,경상,남,13세,자전거,상해없음,여,59세,보행자,경상,차대사람 - 횡단중,중앙선침범,맑음,0,1
2015,광주광역시 북구1,광주광역시 북구 우산동(말바우사거리 부근),2015-09-25,23시경,중상,남,55세,자전거,중상,남,41세,승용차,상해없음,차대차 - 기타,차로위반,기타,0,1
2015,광주광역시 광산구1,광주광역시 광산구 송정동(조은인테리어 부근),2015-05-14,13시경,중상,남,72세,승용차,상해없음,남,61세,자전거,중상,차대차 - 추돌 - 진행중,안전운전불이행,맑음,0,1
2015,광주광역시 광산구1,광주광역시 광산구 송정동(조은인테리어 부근),2015-03-25,12시경,경상,남,27세,자전거,경상,남,52세,화물차,상해없음,차대차 - 측면직각충돌,중앙선침범,맑음,0,1
2015,광주광역시 광산구1,광주광역시 광산구 송정동(조은인테리어 부근),2015-08-04,11시경,경상,남,57세,자전거,경상,남,40세,화물차,상해없음,차대차 - 기타,안전운전불이행,맑음,0,1
2015,광주광역시 광산구1,광주광역시 광산구 송정동(조은인테리어 부근),2015-12-05,14시경,경상,남,66세,자전거,경상,남,36세,승용차,상해없음,차대차 - 정면충돌,신호위반,흐림,0,1
2015,광주광역시 광산구1,광주광역시 광산구 송정동(조은인테리어 부근),2015-03-08,16시경,부상신고,기타불명,불명,화물차,기타불명,여,55세,자전거,부상신고,차대차 - 추돌 - 진행중,안전운전불이행,맑음,0,1
2015,광주광역시 광산구2,광주광역시 광산구 월계동(라인사거리A 부근),2015-06-17,22시경,경상,남,57세,승용차,상해없음,남,15세,자전거,경상,차대차 - 측면직각충돌,안전운전불이행,맑음,0,1
2015,광주광역시 광산구2,광주광역시 광산구 월계동(라인사거리A 부근),2015-11-12,11시경,경상,남,53세,승합차,상해없음,남,78세,자전거,경상,차대차 - 기타,안전운전불이행,맑음,0,1
2015,광주광역시 광산구2,광주광역시 광산구 월계동(라인사거리A 부근),2015-10-23,15시경,경상,기타불명,불명,자전거,기타불명,여,1세,보행자,경상,차대사람 - 기타,안전운전불이행,맑음,0,1
2015,광주광역시 광산구2,광주광역시 광산구 월계동(라인사거리A 부근),2015-08-19,21시경,경상,남,16세,자전거,경상,여,36세,승용차,상해없음,차대차 - 측면직각충돌,신호위반,맑음,0,1
2015,대전광역시 동구1,대전광역시 동구 용전동(오성전기조명 부근),2015-09-10,18시경,경상,남,28세,승용차,상해없음,남,68세,자전거,경상,차대차 - 기타,안전운전불이행,맑음,0,1
2015,대전광역시 동구1,대전광역시 동구 용전동(오성전기조명 부근),2015-07-02,07시경,중상,남,33세,승용차,상해없음,여,25세,자전거,중상,차대차 - 측면직각충돌,안전운전불이행,맑음,0,1
2015,대전광역시 동구1,대전광역시 동구 용전동(오성전기조명 부근),2015-06-04,09시경,경상,남,37세,승용차,상해없음,남,25세,자전거,경상,차대차 - 측면직각충돌,기타,맑음,0,1
2015,대전광역시 동구1,대전광역시 동구 용전동(오성전기조명 부근),2015-08-02,16시경,경상,남,41세,승용차,상해없음,남,57세,자전거,경상,차대차 - 측면직각충돌,안전운전불이행,맑음,0,1
2015,대전광역시 동구1,대전광역시 동구 용전동(오성전기조명 부근),2015-11-23,08시경,경상,남,52세,승용차,상해없음,남,14세,자전거,경상,차대차 - 정면충돌,안전운전불이행,맑음,0,1
2015,대전광역시 동구1,대전광역시 동구 용전동(오성전기조명 부근),2015-02-11,08시경,경상,남,57세,승용차,상해없음,남,41세,자전거,경상,차대차 - 측면직각충돌,안전운전불이행,맑음,0,1
2015,대전광역시 중구6,대전광역시 중구 대사동(카트자동차용품 부근),2015-09-11,22시경,경상,남,26세,승용차,상해없음,남,15세,자전거,경상,차대차 - 추돌 - 진행중,신호위반,맑음,0,1
2015,대전광역시 중구6,대전광역시 중구 대사동(카트자동차용품 부근),2015-10-07,18시경,중상,남,56세,승용차,상해없음,남,68세,자전거,중상,차대차 - 기타,안전운전불이행,맑음,0,1
2015,대전광역시 중구6,대전광역시 중구 대사동(카트자동차용품 부근),2015-08-13,12시경,경상,여,32세,승용차,상해없음,남,7세,자전거,경상,차대차 - 기타,안전운전불이행,맑음,0,1
2015,대전광역시 중구6,대전광역시 중구 대사동(카트자동차용품 부근),2015-06-29,11시경,중상,여,57세,승용차,상해없음,남,35세,자전거,중상,차대차 - 기타,안전운전불이행,맑음,0,1
2015,대전광역시 중구7,대전광역시 중구 용두동(서대전초교삼거리 부근),2015-09-12,12시경,중상,남,50세,승용차,상해없음,남,67세,자전거,중상,차대차 - 측면직각충돌,안전운전불이행,맑음,0,1
2015,대전광역시 중구7,대전광역시 중구 용두동(서대전초교삼거리 부근),2015-09-21,16시경,경상,남,51세,승용차,상해없음,남,73세,자전거,경상,차대차 - 측면직각충돌,안전운전불이행,맑음,0,1
2015,대전광역시 중구7,대전광역시 중구 용두동(서대전초교삼거리 부근),2015-12-09,16시경,경상,남,64세,승용차,상해없음,여,76세,자전거,경상,차대차 - 측면직각충돌,안전운전불이행,맑음,0,1
2015,대전광역시 중구7,대전광역시 중구 용두동(서대전초교삼거리 부근),2015-05-07,21시경,중상,여,38세,승용차,상해없음,남,41세,자전거,중상,차대차 - 측면직각충돌,신호위반,맑음,0,1
2015,대전광역시 중구1,대전광역시 중구 오류동(알프스레져 부근),2015-10-03,18시경,중상,남,28세,승용차,상해없음,남,66세,자전거,중상,차대차 - 측면직각충돌,안전운전불이행,맑음,0,1
2015,대전광역시 중구1,대전광역시 중구 오류동(알프스레져 부근),2015-09-16,04시경,사망,남,52세,승용차,상해없음,남,89세,자전거,사망,차대차 - 측면직각충돌,과속,맑음,1,0
2015,대전광역시 중구1,대전광역시 중구 오류동(알프스레져 부근),2015-02-04,20시경,중상,남,61세,승용차,상해없음,여,63세,자전거,중상,차대차 - 측면직각충돌,안전운전불이행,맑음,0,1
2015,대전광역시 중구1,대전광역시 중구 오류동(알프스레져 부근),2015-06-14,22시경,경상,남,65세,승용차,상해없음,남,42세,자전거,경상,차대차 - 측면직각충돌,안전운전불이행,맑음,0,1
2015,대전광역시 중구1,대전광역시 중구 오류동(알프스레져 부근),2015-10-28,07시경,경상,여,54세,승용차,상해없음,남,12세,자전거,경상,차대차 - 추돌 - 진행중,안전운전불이행,맑음,0,1
2015,대전광역시 중구1,대전광역시 중구 오류동(알프스레져 부근),2015-04-28,13시경,경상,남,46세,원동기장치자전거,상해없음,남,14세,자전거,경상,차대차 - 측면직각충돌,안전운전불이행,맑음,0,1
2015,대전광역시 중구1,대전광역시 중구 오류동(알프스레져 부근),2015-03-09,09시경,사망,남,28세,화물차,상해없음,남,79세,자전거,사망,차대차 - 기타,안전운전불이행,맑음,1,0
2015,대전광역시 중구1,대전광역시 중구 오류동(알프스레져 부근),2015-06-30,20시경,경상,남,35세,화물차,상해없음,남,14세,자전거,경상,차대차 - 측면직각충돌,안전운전불이행,비,0,1
2015,대전광역시 중구5,대전광역시 중구 태평동(가장교 부근),2015-06-05,08시경,중상,남,50세,승용차,상해없음,남,70세,자전거,중상,차대차 - 측면직각충돌,안전운전불이행,맑음,0,1
2015,대전광역시 중구5,대전광역시 중구 태평동(가장교 부근),2015-03-08,13시경,중상,남,72세,승용차,상해없음,남,18세,자전거,중상,차대차 - 측면직각충돌,안전운전불이행,맑음,0,1
2015,대전광역시 중구5,대전광역시 중구 태평동(가장교 부근),2015-09-27,21시경,경상,여,48세,승용차,상해없음,남,55세,자전거,경상,차대차 - 기타,안전운전불이행,맑음,0,1
2015,대전광역시 중구5,대전광역시 중구 태평동(가장교 부근),2015-08-04,15시경,경상,남,27세,원동기장치자전거,상해없음,여,59세,자전거,경상,차대차 - 측면직각충돌,안전운전불이행,맑음,0,1
2015,대전광역시 중구8,대전광역시 중구 태평동(태평1동사무소 부근),2015-07-10,18시경,경상,남,47세,승용차,상해없음,여,46세,자전거,경상,차대차 - 기타,안전운전불이행,맑음,0,1
2015,대전광역시 중구8,대전광역시 중구 태평동(태평1동사무소 부근),2015-10-14,18시경,중상,남,57세,승용차,상해없음,여,68세,자전거,중상,차대차 - 측면직각충돌,안전운전불이행,맑음,0,1
2015,대전광역시 중구8,대전광역시 중구 태평동(태평1동사무소 부근),2015-03-07,18시경,경상,남,58세,승용차,상해없음,남,60세,자전거,경상,차대차 - 측면직각충돌,신호위반,맑음,0,1
2015,대전광역시 중구8,대전광역시 중구 태평동(태평1동사무소 부근),2015-08-07,21시경,경상,여,51세,승용차,상해없음,남,45세,자전거,경상,차대차 - 측면직각충돌,신호위반,맑음,0,1
2015,대전광역시 중구2,대전광역시 중구 유천동(유천예식장네거리 부근),2015-09-03,13시경,경상,기타불명,불명,불명,기타불명,여,64세,자전거,경상,차대차 - 측면직각충돌,안전운전불이행,맑음,0,1
2015,대전광역시 중구2,대전광역시 중구 유천동(유천예식장네거리 부근),2015-10-04,12시경,부상신고,기타불명,불명,승용차,기타불명,남,13세,자전거,부상신고,차대차 - 측면직각충돌,안전운전불이행,맑음,0,1
2015,대전광역시 중구2,대전광역시 중구 유천동(유천예식장네거리 부근),2015-12-09,16시경,중상,남,22세,승용차,상해없음,남,62세,자전거,중상,차대차 - 측면직각충돌,안전운전불이행,맑음,0,1
2015,대전광역시 중구2,대전광역시 중구 유천동(유천예식장네거리 부근),2015-10-30,22시경,중상,남,50세,승용차,상해없음,남,61세,자전거,경상,차대차 - 기타,안전운전불이행,맑음,0,2
2015,대전광역시 중구2,대전광역시 중구 유천동(유천예식장네거리 부근),2015-10-26,19시경,경상,여,53세,승용차,상해없음,남,13세,자전거,경상,차대차 - 측면직각충돌,신호위반,맑음,0,1
2015,대전광역시 중구2,대전광역시 중구 유천동(유천예식장네거리 부근),2015-12-01,12시경,경상,여,62세,승용차,기타불명,남,80세,자전거,경상,차대차 - 측면직각충돌,교차로운행방법위반,맑음,0,1
2015,대전광역시 중구2,대전광역시 중구 유천동(유천예식장네거리 부근),2015-07-21,03시경,경상,남,42세,화물차,상해없음,여,56세,자전거,경상,차대차 - 측면직각충돌,안전운전불이행,맑음,0,1
2015,대전광역시 중구3,대전광역시 중구 유천동(도마교네거리 부근),2015-04-01,17시경,경상,남,45세,승용차,상해없음,남,55세,자전거,경상,차대차 - 측면직각충돌,안전운전불이행,맑음,0,1
2015,대전광역시 중구3,대전광역시 중구 유천동(도마교네거리 부근),2015-03-27,14시경,중상,남,49세,승용차,상해없음,남,13세,자전거,중상,차대차 - 측면직각충돌,안전운전불이행,맑음,0,1
2015,대전광역시 중구3,대전광역시 중구 유천동(도마교네거리 부근),2015-08-09,22시경,사망,여,71세,승용차,상해없음,남,82세,자전거,사망,차대차 - 기타,안전운전불이행,맑음,1,0
2015,대전광역시 중구3,대전광역시 중구 유천동(도마교네거리 부근),2015-07-17,20시경,경상,여,58세,자전거,경상,남,58세,승용차,상해없음,차대차 - 측면직각충돌,안전운전불이행,맑음,0,1
2015,대전광역시 중구3,대전광역시 중구 유천동(도마교네거리 부근),2015-08-16,15시경,중상,남,61세,화물차,상해없음,남,46세,자전거,중상,차대차 - 추돌 - 진행중,안전운전불이행,맑음,0,1
2015,대전광역시 중구4,대전광역시 중구 문화동(서대전네거리 부근),2015-07-07,17시경,중상,남,31세,승용차,상해없음,남,79세,자전거,중상,차대차 - 기타,안전운전불이행,맑음,0,1
2015,대전광역시 중구4,대전광역시 중구 문화동(서대전네거리 부근),2015-03-29,07시경,중상,남,44세,승용차,상해없음,남,87세,자전거,중상,차대차 - 측면직각충돌,안전운전불이행,맑음,0,1
2015,대전광역시 중구4,대전광역시 중구 문화동(서대전네거리 부근),2015-10-08,22시경,경상,남,58세,승용차,상해없음,남,14세,자전거,경상,차대차 - 측면직각충돌,안전운전불이행,맑음,0,1
2015,대전광역시 중구4,대전광역시 중구 문화동(서대전네거리 부근),2015-05-20,09시경,경상,남,66세,승용차,상해없음,남,83세,자전거,경상,차대차 - 측면직각충돌,안전운전불이행,맑음,0,1
2015,대전광역시 중구4,대전광역시 중구 문화동(서대전네거리 부근),2015-09-03,15시경,중상,남,67세,승용차,기타불명,남,69세,자전거,중상,차대차 - 기타,안전운전불이행,맑음,0,1
2015,대전광역시 서구2,대전광역시 서구 괴정동(조선일보용문지국 부근),2015-06-24,09시경,경상,남,22세,승용차,상해없음,여,26세,자전거,경상,차대차 - 측면직각충돌,안전운전불이행,맑음,0,1
2015,대전광역시 서구2,대전광역시 서구 괴정동(조선일보용문지국 부근),2015-04-09,18시경,경상,남,33세,승용차,상해없음,여,39세,자전거,경상,차대차 - 측면직각충돌,안전운전불이행,맑음,0,1
2015,대전광역시 서구2,대전광역시 서구 괴정동(조선일보용문지국 부근),2015-05-12,17시경,경상,남,36세,승용차,상해없음,남,69세,자전거,경상,차대차 - 측면직각충돌,안전운전불이행,맑음,0,1
2015,대전광역시 서구2,대전광역시 서구 괴정동(조선일보용문지국 부근),2015-03-27,19시경,중상,남,46세,승용차,상해없음,남,14세,자전거,중상,차대차 - 측면직각충돌,안전운전불이행,맑음,0,1
2015,대전광역시 서구2,대전광역시 서구 괴정동(조선일보용문지국 부근),2015-04-21,15시경,경상,남,53세,승용차,상해없음,여,8세,자전거,경상,차대차 - 측면직각충돌,안전운전불이행,맑음,0,1
2015,대전광역시 서구2,대전광역시 서구 괴정동(조선일보용문지국 부근),2015-07-10,17시경,경상,기타불명,불명,자전거,기타불명,남,12세,보행자,경상,차대사람 - 보도통행중,안전운전불이행,맑음,0,1
2015,대전광역시 서구4,대전광역시 서구 가장동(가장교 부근),2015-03-17,08시경,중상,여,21세,승용차,상해없음,남,71세,자전거,중상,차대차 - 측면직각충돌,안전운전불이행,맑음,0,1
2015,대전광역시 서구4,대전광역시 서구 가장동(가장교 부근),2015-07-10,10시경,중상,여,55세,승용차,상해없음,여,44세,자전거,중상,차대차 - 측면직각충돌,안전운전불이행,맑음,0,1
2015,대전광역시 서구4,대전광역시 서구 가장동(가장교 부근),2015-10-13,16시경,부상신고,남,68세,자전거,상해없음,남,29세,자전거,부상신고,차대차 - 측면직각충돌,안전운전불이행,맑음,0,1
2015,대전광역시 서구4,대전광역시 서구 가장동(가장교 부근),2015-06-13,11시경,중상,여,45세,자전거,상해없음,여,67세,보행자,중상,차대사람 - 차도통행중,안전운전불이행,맑음,0,1
2015,대전광역시 서구1,대전광역시 서구 둔산동(SK네트웍스(주)대전지사 부근),2015-08-15,00시경,경상,기타불명,불명,불명,기타불명,남,22세,자전거,경상,차대차 - 측면직각충돌,안전운전불이행,맑음,0,1
2015,대전광역시 서구1,대전광역시 서구 둔산동(SK네트웍스(주)대전지사 부근),2015-09-09,08시경,경상,남,22세,승용차,상해없음,여,19세,자전거,경상,차대차 - 측면직각충돌,안전운전불이행,기타,0,2
2015,대전광역시 서구1,대전광역시 서구 둔산동(SK네트웍스(주)대전지사 부근),2015-05-01,12시경,중상,남,48세,승용차,상해없음,남,17세,자전거,중상,차대차 - 측면직각충돌,안전운전불이행,맑음,0,1
2015,대전광역시 서구1,대전광역시 서구 둔산동(SK네트웍스(주)대전지사 부근),2015-04-29,20시경,경상,남,52세,승용차,상해없음,남,13세,자전거,경상,차대차 - 측면직각충돌,안전운전불이행,맑음,0,1
2015,대전광역시 서구1,대전광역시 서구 둔산동(SK네트웍스(주)대전지사 부근),2015-10-23,22시경,경상,남,58세,승용차,상해없음,남,25세,자전거,경상,차대차 - 기타,안전운전불이행,맑음,0,1
2015,대전광역시 서구1,대전광역시 서구 둔산동(SK네트웍스(주)대전지사 부근),2015-02-03,19시경,중상,남,61세,승용차,상해없음,남,20세,자전거,중상,차대차 - 기타,안전운전불이행,맑음,0,1
2015,대전광역시 서구1,대전광역시 서구 둔산동(SK네트웍스(주)대전지사 부근),2015-10-13,16시경,경상,여,35세,승용차,상해없음,남,31세,자전거,경상,차대차 - 기타,안전운전불이행,맑음,0,1
2015,대전광역시 서구5,대전광역시 서구 둔산동(모정사거리 부근),2015-06-20,20시경,중상,여,32세,승용차,상해없음,남,16세,자전거,중상,차대차 - 기타,신호위반,비,0,1
2015,대전광역시 서구5,대전광역시 서구 둔산동(모정사거리 부근),2015-05-06,19시경,경상,여,33세,승용차,상해없음,여,31세,자전거,경상,차대차 - 측면직각충돌,안전운전불이행,맑음,0,1
2015,대전광역시 서구5,대전광역시 서구 둔산동(모정사거리 부근),2015-11-04,20시경,부상신고,여,38세,승용차,상해없음,남,12세,자전거,부상신고,차대차 - 기타,안전운전불이행,맑음,0,1
2015,대전광역시 서구5,대전광역시 서구 둔산동(모정사거리 부근),2015-12-20,22시경,경상,여,43세,승용차,상해없음,여,54세,자전거,경상,차대차 - 정면충돌,안전운전불이행,맑음,0,1
2015,대전광역시 서구3,대전광역시 서구 월평동(월평삼거리 부근),2015-06-28,18시경,중상,남,30세,승용차,상해없음,남,65세,자전거,중상,차대차 - 측면직각충돌,안전운전불이행,기타,0,1
2015,대전광역시 서구3,대전광역시 서구 월평동(월평삼거리 부근),2015-04-30,09시경,중상,남,43세,승용차,상해없음,남,54세,자전거,중상,차대차 - 측면직각충돌,안전운전불이행,맑음,0,1
2015,대전광역시 서구3,대전광역시 서구 월평동(월평삼거리 부근),2015-06-16,09시경,중상,남,74세,승합차,상해없음,남,73세,자전거,중상,차대차 - 측면직각충돌,안전운전불이행,맑음,0,1
2015,대전광역시 서구3,대전광역시 서구 월평동(월평삼거리 부근),2015-03-01,18시경,경상,남,76세,자전거,상해없음,남,68세,보행자,경상,차대사람 - 보도통행중,안전운전불이행,맑음,0,1
2015,대전광역시 유성구1,대전광역시 유성구 원내동(진잠네거리 부근),2015-10-05,14시경,중상,남,66세,건설기계,상해없음,남,77세,자전거,중상,차대차 - 측면직각충돌,안전운전불이행,맑음,0,1
2015,대전광역시 유성구1,대전광역시 유성구 원내동(진잠네거리 부근),2015-10-07,18시경,경상,남,41세,승용차,상해없음,남,17세,자전거,경상,차대차 - 기타,안전운전불이행,맑음,0,1
2015,대전광역시 유성구1,대전광역시 유성구 원내동(진잠네거리 부근),2015-05-19,16시경,경상,남,86세,승용차,상해없음,여,64세,자전거,경상,차대차 - 측면직각충돌,신호위반,맑음,0,1
2015,대전광역시 유성구1,대전광역시 유성구 원내동(진잠네거리 부근),2015-05-19,21시경,중상,남,48세,화물차,상해없음,여,7세,자전거,중상,차대차 - 기타,신호위반,흐림,0,1
2015,대전광역시 유성구2,대전광역시 유성구 상대동(태극카써비스 부근),2015-06-02,15시경,경상,기타불명,불명,불명,기타불명,남,54세,자전거,경상,차대차 - 측면직각충돌,안전운전불이행,맑음,0,1
2015,대전광역시 유성구2,대전광역시 유성구 상대동(태극카써비스 부근),2015-08-25,14시경,중상,남,68세,승용차,상해없음,남,73세,자전거,중상,차대차 - 측면직각충돌,안전운전불이행,비,0,1
2015,대전광역시 유성구2,대전광역시 유성구 상대동(태극카써비스 부근),2015-08-06,20시경,경상,남,14세,자전거,경상,남,28세,화물차,상해없음,차대차 - 기타,안전운전불이행,맑음,0,1
2015,대전광역시 유성구2,대전광역시 유성구 상대동(태극카써비스 부근),2015-08-11,06시경,경상,남,33세,화물차,상해없음,남,11세,자전거,경상,차대차 - 기타,신호위반,맑음,0,1
2015,대전광역시 대덕구1,대전광역시 대덕구 오정동(초원축산직영축산물직판장 부근),2015-01-16,08시경,중상,여,32세,승용차,상해없음,남,76세,자전거,중상,차대차 - 기타,교차로운행방법위반,맑음,0,1
2015,대전광역시 대덕구1,대전광역시 대덕구 오정동(초원축산직영축산물직판장 부근),2015-06-29,16시경,중상,여,46세,승용차,상해없음,남,15세,자전거,중상,차대차 - 기타,안전운전불이행,맑음,0,1
2015,대전광역시 대덕구1,대전광역시 대덕구 오정동(초원축산직영축산물직판장 부근),2015-03-27,18시경,중상,남,59세,자전거,중상,남,52세,승용차,상해없음,차대차 - 기타,안전운전불이행,맑음,0,1