사고년도,다발시군구,지점명,사고일시,사고시간대,사고등급,가해자성별,가해자연령,가해차종,가해자신체상해정도,피해자성별,피해자연령,피해차종,피해자신체상해정도,사고유형,가해자법규위반,기상상태,사망자수,부상자수
2015,대전광역시 대덕구1,대전광역시 대덕구 오정동(초원축산직영축산물직판장 부근),2015-12-30,07시경,경상,남,38세,화물차,상해없음,남,26세,자전거,경상,차대차 - 측면직각충돌,교차로운행방법위반,맑음,0,1
2015,대전광역시 대덕구1,대전광역시 대덕구 오정동(초원축산직영축산물직판장 부근),2015-05-11,13시경,경상,남,48세,화물차,상해없음,남,82세,자전거,경상,차대차 - 기타,안전운전불이행,맑음,0,1
2015,대전광역시 대덕구1,대전광역시 대덕구 오정동(초원축산직영축산물직판장 부근),2015-11-04,17시경,경상,남,56세,화물차,상해없음,남,48세,자전거,경상,차대차 - 기타,안전운전불이행,흐림,0,1
2015,대전광역시 대덕구1,대전광역시 대덕구 오정동(초원축산직영축산물직판장 부근),2015-07-28,19시경,경상,남,57세,화물차,상해없음,남,70세,자전거,경상,차대차 - 측면직각충돌,안전운전불이행,맑음,0,1
2015,대전광역시 대덕구2,대전광역시 대덕구 중리동(중리네거리 부근),2015-06-27,21시경,경상,남,54세,승용차,상해없음,남,19세,자전거,경상,차대차 - 기타,안전운전불이행,맑음,0,1
2015,대전광역시 대덕구2,대전광역시 대덕구 중리동(중리네거리 부근),2015-09-14,21시경,경상,남,59세,승용차,상해없음,남,15세,자전거,경상,차대차 - 기타,신호위반,맑음,0,1
2015,대전광역시 대덕구2,대전광역시 대덕구 중리동(중리네거리 부근),2015-05-20,16시경,경상,남,63세,승용차,상해없음,남,16세,자전거,경상,차대차 - 기타,안전운전불이행,맑음,0,1
2015,대전광역시 대덕구2,대전광역시 대덕구 중리동(중리네거리 부근),2015-10-02,15시경,중상,남,23세,자전거,상해없음,여,71세,보행자,중상,차대사람 - 보도통행중,안전운전불이행,맑음,0,1
2015,대전광역시 대덕구2,대전광역시 대덕구 중리동(중리네거리 부근),2015-07-23,20시경,경상,남,26세,화물차,상해없음,여,64세,자전거,경상,차대차 - 측면직각충돌,안전운전불이행,맑음,0,1
2015,울산광역시 중구1,울산광역시 중구 학산동(안국한의원앞사거리 부근),2015-04-20,19시경,중상,남,30세,승용차,상해없음,남,61세,자전거,중상,차대차 - 측면직각충돌,안전운전불이행,맑음,0,1
2015,울산광역시 중구1,울산광역시 중구 학산동(안국한의원앞사거리 부근),2015-07-17,17시경,경상,남,51세,승용차,상해없음,남,66세,자전거,경상,차대차 - 측면직각충돌,직진우회전진행방해,맑음,0,1
2015,울산광역시 중구1,울산광역시 중구 학산동(안국한의원앞사거리 부근),2015-03-08,16시경,중상,남,54세,승용차,상해없음,남,75세,자전거,중상,차대차 - 측면직각충돌,안전운전불이행,맑음,0,1
2015,울산광역시 중구1,울산광역시 중구 학산동(안국한의원앞사거리 부근),2015-03-15,08시경,경상,남,55세,승용차,상해없음,남,67세,자전거,경상,차대차 - 기타,안전운전불이행,맑음,0,1
2015,울산광역시 중구1,울산광역시 중구 학산동(안국한의원앞사거리 부근),2015-08-05,15시경,중상,남,65세,자전거,중상,남,36세,승용차,상해없음,차대차 - 측면직각충돌,불법유턴,맑음,0,1
2015,울산광역시 중구1,울산광역시 중구 학산동(안국한의원앞사거리 부근),2015-03-21,14시경,중상,여,60세,자전거,중상,남,48세,승합차,상해없음,차대차 - 측면직각충돌,안전운전불이행,맑음,0,1
2015,울산광역시 중구1,울산광역시 중구 학산동(안국한의원앞사거리 부근),2015-03-26,14시경,경상,남,47세,화물차,상해없음,여,55세,자전거,경상,차대차 - 측면직각충돌,신호위반,맑음,0,1
2015,울산광역시 중구4,울산광역시 중구 복산동(빨간풍차 부근),2015-08-21,20시경,중상,기타불명,불명,불명,기타불명,남,79세,자전거,중상,차대차 - 기타,안전운전불이행,맑음,0,1
2015,울산광역시 중구4,울산광역시 중구 복산동(빨간풍차 부근),2015-09-18,19시경,경상,남,28세,자전거,경상,남,55세,승용차,상해없음,차대차 - 기타,안전운전불이행,맑음,0,1
2015,울산광역시 중구4,울산광역시 중구 복산동(빨간풍차 부근),2015-06-20,14시경,중상,남,66세,자전거,중상,남,42세,화물차,상해없음,차대차 - 측면직각충돌,안전운전불이행,비,0,1
2015,울산광역시 중구4,울산광역시 중구 복산동(빨간풍차 부근),2015-01-06,10시경,경상,남,72세,자전거,경상,남,46세,승용차,상해없음,차대차 - 측면직각충돌,안전운전불이행,맑음,0,1
2015,울산광역시 중구3,울산광역시 중구 우정동(태화서적 부근),2015-08-16,10시경,부상신고,남,21세,자전거,부상신고,남,60세,승용차,상해없음,차대차 - 기타,중앙선침범,맑음,0,1
2015,울산광역시 중구3,울산광역시 중구 우정동(태화서적 부근),2015-08-28,04시경,중상,남,22세,자전거,중상,남,65세,승용차,상해없음,차대차 - 측면직각충돌,신호위반,맑음,0,1
2015,울산광역시 중구3,울산광역시 중구 우정동(태화서적 부근),2015-10-26,23시경,부상신고,남,30세,자전거,상해없음,남,60세,보행자,부상신고,차대사람 - 기타,안전운전불이행,맑음,0,1
2015,울산광역시 중구3,울산광역시 중구 우정동(태화서적 부근),2015-04-28,12시경,경상,남,41세,자전거,상해없음,여,55세,보행자,경상,차대사람 - 보도통행중,안전운전불이행,맑음,0,1
2015,울산광역시 중구3,울산광역시 중구 우정동(태화서적 부근),2015-01-02,14시경,경상,남,32세,화물차,상해없음,남,59세,자전거,경상,차대차 - 추돌 - 진행중,신호위반,맑음,0,1
2015,울산광역시 중구6,울산광역시 중구 남외동(성원치과 부근),2015-08-31,07시경,경상,남,42세,승용차,상해없음,남,13세,자전거,경상,차대차 - 측면직각충돌,안전운전불이행,맑음,0,1
2015,울산광역시 중구6,울산광역시 중구 남외동(성원치과 부근),2015-04-18,09시경,경상,남,62세,승용차,상해없음,남,17세,자전거,경상,차대차 - 측면직각충돌,안전운전불이행,맑음,0,1
2015,울산광역시 중구6,울산광역시 중구 남외동(성원치과 부근),2015-06-30,06시경,경상,남,22세,자전거,경상,남,23세,승용차,상해없음,차대차 - 측면직각충돌,안전운전불이행,맑음,0,1
2015,울산광역시 중구6,울산광역시 중구 남외동(성원치과 부근),2015-05-06,11시경,경상,남,80세,자전거,경상,남,42세,승용차,상해없음,차대차 - 측면직각충돌,안전운전불이행,맑음,0,1
2015,울산광역시 중구2,울산광역시 중구 반구동(인디안 부근),2015-04-02,00시경,경상,남,44세,승용차,상해없음,남,19세,자전거,경상,차대차 - 측면직각충돌,안전운전불이행,맑음,0,1
2015,울산광역시 중구2,울산광역시 중구 반구동(인디안 부근),2015-05-23,09시경,경상,남,50세,승용차,상해없음,남,34세,자전거,경상,차대차 - 기타,안전운전불이행,맑음,0,1
2015,울산광역시 중구2,울산광역시 중구 반구동(인디안 부근),2015-03-31,17시경,중상,남,62세,승용차,상해없음,남,47세,자전거,중상,차대차 - 측면직각충돌,교차로운행방법위반,맑음,0,1
2015,울산광역시 중구2,울산광역시 중구 반구동(인디안 부근),2015-03-25,12시경,중상,여,62세,승용차,상해없음,남,76세,자전거,중상,차대차 - 기타,안전운전불이행,맑음,0,1
2015,울산광역시 중구2,울산광역시 중구 반구동(인디안 부근),2015-07-01,08시경,경상,남,15세,자전거,경상,남,65세,승합차,상해없음,차대차 - 측면직각충돌,교차로운행방법위반,맑음,0,1
2015,울산광역시 중구5,울산광역시 중구 반구동(하이마트(주)반구점 부근),2015-04-25,16시경,경상,남,52세,승용차,상해없음,남,11세,자전거,경상,차대차 - 측면직각충돌,교차로운행방법위반,맑음,0,1
2015,울산광역시 중구5,울산광역시 중구 반구동(하이마트(주)반구점 부근),2015-11-16,06시경,중상,여,34세,승용차,상해없음,남,75세,자전거,중상,차대차 - 기타,교차로운행방법위반,맑음,0,1
2015,울산광역시 중구5,울산광역시 중구 반구동(하이마트(주)반구점 부근),2015-06-21,15시경,경상,여,48세,승용차,상해없음,남,53세,자전거,경상,차대차 - 기타,기타,맑음,0,1
2015,울산광역시 중구5,울산광역시 중구 반구동(하이마트(주)반구점 부근),2015-07-06,07시경,경상,남,16세,자전거,경상,남,52세,승용차,상해없음,차대차 - 측면직각충돌,불법유턴,맑음,0,1
2015,울산광역시 남구6,울산광역시 남구 무거동(태영상사 부근),2015-04-30,16시경,경상,남,33세,승용차,상해없음,남,27세,자전거,경상,차대차 - 측면직각충돌,안전운전불이행,흐림,0,1
2015,울산광역시 남구6,울산광역시 남구 무거동(태영상사 부근),2015-06-27,08시경,경상,여,28세,승용차,상해없음,남,34세,자전거,경상,차대차 - 기타,안전운전불이행,맑음,0,1
2015,울산광역시 남구6,울산광역시 남구 무거동(태영상사 부근),2015-11-20,10시경,중상,여,53세,승용차,상해없음,남,78세,자전거,중상,차대차 - 정면충돌,안전운전불이행,맑음,0,1
2015,울산광역시 남구6,울산광역시 남구 무거동(태영상사 부근),2015-01-16,12시경,경상,여,59세,승용차,상해없음,남,80세,자전거,경상,차대차 - 기타,안전운전불이행,맑음,0,1
2015,울산광역시 남구2,울산광역시 남구 신정동(태화관공호텔 부근),2015-11-02,23시경,경상,남,38세,승용차,상해없음,남,34세,자전거,경상,차대차 - 측면직각충돌,신호위반,맑음,0,1
2015,울산광역시 남구2,울산광역시 남구 신정동(태화관공호텔 부근),2015-06-26,15시경,중상,남,72세,승용차,상해없음,남,65세,자전거,중상,차대차 - 기타,신호위반,맑음,0,1
2015,울산광역시 남구2,울산광역시 남구 신정동(태화관공호텔 부근),2015-06-08,14시경,중상,남,25세,자전거,중상,남,64세,승용차,상해없음,차대차 - 측면직각충돌,불법유턴,맑음,0,1
2015,울산광역시 남구2,울산광역시 남구 신정동(태화관공호텔 부근),2015-11-23,06시경,중상,남,49세,자전거,상해없음,남,51세,자전거,중상,차대차 - 기타,안전운전불이행,맑음,0,1
2015,울산광역시 남구2,울산광역시 남구 신정동(태화관공호텔 부근),2015-06-28,15시경,부상신고,여,62세,자전거,부상신고,남,46세,화물차,상해없음,차대차 - 측면직각충돌,교차로운행방법위반,맑음,0,1
2015,울산광역시 남구3,울산광역시 남구 신정동(청소년공부방 부근),2015-05-31,12시경,경상,남,30세,승용차,상해없음,남,59세,자전거,경상,차대차 - 기타,안전운전불이행,맑음,0,1
2015,울산광역시 남구3,울산광역시 남구 신정동(청소년공부방 부근),2015-04-10,18시경,중상,남,37세,승용차,상해없음,남,25세,자전거,중상,차대차 - 측면직각충돌,안전운전불이행,맑음,0,1
2015,울산광역시 남구3,울산광역시 남구 신정동(청소년공부방 부근),2015-09-29,18시경,경상,남,46세,승용차,상해없음,남,63세,자전거,경상,차대차 - 측면직각충돌,안전운전불이행,맑음,0,1
2015,울산광역시 남구3,울산광역시 남구 신정동(청소년공부방 부근),2015-09-14,08시경,중상,남,22세,자전거,중상,남,45세,승용차,상해없음,차대차 - 측면직각충돌,안전운전불이행,맑음,0,1
2015,울산광역시 남구3,울산광역시 남구 신정동(청소년공부방 부근),2015-05-15,17시경,경상,남,45세,화물차,상해없음,남,69세,자전거,경상,차대차 - 측면직각충돌,안전운전불이행,맑음,0,1
2015,울산광역시 남구5,울산광역시 남구 신정동(공업탑로터리 부근),2015-01-23,07시경,경상,남,41세,승용차,상해없음,남,59세,자전거,경상,차대차 - 기타,안전운전불이행,맑음,0,1
2015,울산광역시 남구5,울산광역시 남구 신정동(공업탑로터리 부근),2015-04-27,19시경,경상,여,48세,승용차,상해없음,남,34세,자전거,경상,차대차 - 기타,안전운전불이행,맑음,0,1
2015,울산광역시 남구5,울산광역시 남구 신정동(공업탑로터리 부근),2015-09-16,09시경,중상,여,59세,승용차,상해없음,남,68세,자전거,중상,차대차 - 측면직각충돌,안전운전불이행,맑음,0,1
2015,울산광역시 남구5,울산광역시 남구 신정동(공업탑로터리 부근),2015-02-15,17시경,경상,기타불명,불명,자전거,기타불명,남,74세,자전거,경상,차대차 - 기타,안전운전불이행,맑음,0,1
2015,울산광역시 남구1,울산광역시 남구 달동(달동주공 부근),2015-05-30,17시경,경상,남,28세,승용차,상해없음,남,66세,자전거,경상,차대차 - 측면직각충돌,직진우회전진행방해,맑음,0,1
2015,울산광역시 남구1,울산광역시 남구 달동(달동주공 부근),2015-03-28,22시경,경상,남,52세,승용차,상해없음,여,57세,자전거,경상,차대차 - 기타,안전운전불이행,맑음,0,1
2015,울산광역시 남구1,울산광역시 남구 달동(달동주공 부근),2015-07-20,12시경,중상,여,29세,승용차,상해없음,남,67세,자전거,중상,차대차 - 기타,교차로운행방법위반,맑음,0,1
2015,울산광역시 남구1,울산광역시 남구 달동(달동주공 부근),2015-07-15,22시경,중상,여,46세,승용차,상해없음,남,16세,자전거,중상,차대차 - 기타,안전운전불이행,맑음,0,1
2015,울산광역시 남구1,울산광역시 남구 달동(달동주공 부근),2015-10-31,10시경,경상,여,55세,승용차,상해없음,여,20세,자전거,경상,차대차 - 측면직각충돌,안전운전불이행,맑음,0,1
2015,울산광역시 남구1,울산광역시 남구 달동(달동주공 부근),2015-07-15,17시경,부상신고,남,60세,자전거,부상신고,여,35세,이륜차,상해없음,차대차 - 기타,차로위반,맑음,0,1
2015,울산광역시 남구1,울산광역시 남구 달동(달동주공 부근),2015-04-11,22시경,경상,여,59세,자전거,경상,남,32세,이륜차,상해없음,차대차 - 측면직각충돌,불법유턴,맑음,0,1
2015,울산광역시 남구4,울산광역시 남구 달동(구암문구 부근),2015-01-23,08시경,중상,남,59세,승용차,기타불명,남,25세,자전거,중상,차대차 - 기타,교차로운행방법위반,맑음,0,1
2015,울산광역시 남구4,울산광역시 남구 달동(구암문구 부근),2015-09-14,13시경,중상,남,27세,자전거,상해없음,남,54세,승합차,상해없음,차대차 - 기타,안전운전불이행,맑음,0,1
2015,울산광역시 남구4,울산광역시 남구 달동(구암문구 부근),2015-12-09,08시경,경상,남,32세,자전거,경상,남,37세,승합차,상해없음,차대차 - 측면직각충돌,안전운전불이행,흐림,0,1
2015,울산광역시 남구4,울산광역시 남구 달동(구암문구 부근),2015-06-27,12시경,사망,남,72세,자전거,사망,남,63세,승합차,상해없음,차대차 - 기타,중앙선침범,맑음,1,0
2015,울산광역시 동구1,울산광역시 동구 방어동(문재사거리 부근),2015-07-28,07시경,경상,남,28세,승용차,상해없음,남,25세,자전거,경상,차대차 - 기타,안전운전불이행,맑음,0,1
2015,울산광역시 동구1,울산광역시 동구 방어동(문재사거리 부근),2015-11-05,23시경,경상,남,54세,승용차,상해없음,남,25세,자전거,경상,차대차 - 기타,기타,맑음,0,1
2015,울산광역시 동구1,울산광역시 동구 방어동(문재사거리 부근),2015-01-21,15시경,중상,여,36세,승용차,상해없음,여,58세,자전거,중상,차대차 - 기타,안전운전불이행,맑음,0,1
2015,울산광역시 동구1,울산광역시 동구 방어동(문재사거리 부근),2015-06-26,18시경,경상,남,59세,자전거,경상,남,41세,승용차,상해없음,차대차 - 기타,교차로운행방법위반,맑음,0,1
2015,울산광역시 북구1,울산광역시 북구 명촌동(명촌교북단사거리 부근),2015-08-08,07시경,중상,남,26세,자전거,상해없음,여,53세,자전거,중상,차대차 - 측면직각충돌,안전운전불이행,맑음,0,1
2015,울산광역시 북구1,울산광역시 북구 명촌동(명촌교북단사거리 부근),2015-05-13,15시경,경상,남,44세,자전거,상해없음,남,42세,자전거,경상,차대차 - 측면직각충돌,안전운전불이행,맑음,0,1
2015,울산광역시 북구1,울산광역시 북구 명촌동(명촌교북단사거리 부근),2015-12-14,06시경,부상신고,남,51세,자전거,부상신고,남,37세,이륜차,상해없음,차대차 - 정면충돌,중앙선침범,맑음,0,1
2015,울산광역시 북구1,울산광역시 북구 명촌동(명촌교북단사거리 부근),2015-09-12,00시경,중상,남,52세,자전거,중상,남,50세,승용차,상해없음,차대차 - 기타,불법유턴,맑음,0,1
2015,울산광역시 북구2,울산광역시 북구 명촌동(대방낙지 부근),2015-06-04,15시경,중상,남,54세,승용차,상해없음,남,58세,자전거,중상,차대차 - 측면직각충돌,안전운전불이행,맑음,0,1
2015,울산광역시 북구2,울산광역시 북구 명촌동(대방낙지 부근),2015-09-13,21시경,경상,여,48세,승용차,상해없음,남,70세,자전거,경상,차대차 - 기타,교차로운행방법위반,맑음,0,1
2015,울산광역시 북구2,울산광역시 북구 명촌동(대방낙지 부근),2015-12-04,05시경,부상신고,남,25세,자전거,부상신고,없음,불명,없음,없음,차량단독 - 기타,안전운전불이행,맑음,0,1
2015,울산광역시 북구2,울산광역시 북구 명촌동(대방낙지 부근),2015-03-17,16시경,경상,남,65세,화물차,상해없음,여,58세,자전거,경상,차대차 - 기타,직진우회전진행방해,맑음,0,1
2015,경기도 수원시 장안구3,경기도 수원시 장안구 정자동(주택관리공단(주) 부근),2015-05-20,08시경,경상,남,53세,승용차,상해없음,남,16세,자전거,경상,차대차 - 기타,안전거리미확보,맑음,0,1
2015,경기도 수원시 장안구3,경기도 수원시 장안구 정자동(주택관리공단(주) 부근),2015-10-03,01시경,경상,남,62세,승용차,상해없음,남,20세,자전거,경상,차대차 - 측면직각충돌,신호위반,맑음,0,1
2015,경기도 수원시 장안구3,경기도 수원시 장안구 정자동(주택관리공단(주) 부근),2015-07-01,10시경,경상,남,63세,승용차,상해없음,여,19세,자전거,경상,차대차 - 기타,안전운전불이행,맑음,0,1
2015,경기도 수원시 장안구3,경기도 수원시 장안구 정자동(주택관리공단(주) 부근),2015-10-02,14시경,경상,남,13세,자전거,경상,없음,불명,없음,없음,차량단독 - 기타,안전운전불이행,맑음,0,1
2015,경기도 수원시 장안구3,경기도 수원시 장안구 정자동(주택관리공단(주) 부근),2015-11-06,08시경,중상,남,19세,자전거,상해없음,남,60세,보행자,중상,차대사람 - 횡단중,보행자보호의무위반,흐림,0,1
2015,경기도 수원시 장안구3,경기도 수원시 장안구 정자동(주택관리공단(주) 부근),2015-08-15,12시경,경상,여,47세,자전거,상해없음,남,38세,이륜차,경상,차대차 - 측면직각충돌,중앙선침범,맑음,0,1
2015,경기도 수원시 장안구5,경기도 수원시 장안구 정자동(만석사거리 부근),2015-05-18,23시경,경상,남,55세,승용차,상해없음,남,16세,자전거,경상,차대차 - 측면직각충돌,신호위반,맑음,0,1
2015,경기도 수원시 장안구5,경기도 수원시 장안구 정자동(만석사거리 부근),2015-03-11,13시경,경상,남,62세,승용차,상해없음,남,61세,자전거,경상,차대차 - 측면직각충돌,신호위반,맑음,0,1
2015,경기도 수원시 장안구5,경기도 수원시 장안구 정자동(만석사거리 부근),2015-12-01,23시경,경상,남,63세,승용차,상해없음,남,17세,자전거,경상,차대차 - 측면직각충돌,신호위반,맑음,0,1
2015,경기도 수원시 장안구5,경기도 수원시 장안구 정자동(만석사거리 부근),2015-07-04,16시경,경상,남,69세,승용차,상해없음,남,26세,자전거,경상,차대차 - 측면직각충돌,신호위반,맑음,0,1
2015,경기도 수원시 장안구5,경기도 수원시 장안구 정자동(만석사거리 부근),2015-08-18,16시경,중상,여,31세,승용차,상해없음,남,13세,자전거,중상,차대차 - 기타,교차로운행방법위반,맑음,0,1
2015,경기도 수원시 장안구7,경기도 수원시 장안구 천천동(수원샘내교회 부근),2015-06-10,10시경,경상,남,41세,승용차,기타불명,남,12세,자전거,경상,차대차 - 측면직각충돌,안전운전불이행,맑음,0,1
2015,경기도 수원시 장안구7,경기도 수원시 장안구 천천동(수원샘내교회 부근),2015-09-29,20시경,사망,남,44세,승용차,상해없음,남,24세,자전거,사망,차대차 - 기타,과속,맑음,1,0
2015,경기도 수원시 장안구7,경기도 수원시 장안구 천천동(수원샘내교회 부근),2015-09-04,14시경,경상,여,31세,승용차,상해없음,여,9세,자전거,경상,차대차 - 측면직각충돌,안전운전불이행,맑음,0,1
2015,경기도 수원시 장안구7,경기도 수원시 장안구 천천동(수원샘내교회 부근),2015-12-30,17시경,중상,남,85세,자전거,중상,여,51세,승용차,상해없음,차대차 - 정면충돌,중앙선침범,비,0,1
2015,경기도 수원시 장안구1,경기도 수원시 장안구 영화동(광연빌딩 부근),2015-08-20,08시경,경상,남,34세,승용차,상해없음,남,17세,자전거,경상,차대차 - 기타,직진우회전진행방해,맑음,0,1
2015,경기도 수원시 장안구1,경기도 수원시 장안구 영화동(광연빌딩 부근),2015-03-13,05시경,경상,남,48세,승용차,상해없음,남,59세,자전거,경상,차대차 - 기타,신호위반,흐림,0,1
2015,경기도 수원시 장안구1,경기도 수원시 장안구 영화동(광연빌딩 부근),2015-10-02,08시경,경상,여,25세,승용차,상해없음,여,30세,자전거,경상,차대차 - 기타,직진우회전진행방해,맑음,0,1
2015,경기도 수원시 장안구1,경기도 수원시 장안구 영화동(광연빌딩 부근),2015-07-17,23시경,경상,남,38세,승합차,상해없음,남,51세,자전거,경상,차대차 - 기타,안전운전불이행,맑음,0,1
2015,경기도 수원시 장안구1,경기도 수원시 장안구 영화동(광연빌딩 부근),2015-10-13,12시경,중상,남,15세,자전거,상해없음,여,61세,보행자,중상,차대사람 - 기타,안전운전불이행,맑음,0,1
2015,경기도 수원시 장안구1,경기도 수원시 장안구 영화동(광연빌딩 부근),2015-04-20,21시경,사망,남,50세,자전거,사망,없음,불명,없음,없음,차량단독 - 기타,안전운전불이행,맑음,1,0
2015,경기도 수원시 장안구2,경기도 수원시 장안구 영화동(장안문로터리 부근),2015-06-19,13시경,중상,남,60세,승용차,상해없음,남,16세,자전거,중상,차대차 - 기타,신호위반,맑음,0,1
2015,경기도 수원시 장안구2,경기도 수원시 장안구 영화동(장안문로터리 부근),2015-10-06,00시경,경상,여,46세,승용차,상해없음,남,49세,자전거,경상,차대차 - 추돌 - 진행중,신호위반,맑음,0,1
2015,경기도 수원시 장안구2,경기도 수원시 장안구 영화동(장안문로터리 부근),2015-08-04,15시경,부상신고,남,14세,자전거,부상신고,남,47세,승용차,상해없음,차대차 - 측면직각충돌,안전운전불이행,맑음,0,1
2015,경기도 수원시 장안구2,경기도 수원시 장안구 영화동(장안문로터리 부근),2015-08-07,23시경,경상,남,16세,자전거,경상,남,63세,승용차,상해없음,차대차 - 기타,안전운전불이행,맑음,0,1
2015,경기도 수원시 장안구2,경기도 수원시 장안구 영화동(장안문로터리 부근),2015-04-14,20시경,경상,남,52세,자전거,상해없음,여,38세,보행자,경상,차대사람 - 횡단중,보행자보호의무위반,맑음,0,2
2015,경기도 수원시 장안구2,경기도 수원시 장안구 영화동(장안문로터리 부근),2015-07-19,08시경,경상,여,52세,자전거,상해없음,남,49세,이륜차,경상,차대차 - 기타,불법유턴,맑음,0,1
2015,경기도 수원시 장안구6,경기도 수원시 장안구 송죽동(동수원세무소 부근),2015-01-23,06시경,사망,남,52세,승합차,상해없음,남,72세,자전거,사망,차대차 - 측면직각충돌,신호위반,흐림,1,0
2015,경기도 수원시 장안구6,경기도 수원시 장안구 송죽동(동수원세무소 부근),2015-06-22,14시경,중상,남,52세,승합차,상해없음,여,56세,자전거,중상,차대차 - 기타,안전운전불이행,맑음,0,1
2015,경기도 수원시 장안구6,경기도 수원시 장안구 송죽동(동수원세무소 부근),2015-09-17,17시경,부상신고,남,14세,자전거,부상신고,남,12세,자전거,상해없음,차대차 - 측면직각충돌,신호위반,맑음,0,1
2015,경기도 수원시 장안구6,경기도 수원시 장안구 송죽동(동수원세무소 부근),2015-07-31,10시경,중상,남,73세,자전거,중상,남,38세,화물차,상해없음,차대차 - 기타,차로위반,맑음,0,1
2015,경기도 수원시 장안구4,경기도 수원시 장안구 조원동(수성중사거리 부근),2015-08-07,08시경,경상,남,22세,승용차,상해없음,여,22세,자전거,경상,차대차 - 측면직각충돌,안전운전불이행,맑음,0,1
2015,경기도 수원시 장안구4,경기도 수원시 장안구 조원동(수성중사거리 부근),2015-05-31,19시경,부상신고,남,48세,승합차,상해없음,남,45세,자전거,부상신고,차대차 - 추돌 - 진행중,안전운전불이행,맑음,0,1
2015,경기도 수원시 장안구4,경기도 수원시 장안구 조원동(수성중사거리 부근),2015-08-03,19시경,부상신고,남,52세,자전거,부상신고,남,42세,승용차,상해없음,차대차 - 기타,안전운전불이행,맑음,0,1
2015,경기도 수원시 장안구4,경기도 수원시 장안구 조원동(수성중사거리 부근),2015-04-08,14시경,중상,여,78세,자전거,중상,여,53세,승용차,상해없음,차대차 - 측면직각충돌,신호위반,흐림,0,1
2015,경기도 수원시 장안구4,경기도 수원시 장안구 조원동(수성중사거리 부근),2015-08-05,10시경,경상,남,52세,화물차,상해없음,남,51세,자전거,경상,차대차 - 추돌 - 진행중,안전운전불이행,맑음,0,1
2015,경기도 수원시 장안구4,경기도 수원시 장안구 조원동(수성중사거리 부근),2015-12-22,06시경,경상,남,56세,화물차,상해없음,남,69세,자전거,경상,차대차 - 기타,안전운전불이행,맑음,0,1
2015,경기도 수원시 권선구2,경기도 수원시 권선구 고색동(고색주유소 부근),2015-09-03,23시경,경상,남,64세,승용차,상해없음,여,18세,자전거,경상,차대차 - 측면직각충돌,신호위반,맑음,0,1
2015,경기도 수원시 권선구2,경기도 수원시 권선구 고색동(고색주유소 부근),2015-07-05,19시경,경상,여,54세,승용차,상해없음,여,9세,자전거,경상,차대차 - 측면직각충돌,안전운전불이행,맑음,0,1
2015,경기도 수원시 권선구2,경기도 수원시 권선구 고색동(고색주유소 부근),2015-01-12,11시경,경상,남,32세,승합차,상해없음,남,64세,자전거,경상,차대차 - 기타,안전운전불이행,맑음,0,1
2015,경기도 수원시 권선구2,경기도 수원시 권선구 고색동(고색주유소 부근),2015-12-29,14시경,경상,남,14세,자전거,경상,기타불명,불명,불명,기타불명,차대차 - 측면직각충돌,안전운전불이행,맑음,0,1
2015,경기도 수원시 권선구2,경기도 수원시 권선구 고색동(고색주유소 부근),2015-08-11,19시경,경상,남,65세,자전거,경상,남,26세,승용차,상해없음,차대차 - 측면직각충돌,안전운전불이행,맑음,0,1
2015,경기도 수원시 권선구1,경기도 수원시 권선구 권선동(새온수골온천 부근),2015-04-17,13시경,경상,남,38세,승용차,상해없음,여,86세,자전거,경상,차대차 - 측면직각충돌,신호위반,맑음,0,1
2015,경기도 수원시 권선구1,경기도 수원시 권선구 권선동(새온수골온천 부근),2015-06-12,16시경,경상,남,57세,승용차,상해없음,남,10세,자전거,경상,차대차 - 측면직각충돌,안전운전불이행,맑음,0,1
2015,경기도 수원시 권선구1,경기도 수원시 권선구 권선동(새온수골온천 부근),2015-10-27,15시경,경상,여,58세,승용차,상해없음,여,41세,자전거,경상,차대차 - 측면직각충돌,안전운전불이행,맑음,0,1
2015,경기도 수원시 권선구1,경기도 수원시 권선구 권선동(새온수골온천 부근),2015-06-03,08시경,경상,남,58세,승합차,상해없음,남,16세,자전거,경상,차대차 - 추돌 - 진행중,신호위반,맑음,0,1
2015,경기도 수원시 권선구1,경기도 수원시 권선구 권선동(새온수골온천 부근),2015-06-12,13시경,부상신고,남,51세,이륜차,부상신고,남,16세,자전거,상해없음,차대차 - 측면직각충돌,안전운전불이행,맑음,0,1
2015,경기도 수원시 권선구1,경기도 수원시 권선구 권선동(새온수골온천 부근),2015-04-12,16시경,부상신고,남,16세,자전거,상해없음,여,63세,보행자,부상신고,차대사람 - 보도통행중,안전운전불이행,맑음,0,1
2015,경기도 수원시 권선구1,경기도 수원시 권선구 권선동(새온수골온천 부근),2015-02-10,19시경,경상,남,34세,자전거,상해없음,남,3세,보행자,경상,차대사람 - 보도통행중,안전운전불이행,맑음,0,1
2015,경기도 수원시 권선구3,경기도 수원시 권선구 권선동(한성카인테리어 부근),2015-07-08,00시경,경상,기타불명,40세,불명,기타불명,남,18세,자전거,경상,차대차 - 기타,안전운전불이행,맑음,0,1
2015,경기도 수원시 권선구3,경기도 수원시 권선구 권선동(한성카인테리어 부근),2015-03-27,23시경,경상,남,26세,승용차,상해없음,남,17세,자전거,경상,차대차 - 측면직각충돌,신호위반,맑음,0,1