사고년도,다발시군구,지점명,사고일시,사고시간대,사고등급,가해자성별,가해자연령,가해차종,가해자신체상해정도,피해자성별,피해자연령,피해차종,피해자신체상해정도,사고유형,가해자법규위반,기상상태,사망자수,부상자수
2015,경기도 안양시 동안구1,경기도 안양시 동안구 관양동(인덕원교 앞 삼거리 부근),2015-08-15,11시경,중상,남,46세,화물차,상해없음,남,25세,자전거,중상,차대차 - 기타,안전운전불이행,맑음,0,1
2015,경기도 안양시 동안구4,경기도 안양시 동안구 관양동(인덕원사거리 부근),2015-08-30,22시경,중상,남,28세,승용차,상해없음,남,23세,자전거,중상,차대차 - 측면직각충돌,신호위반,맑음,0,1
2015,경기도 안양시 동안구4,경기도 안양시 동안구 관양동(인덕원사거리 부근),2015-09-07,08시경,경상,남,29세,승용차,상해없음,남,15세,자전거,경상,차대차 - 측면직각충돌,안전운전불이행,맑음,0,1
2015,경기도 안양시 동안구4,경기도 안양시 동안구 관양동(인덕원사거리 부근),2015-03-04,12시경,중상,여,52세,승용차,상해없음,여,22세,자전거,중상,차대차 - 측면직각충돌,안전운전불이행,맑음,0,2
2015,경기도 안양시 동안구4,경기도 안양시 동안구 관양동(인덕원사거리 부근),2015-05-08,15시경,중상,여,62세,승용차,상해없음,여,22세,자전거,중상,차대차 - 정면충돌,신호위반,맑음,0,1
2015,경기도 안양시 동안구4,경기도 안양시 동안구 관양동(인덕원사거리 부근),2015-08-18,19시경,중상,남,47세,승합차,상해없음,남,62세,자전거,중상,차대차 - 측면직각충돌,안전거리미확보,맑음,0,1
2015,경기도 안양시 동안구5,경기도 안양시 동안구 관양동(봉천동 3거리 부근),2015-03-13,21시경,중상,남,27세,승용차,상해없음,여,55세,자전거,중상,차대차 - 측면직각충돌,안전운전불이행,맑음,0,1
2015,경기도 안양시 동안구5,경기도 안양시 동안구 관양동(봉천동 3거리 부근),2015-03-20,22시경,중상,남,63세,승용차,상해없음,여,46세,자전거,중상,차대차 - 측면직각충돌,신호위반,맑음,0,1
2015,경기도 안양시 동안구5,경기도 안양시 동안구 관양동(봉천동 3거리 부근),2015-03-20,06시경,중상,남,46세,승합차,상해없음,남,69세,자전거,중상,차대차 - 측면직각충돌,신호위반,맑음,0,1
2015,경기도 안양시 동안구5,경기도 안양시 동안구 관양동(봉천동 3거리 부근),2015-08-09,22시경,경상,남,18세,자전거,경상,남,52세,승용차,기타불명,차대차 - 기타,신호위반,맑음,0,1
2015,경기도 안양시 동안구5,경기도 안양시 동안구 관양동(봉천동 3거리 부근),2015-07-23,21시경,부상신고,여,60세,자전거,부상신고,여,44세,승용차,상해없음,차대차 - 기타,안전운전불이행,비,0,1
2015,경기도 안양시 동안구2,경기도 안양시 동안구 호계동(범계사거리 부근),2015-04-24,13시경,경상,남,45세,승용차,상해없음,남,75세,자전거,경상,차대차 - 측면직각충돌,안전운전불이행,맑음,0,1
2015,경기도 안양시 동안구2,경기도 안양시 동안구 호계동(범계사거리 부근),2015-11-26,17시경,중상,남,59세,승용차,상해없음,남,64세,자전거,중상,차대차 - 정면충돌,안전운전불이행,흐림,0,1
2015,경기도 안양시 동안구2,경기도 안양시 동안구 호계동(범계사거리 부근),2015-06-03,16시경,중상,여,55세,승용차,상해없음,남,66세,자전거,중상,차대차 - 측면직각충돌,안전운전불이행,맑음,0,1
2015,경기도 안양시 동안구2,경기도 안양시 동안구 호계동(범계사거리 부근),2015-09-25,21시경,경상,남,50세,자전거,경상,여,58세,승용차,상해없음,차대차 - 측면직각충돌,불법유턴,맑음,0,1
2015,경기도 안양시 동안구2,경기도 안양시 동안구 호계동(범계사거리 부근),2015-07-24,12시경,중상,남,64세,자전거,상해없음,여,64세,보행자,중상,차대사람 - 보도통행중,중앙선침범,비,0,1
2015,경기도 안양시 동안구2,경기도 안양시 동안구 호계동(범계사거리 부근),2015-07-02,07시경,중상,남,67세,자전거,중상,여,49세,승용차,상해없음,차대차 - 측면직각충돌,불법유턴,맑음,0,1
2015,경기도 안양시 동안구3,경기도 안양시 동안구 호계동(방죽사거리 부근),2015-03-05,12시경,경상,남,49세,승용차,상해없음,남,67세,자전거,경상,차대차 - 측면직각충돌,신호위반,맑음,0,1
2015,경기도 안양시 동안구3,경기도 안양시 동안구 호계동(방죽사거리 부근),2015-01-26,08시경,중상,남,56세,승용차,상해없음,남,73세,자전거,중상,차대차 - 측면직각충돌,안전운전불이행,비,0,1
2015,경기도 안양시 동안구3,경기도 안양시 동안구 호계동(방죽사거리 부근),2015-05-29,19시경,경상,남,60세,승용차,상해없음,남,13세,자전거,경상,차대차 - 측면직각충돌,신호위반,맑음,0,1
2015,경기도 안양시 동안구3,경기도 안양시 동안구 호계동(방죽사거리 부근),2015-06-12,17시경,중상,여,36세,승용차,상해없음,남,14세,자전거,중상,차대차 - 측면직각충돌,안전운전불이행,맑음,0,1
2015,경기도 안양시 동안구3,경기도 안양시 동안구 호계동(방죽사거리 부근),2015-04-30,12시경,경상,남,53세,승합차,상해없음,남,14세,자전거,경상,차대차 - 측면직각충돌,신호위반,맑음,0,1
2015,경기도 안양시 동안구3,경기도 안양시 동안구 호계동(방죽사거리 부근),2015-12-25,09시경,중상,남,46세,자전거,중상,남,51세,승용차,상해없음,차대차 - 정면충돌,불법유턴,맑음,0,1
2015,경기도 안양시 동안구6,경기도 안양시 동안구 호계동(새롬피아노학원 부근),2015-04-03,22시경,경상,남,24세,이륜차,상해없음,남,17세,자전거,경상,차대차 - 측면직각충돌,신호위반,맑음,0,1
2015,경기도 안양시 동안구6,경기도 안양시 동안구 호계동(새롬피아노학원 부근),2015-05-23,09시경,경상,남,10세,자전거,경상,남,46세,승용차,상해없음,차대차 - 추돌 - 진행중,안전운전불이행,맑음,0,1
2015,경기도 안양시 동안구6,경기도 안양시 동안구 호계동(새롬피아노학원 부근),2015-10-12,15시경,중상,남,11세,자전거,중상,남,20세,원동기장치자전거,중상,차대차 - 측면직각충돌,불법유턴,맑음,0,2
2015,경기도 안양시 동안구6,경기도 안양시 동안구 호계동(새롬피아노학원 부근),2015-08-14,08시경,중상,남,15세,자전거,상해없음,여,63세,보행자,중상,차대사람 - 보도통행중,안전운전불이행,맑음,0,1
2015,경기도 부천시 원미구6,경기도 부천시 원미구 원미동(원미구청3거리 부근),2015-07-08,17시경,경상,남,45세,승용차,기타불명,남,10세,자전거,경상,차대차 - 기타,안전운전불이행,맑음,0,1
2015,경기도 부천시 원미구6,경기도 부천시 원미구 원미동(원미구청3거리 부근),2015-05-04,20시경,경상,남,51세,승용차,상해없음,남,49세,자전거,경상,차대차 - 측면직각충돌,안전운전불이행,맑음,0,1
2015,경기도 부천시 원미구6,경기도 부천시 원미구 원미동(원미구청3거리 부근),2015-03-31,17시경,부상신고,남,55세,승용차,상해없음,남,63세,자전거,부상신고,차대차 - 기타,교차로운행방법위반,맑음,0,1
2015,경기도 부천시 원미구6,경기도 부천시 원미구 원미동(원미구청3거리 부근),2015-07-02,00시경,중상,남,48세,승합차,상해없음,남,22세,자전거,중상,차대차 - 추돌 - 진행중,신호위반,흐림,0,1
2015,경기도 부천시 원미구6,경기도 부천시 원미구 원미동(원미구청3거리 부근),2015-08-17,19시경,중상,남,34세,원동기장치자전거,상해없음,남,52세,자전거,중상,차대차 - 정면충돌,신호위반,맑음,0,1
2015,경기도 부천시 원미구6,경기도 부천시 원미구 원미동(원미구청3거리 부근),2015-06-20,11시경,경상,남,54세,자전거,경상,여,31세,승용차,상해없음,차대차 - 측면직각충돌,안전거리미확보,맑음,0,1
2015,경기도 부천시 원미구6,경기도 부천시 원미구 원미동(원미구청3거리 부근),2015-04-09,08시경,경상,남,56세,자전거,경상,남,23세,원동기장치자전거,상해없음,차대차 - 정면충돌,안전운전불이행,맑음,0,1
2015,경기도 부천시 원미구6,경기도 부천시 원미구 원미동(원미구청3거리 부근),2015-04-28,08시경,중상,남,60세,자전거,중상,남,55세,승용차,상해없음,차대차 - 추돌 - 진행중,안전운전불이행,맑음,0,1
2015,경기도 부천시 원미구2,경기도 부천시 원미구 심곡동(장말3거리 부근),2015-08-06,18시경,중상,남,24세,승용차,상해없음,남,56세,자전거,중상,차대차 - 측면직각충돌,안전운전불이행,맑음,0,1
2015,경기도 부천시 원미구2,경기도 부천시 원미구 심곡동(장말3거리 부근),2015-05-21,08시경,경상,남,54세,승용차,상해없음,남,15세,자전거,경상,차대차 - 측면직각충돌,안전운전불이행,맑음,0,1
2015,경기도 부천시 원미구2,경기도 부천시 원미구 심곡동(장말3거리 부근),2015-04-11,07시경,중상,남,57세,승용차,상해없음,남,58세,자전거,중상,차대차 - 추돌 - 진행중,안전운전불이행,맑음,0,1
2015,경기도 부천시 원미구2,경기도 부천시 원미구 심곡동(장말3거리 부근),2015-07-06,13시경,중상,여,46세,승용차,상해없음,여,68세,자전거,중상,차대차 - 측면직각충돌,신호위반,맑음,0,1
2015,경기도 부천시 원미구2,경기도 부천시 원미구 심곡동(장말3거리 부근),2015-09-11,15시경,경상,여,52세,승용차,상해없음,남,17세,자전거,경상,차대차 - 측면직각충돌,신호위반,맑음,0,1
2015,경기도 부천시 원미구2,경기도 부천시 원미구 심곡동(장말3거리 부근),2015-09-15,17시경,경상,여,65세,승용차,상해없음,남,57세,자전거,경상,차대차 - 측면직각충돌,안전운전불이행,맑음,0,1
2015,경기도 부천시 원미구2,경기도 부천시 원미구 심곡동(장말3거리 부근),2015-05-20,16시경,경상,남,21세,자전거,경상,여,36세,승용차,상해없음,차대차 - 측면직각충돌,안전운전불이행,맑음,0,1
2015,경기도 부천시 원미구2,경기도 부천시 원미구 심곡동(장말3거리 부근),2015-10-29,18시경,경상,남,23세,자전거,상해없음,여,20세,보행자,경상,차대사람 - 기타,안전운전불이행,맑음,0,1
2015,경기도 부천시 원미구2,경기도 부천시 원미구 심곡동(장말3거리 부근),2015-11-13,04시경,부상신고,남,60세,자전거,부상신고,여,42세,승용차,상해없음,차대차 - 추돌 - 진행중,안전운전불이행,맑음,0,1
2015,경기도 부천시 원미구11,경기도 부천시 원미구 심곡동(심곡고가차도 부근),2015-07-23,19시경,경상,기타불명,불명,불명,기타불명,남,57세,자전거,경상,차대차 - 기타,안전운전불이행,비,0,1
2015,경기도 부천시 원미구11,경기도 부천시 원미구 심곡동(심곡고가차도 부근),2015-08-10,16시경,중상,남,50세,승합차,상해없음,남,30세,자전거,중상,차대차 - 기타,안전운전불이행,맑음,0,1
2015,경기도 부천시 원미구11,경기도 부천시 원미구 심곡동(심곡고가차도 부근),2015-02-25,20시경,중상,남,27세,이륜차,상해없음,남,28세,자전거,중상,차대차 - 측면직각충돌,신호위반,맑음,0,1
2015,경기도 부천시 원미구11,경기도 부천시 원미구 심곡동(심곡고가차도 부근),2015-07-30,20시경,경상,남,14세,자전거,경상,남,34세,승용차,상해없음,차대차 - 추돌 - 진행중,안전운전불이행,맑음,0,1
2015,경기도 부천시 원미구11,경기도 부천시 원미구 심곡동(심곡고가차도 부근),2015-10-30,01시경,경상,남,25세,자전거,경상,남,68세,승용차,상해없음,차대차 - 추돌 - 진행중,안전거리미확보,맑음,0,1
2015,경기도 부천시 원미구11,경기도 부천시 원미구 심곡동(심곡고가차도 부근),2015-09-14,19시경,부상신고,남,40세,자전거,부상신고,남,59세,승용차,상해없음,차대차 - 측면직각충돌,안전운전불이행,맑음,0,1
2015,경기도 부천시 원미구11,경기도 부천시 원미구 심곡동(심곡고가차도 부근),2015-07-25,13시경,경상,남,46세,자전거,경상,남,31세,승용차,상해없음,차대차 - 기타,안전운전불이행,맑음,0,1
2015,경기도 부천시 원미구8,경기도 부천시 원미구 춘의동(안남사거리 부근),2015-05-21,09시경,경상,남,50세,승용차,상해없음,남,32세,자전거,경상,차대차 - 측면직각충돌,안전운전불이행,맑음,0,1
2015,경기도 부천시 원미구8,경기도 부천시 원미구 춘의동(안남사거리 부근),2015-06-03,16시경,경상,남,12세,자전거,경상,남,35세,화물차,상해없음,차대차 - 측면직각충돌,안전운전불이행,맑음,0,1
2015,경기도 부천시 원미구8,경기도 부천시 원미구 춘의동(안남사거리 부근),2015-07-04,11시경,부상신고,남,14세,자전거,부상신고,남,47세,승용차,상해없음,차대차 - 측면직각충돌,안전운전불이행,맑음,0,1
2015,경기도 부천시 원미구8,경기도 부천시 원미구 춘의동(안남사거리 부근),2015-07-16,17시경,부상신고,남,17세,자전거,부상신고,남,42세,승용차,상해없음,차대차 - 추돌 - 진행중,안전운전불이행,맑음,0,1
2015,경기도 부천시 원미구8,경기도 부천시 원미구 춘의동(안남사거리 부근),2015-07-22,02시경,경상,남,24세,자전거,경상,남,52세,승용차,상해없음,차대차 - 측면직각충돌,신호위반,맑음,0,1
2015,경기도 부천시 원미구8,경기도 부천시 원미구 춘의동(안남사거리 부근),2015-07-23,14시경,부상신고,남,67세,자전거,부상신고,남,53세,승합차,상해없음,차대차 - 측면직각충돌,안전운전불이행,맑음,0,1
2015,경기도 부천시 원미구8,경기도 부천시 원미구 춘의동(안남사거리 부근),2015-07-24,13시경,경상,남,69세,자전거,경상,남,29세,화물차,상해없음,차대차 - 정면충돌,중앙선침범,맑음,0,1
2015,경기도 부천시 원미구8,경기도 부천시 원미구 춘의동(안남사거리 부근),2015-07-08,08시경,중상,남,54세,화물차,상해없음,여,45세,자전거,중상,차대차 - 추돌 - 진행중,직진우회전진행방해,맑음,0,1
2015,경기도 부천시 원미구22,경기도 부천시 원미구 춘의동(춘의사거리 부근),2015-11-29,19시경,경상,남,52세,승용차,상해없음,남,56세,자전거,경상,차대차 - 기타,안전운전불이행,비,0,1
2015,경기도 부천시 원미구22,경기도 부천시 원미구 춘의동(춘의사거리 부근),2015-07-04,23시경,사망,남,62세,자전거,사망,없음,불명,없음,없음,차량단독 - 공작물충돌,안전운전불이행,맑음,1,0
2015,경기도 부천시 원미구22,경기도 부천시 원미구 춘의동(춘의사거리 부근),2015-06-25,14시경,중상,여,54세,자전거,중상,남,46세,승용차,상해없음,차대차 - 측면직각충돌,불법유턴,맑음,0,1
2015,경기도 부천시 원미구22,경기도 부천시 원미구 춘의동(춘의사거리 부근),2015-10-15,13시경,경상,남,56세,화물차,상해없음,남,43세,자전거,경상,차대차 - 측면직각충돌,안전운전불이행,맑음,0,1
2015,경기도 부천시 원미구1,경기도 부천시 원미구 중동(신시청A 부근),2015-12-06,12시경,중상,남,39세,건설기계,상해없음,여,21세,자전거,중상,차대차 - 측면직각충돌,안전운전불이행,맑음,0,1
2015,경기도 부천시 원미구1,경기도 부천시 원미구 중동(신시청A 부근),2015-05-25,09시경,부상신고,기타불명,불명,불명,기타불명,남,28세,자전거,부상신고,차대차 - 기타,안전운전불이행,맑음,0,1
2015,경기도 부천시 원미구1,경기도 부천시 원미구 중동(신시청A 부근),2015-08-31,16시경,경상,남,57세,승용차,상해없음,남,72세,자전거,경상,차대차 - 측면직각충돌,안전운전불이행,맑음,0,1
2015,경기도 부천시 원미구1,경기도 부천시 원미구 중동(신시청A 부근),2015-08-07,09시경,경상,남,59세,승용차,상해없음,여,43세,자전거,경상,차대차 - 기타,안전운전불이행,맑음,0,1
2015,경기도 부천시 원미구1,경기도 부천시 원미구 중동(신시청A 부근),2015-07-08,19시경,경상,여,38세,승용차,상해없음,여,62세,자전거,경상,차대차 - 기타,안전운전불이행,맑음,0,1
2015,경기도 부천시 원미구1,경기도 부천시 원미구 중동(신시청A 부근),2015-12-20,18시경,경상,여,51세,승용차,상해없음,남,16세,자전거,경상,차대차 - 측면직각충돌,신호위반,맑음,0,1
2015,경기도 부천시 원미구1,경기도 부천시 원미구 중동(신시청A 부근),2015-09-11,09시경,경상,남,40세,승합차,상해없음,여,41세,자전거,경상,차대차 - 추돌 - 진행중,안전운전불이행,맑음,0,1
2015,경기도 부천시 원미구1,경기도 부천시 원미구 중동(신시청A 부근),2015-10-30,23시경,부상신고,남,28세,자전거,부상신고,남,47세,승용차,상해없음,차대차 - 기타,불법유턴,맑음,0,1
2015,경기도 부천시 원미구1,경기도 부천시 원미구 중동(신시청A 부근),2015-07-10,19시경,부상신고,남,35세,자전거,부상신고,남,25세,승용차,기타불명,차대차 - 추돌 - 진행중,안전운전불이행,맑음,0,1
2015,경기도 부천시 원미구1,경기도 부천시 원미구 중동(신시청A 부근),2015-04-17,12시경,중상,남,81세,자전거,중상,여,35세,승용차,상해없음,차대차 - 측면직각충돌,안전운전불이행,맑음,0,1
2015,경기도 부천시 원미구1,경기도 부천시 원미구 중동(신시청A 부근),2015-09-30,09시경,중상,여,47세,자전거,중상,여,57세,승용차,상해없음,차대차 - 기타,안전운전불이행,맑음,0,1
2015,경기도 부천시 원미구1,경기도 부천시 원미구 중동(신시청A 부근),2015-06-01,10시경,중상,남,35세,화물차,상해없음,여,49세,자전거,중상,차대차 - 측면직각충돌,교차로운행방법위반,맑음,0,1
2015,경기도 부천시 원미구1,경기도 부천시 원미구 중동(신시청A 부근),2015-12-04,10시경,경상,남,60세,화물차,상해없음,남,67세,자전거,경상,차대차 - 기타,안전운전불이행,맑음,0,1
2015,경기도 부천시 원미구4,경기도 부천시 원미구 중동(신흥고가사거리 부근),2015-02-16,11시경,중상,기타불명,불명,승용차,기타불명,여,63세,자전거,중상,차대차 - 측면직각충돌,안전운전불이행,비,0,1
2015,경기도 부천시 원미구4,경기도 부천시 원미구 중동(신흥고가사거리 부근),2015-12-18,22시경,경상,남,29세,승용차,상해없음,여,19세,자전거,경상,차대차 - 기타,안전운전불이행,맑음,0,1
2015,경기도 부천시 원미구4,경기도 부천시 원미구 중동(신흥고가사거리 부근),2015-12-22,08시경,경상,남,46세,승용차,상해없음,남,54세,자전거,경상,차대차 - 측면직각충돌,안전운전불이행,맑음,0,1
2015,경기도 부천시 원미구4,경기도 부천시 원미구 중동(신흥고가사거리 부근),2015-01-22,11시경,경상,남,53세,승용차,상해없음,남,52세,자전거,경상,차대차 - 추돌 - 주정차중,안전운전불이행,맑음,0,1
2015,경기도 부천시 원미구4,경기도 부천시 원미구 중동(신흥고가사거리 부근),2015-02-04,13시경,중상,여,32세,승용차,상해없음,남,59세,자전거,중상,차대차 - 측면직각충돌,안전운전불이행,맑음,0,1
2015,경기도 부천시 원미구4,경기도 부천시 원미구 중동(신흥고가사거리 부근),2015-10-30,18시경,중상,남,16세,자전거,부상신고,여,57세,보행자,중상,차대사람 - 길가장자리구역통행중,안전운전불이행,맑음,0,2
2015,경기도 부천시 원미구4,경기도 부천시 원미구 중동(신흥고가사거리 부근),2015-06-23,15시경,경상,남,73세,자전거,경상,남,32세,승용차,상해없음,차대차 - 정면충돌,안전운전불이행,맑음,0,1
2015,경기도 부천시 원미구4,경기도 부천시 원미구 중동(신흥고가사거리 부근),2015-01-05,08시경,경상,여,52세,자전거,경상,남,37세,승용차,상해없음,차대차 - 기타,직진우회전진행방해,맑음,0,1
2015,경기도 부천시 원미구5,경기도 부천시 원미구 중동(이은하실용음악학원 부근),2015-03-30,08시경,경상,기타불명,불명,승용차,기타불명,남,17세,자전거,경상,차대차 - 측면직각충돌,안전운전불이행,맑음,0,1
2015,경기도 부천시 원미구5,경기도 부천시 원미구 중동(이은하실용음악학원 부근),2015-08-21,21시경,경상,여,42세,승용차,상해없음,남,16세,자전거,경상,차대차 - 측면직각충돌,안전운전불이행,맑음,0,1
2015,경기도 부천시 원미구5,경기도 부천시 원미구 중동(이은하실용음악학원 부근),2015-09-14,12시경,중상,여,51세,승용차,상해없음,남,59세,자전거,중상,차대차 - 측면직각충돌,불법유턴,맑음,0,1
2015,경기도 부천시 원미구5,경기도 부천시 원미구 중동(이은하실용음악학원 부근),2015-04-30,17시경,경상,남,20세,원동기장치자전거,기타불명,남,55세,자전거,경상,차대차 - 측면직각충돌,신호위반,맑음,0,1
2015,경기도 부천시 원미구5,경기도 부천시 원미구 중동(이은하실용음악학원 부근),2015-05-19,08시경,중상,남,19세,자전거,상해없음,남,13세,보행자,중상,차대사람 - 횡단중,중앙선침범,맑음,0,1
2015,경기도 부천시 원미구5,경기도 부천시 원미구 중동(이은하실용음악학원 부근),2015-12-23,21시경,경상,남,32세,자전거,경상,남,44세,승용차,상해없음,차대차 - 측면직각충돌,안전운전불이행,맑음,0,1
2015,경기도 부천시 원미구5,경기도 부천시 원미구 중동(이은하실용음악학원 부근),2015-05-21,11시경,중상,남,76세,자전거,중상,남,39세,화물차,상해없음,차대차 - 측면직각충돌,신호위반,맑음,0,1
2015,경기도 부천시 원미구5,경기도 부천시 원미구 중동(이은하실용음악학원 부근),2015-05-29,13시경,경상,여,61세,자전거,경상,남,47세,승합차,상해없음,차대차 - 추돌 - 진행중,신호위반,맑음,0,1
2015,경기도 부천시 원미구9,경기도 부천시 원미구 중동(고척2동 파출소앞 부근),2015-08-08,22시경,중상,남,26세,승용차,기타불명,남,49세,자전거,중상,차대차 - 측면직각충돌,신호위반,맑음,0,1
2015,경기도 부천시 원미구9,경기도 부천시 원미구 중동(고척2동 파출소앞 부근),2015-02-19,13시경,중상,남,45세,승용차,상해없음,남,36세,자전거,중상,차대차 - 기타,신호위반,맑음,0,1
2015,경기도 부천시 원미구9,경기도 부천시 원미구 중동(고척2동 파출소앞 부근),2015-05-08,12시경,중상,여,48세,승용차,상해없음,여,62세,자전거,중상,차대차 - 측면직각충돌,안전운전불이행,맑음,0,1
2015,경기도 부천시 원미구9,경기도 부천시 원미구 중동(고척2동 파출소앞 부근),2015-08-07,18시경,부상신고,남,21세,자전거,부상신고,남,70세,승합차,상해없음,차대차 - 추돌 - 진행중,안전운전불이행,맑음,0,1
2015,경기도 부천시 원미구9,경기도 부천시 원미구 중동(고척2동 파출소앞 부근),2015-07-14,01시경,부상신고,남,22세,자전거,부상신고,남,67세,승용차,상해없음,차대차 - 측면직각충돌,안전운전불이행,맑음,0,1
2015,경기도 부천시 원미구9,경기도 부천시 원미구 중동(고척2동 파출소앞 부근),2015-11-11,18시경,경상,남,72세,자전거,기타불명,여,72세,보행자,경상,차대사람 - 보도통행중,안전운전불이행,맑음,0,1
2015,경기도 부천시 원미구9,경기도 부천시 원미구 중동(고척2동 파출소앞 부근),2015-10-31,12시경,경상,여,56세,자전거,경상,남,64세,승용차,상해없음,차대차 - 측면직각충돌,안전운전불이행,맑음,0,1
2015,경기도 부천시 원미구10,경기도 부천시 원미구 중동(복사골아파트 부근),2015-05-13,00시경,중상,남,62세,승용차,상해없음,남,23세,자전거,중상,차대차 - 측면직각충돌,신호위반,맑음,0,1
2015,경기도 부천시 원미구10,경기도 부천시 원미구 중동(복사골아파트 부근),2015-07-30,15시경,경상,여,50세,승용차,상해없음,여,62세,자전거,경상,차대차 - 기타,신호위반,맑음,0,1
2015,경기도 부천시 원미구10,경기도 부천시 원미구 중동(복사골아파트 부근),2015-12-18,09시경,중상,여,61세,승용차,상해없음,여,55세,자전거,중상,차대차 - 기타,안전운전불이행,맑음,0,1
2015,경기도 부천시 원미구10,경기도 부천시 원미구 중동(복사골아파트 부근),2015-10-15,08시경,부상신고,기타불명,불명,이륜차,기타불명,남,14세,자전거,부상신고,차대차 - 측면직각충돌,안전운전불이행,맑음,0,1
2015,경기도 부천시 원미구10,경기도 부천시 원미구 중동(복사골아파트 부근),2015-10-05,08시경,부상신고,남,16세,자전거,부상신고,남,56세,승합차,상해없음,차대차 - 기타,안전운전불이행,맑음,0,1
2015,경기도 부천시 원미구10,경기도 부천시 원미구 중동(복사골아파트 부근),2015-11-24,14시경,중상,남,61세,자전거,중상,남,61세,승합차,상해없음,차대차 - 추돌 - 진행중,안전운전불이행,맑음,0,1
2015,경기도 부천시 원미구10,경기도 부천시 원미구 중동(복사골아파트 부근),2015-08-14,23시경,부상신고,여,55세,자전거,부상신고,남,35세,승용차,상해없음,차대차 - 측면직각충돌,직진우회전진행방해,맑음,0,1
2015,경기도 부천시 원미구12,경기도 부천시 원미구 중동(소방서사거리 부근),2015-07-23,06시경,사망,남,65세,승용차,상해없음,남,79세,자전거,사망,차대차 - 측면직각충돌,안전거리미확보,맑음,1,0
2015,경기도 부천시 원미구12,경기도 부천시 원미구 중동(소방서사거리 부근),2015-06-23,14시경,중상,남,67세,자전거,중상,없음,불명,없음,없음,차량단독 - 전도전복,안전운전불이행,맑음,0,1
2015,경기도 부천시 원미구12,경기도 부천시 원미구 중동(소방서사거리 부근),2015-07-22,06시경,중상,남,73세,자전거,중상,남,52세,승용차,상해없음,차대차 - 측면직각충돌,안전운전불이행,맑음,0,1
2015,경기도 부천시 원미구12,경기도 부천시 원미구 중동(소방서사거리 부근),2015-05-20,13시경,경상,남,75세,자전거,경상,여,53세,승용차,상해없음,차대차 - 기타,안전운전불이행,맑음,0,1
2015,경기도 부천시 원미구12,경기도 부천시 원미구 중동(소방서사거리 부근),2015-09-09,12시경,중상,여,50세,자전거,중상,남,39세,승합차,상해없음,차대차 - 추돌 - 진행중,불법유턴,맑음,0,1
2015,경기도 부천시 원미구12,경기도 부천시 원미구 중동(소방서사거리 부근),2015-03-14,05시경,중상,여,56세,자전거,중상,남,62세,승용차,상해없음,차대차 - 기타,교차로운행방법위반,맑음,0,2
2015,경기도 부천시 원미구13,경기도 부천시 원미구 중동(상도중사거리 부근),2015-06-05,12시경,중상,기타불명,불명,자전거,기타불명,여,44세,보행자,중상,차대사람 - 보도통행중,기타,맑음,0,1
2015,경기도 부천시 원미구13,경기도 부천시 원미구 중동(상도중사거리 부근),2015-07-28,16시경,중상,남,17세,자전거,상해없음,여,44세,보행자,중상,차대사람 - 횡단중,보행자보호의무위반,맑음,0,1
2015,경기도 부천시 원미구13,경기도 부천시 원미구 중동(상도중사거리 부근),2015-09-21,08시경,경상,남,20세,자전거,경상,여,49세,자전거,경상,차대차 - 추돌 - 진행중,중앙선침범,맑음,0,2
2015,경기도 부천시 원미구13,경기도 부천시 원미구 중동(상도중사거리 부근),2015-03-24,22시경,중상,남,66세,자전거,중상,남,17세,이륜차,상해없음,차대차 - 추돌 - 진행중,불법유턴,맑음,0,1
2015,경기도 부천시 원미구13,경기도 부천시 원미구 중동(상도중사거리 부근),2015-12-28,08시경,경상,여,36세,자전거,경상,여,48세,승용차,상해없음,차대차 - 추돌 - 진행중,안전운전불이행,맑음,0,1
2015,경기도 부천시 원미구13,경기도 부천시 원미구 중동(상도중사거리 부근),2015-10-20,11시경,경상,남,50세,화물차,상해없음,여,66세,자전거,경상,차대차 - 기타,기타,맑음,0,1
2015,경기도 부천시 원미구16,경기도 부천시 원미구 중동(계남고가사거리 부근),2015-09-01,23시경,경상,남,30세,승용차,상해없음,남,38세,자전거,경상,차대차 - 측면직각충돌,안전운전불이행,맑음,0,1
2015,경기도 부천시 원미구16,경기도 부천시 원미구 중동(계남고가사거리 부근),2015-04-21,08시경,경상,여,34세,승용차,상해없음,여,25세,자전거,경상,차대차 - 측면직각충돌,안전운전불이행,맑음,0,1
2015,경기도 부천시 원미구16,경기도 부천시 원미구 중동(계남고가사거리 부근),2015-06-04,23시경,부상신고,남,16세,자전거,부상신고,남,53세,승용차,상해없음,차대차 - 측면직각충돌,안전운전불이행,맑음,0,1
2015,경기도 부천시 원미구16,경기도 부천시 원미구 중동(계남고가사거리 부근),2015-11-24,06시경,부상신고,남,25세,자전거,부상신고,남,49세,승용차,상해없음,차대차 - 측면직각충돌,직진우회전진행방해,맑음,0,1
2015,경기도 부천시 원미구16,경기도 부천시 원미구 중동(계남고가사거리 부근),2015-08-24,08시경,부상신고,남,46세,자전거,부상신고,남,53세,승용차,상해없음,차대차 - 측면직각충돌,안전운전불이행,맑음,0,1
2015,경기도 부천시 원미구16,경기도 부천시 원미구 중동(계남고가사거리 부근),2015-07-10,08시경,경상,여,57세,자전거,경상,남,16세,자전거,경상,차대차 - 기타,안전운전불이행,맑음,0,2