사고년도,다발시군구,지점명,사고일시,사고시간대,사고등급,가해자성별,가해자연령,가해차종,가해자신체상해정도,피해자성별,피해자연령,피해차종,피해자신체상해정도,사고유형,가해자법규위반,기상상태,사망자수,부상자수
2015,경기도 안산시 단원구2,경기도 안산시 단원구 고잔동(화정교 부근),2015-02-22,05시경,경상,남,27세,승용차,상해없음,남,59세,자전거,경상,차대차 - 측면직각충돌,신호위반,비,0,1
2015,경기도 안산시 단원구2,경기도 안산시 단원구 고잔동(화정교 부근),2015-07-11,23시경,중상,남,44세,승용차,상해없음,남,24세,자전거,중상,차대차 - 측면직각충돌,신호위반,맑음,0,1
2015,경기도 안산시 단원구2,경기도 안산시 단원구 고잔동(화정교 부근),2015-06-25,10시경,중상,남,50세,승용차,상해없음,남,66세,자전거,중상,차대차 - 기타,신호위반,맑음,0,1
2015,경기도 안산시 단원구2,경기도 안산시 단원구 고잔동(화정교 부근),2015-06-23,23시경,중상,남,52세,승용차,상해없음,남,18세,자전거,중상,차대차 - 추돌 - 진행중,안전운전불이행,맑음,0,1
2015,경기도 안산시 단원구2,경기도 안산시 단원구 고잔동(화정교 부근),2015-08-01,21시경,중상,남,54세,승용차,상해없음,남,29세,자전거,중상,차대차 - 측면직각충돌,안전운전불이행,맑음,0,1
2015,경기도 안산시 단원구2,경기도 안산시 단원구 고잔동(화정교 부근),2015-07-27,16시경,중상,남,35세,승합차,상해없음,남,45세,자전거,중상,차대차 - 추돌 - 진행중,신호위반,맑음,0,1
2015,경기도 안산시 단원구2,경기도 안산시 단원구 고잔동(화정교 부근),2015-07-28,16시경,경상,남,26세,자전거,경상,남,41세,승용차,기타불명,차대차 - 기타,안전운전불이행,맑음,0,1
2015,경기도 안산시 단원구3,경기도 안산시 단원구 고잔동(공용주차장 부근),2015-07-10,12시경,경상,남,43세,승용차,상해없음,남,21세,자전거,경상,차대차 - 추돌 - 진행중,신호위반,기타,0,1
2015,경기도 안산시 단원구3,경기도 안산시 단원구 고잔동(공용주차장 부근),2015-12-28,20시경,경상,남,14세,자전거,경상,남,44세,승용차,상해없음,차대차 - 정면충돌,불법유턴,맑음,0,1
2015,경기도 안산시 단원구3,경기도 안산시 단원구 고잔동(공용주차장 부근),2015-04-08,20시경,중상,남,54세,자전거,상해없음,여,70세,보행자,중상,차대사람 - 기타,안전운전불이행,맑음,0,1
2015,경기도 안산시 단원구3,경기도 안산시 단원구 고잔동(공용주차장 부근),2015-08-07,17시경,경상,여,14세,자전거,경상,남,43세,화물차,상해없음,차대차 - 기타,불법유턴,맑음,0,1
2015,경기도 안산시 단원구3,경기도 안산시 단원구 고잔동(공용주차장 부근),2015-07-12,00시경,부상신고,여,20세,자전거,부상신고,남,21세,승용차,상해없음,차대차 - 기타,불법유턴,비,0,1
2015,경기도 안산시 단원구3,경기도 안산시 단원구 고잔동(공용주차장 부근),2015-06-18,20시경,경상,여,26세,자전거,경상,여,49세,승용차,상해없음,차대차 - 측면직각충돌,신호위반,맑음,0,1
2015,경기도 안산시 단원구3,경기도 안산시 단원구 고잔동(공용주차장 부근),2015-06-23,10시경,중상,여,57세,자전거,중상,여,36세,승용차,중상,차대차 - 추돌 - 진행중,불법유턴,맑음,0,2
2015,경기도 안산시 단원구4,경기도 안산시 단원구 고잔동(까르푸사거리 부근),2015-05-07,18시경,부상신고,기타불명,불명,불명,기타불명,남,22세,자전거,부상신고,차대차 - 기타,신호위반,맑음,0,1
2015,경기도 안산시 단원구4,경기도 안산시 단원구 고잔동(까르푸사거리 부근),2015-04-10,01시경,중상,남,30세,승용차,상해없음,남,24세,자전거,중상,차대차 - 측면직각충돌,안전운전불이행,맑음,0,1
2015,경기도 안산시 단원구4,경기도 안산시 단원구 고잔동(까르푸사거리 부근),2015-12-24,07시경,중상,남,33세,승용차,상해없음,남,63세,자전거,중상,차대차 - 측면직각충돌,안전운전불이행,맑음,0,1
2015,경기도 안산시 단원구4,경기도 안산시 단원구 고잔동(까르푸사거리 부근),2015-07-31,00시경,경상,남,37세,승용차,상해없음,남,18세,자전거,경상,차대차 - 기타,신호위반,맑음,0,1
2015,경기도 안산시 단원구4,경기도 안산시 단원구 고잔동(까르푸사거리 부근),2015-10-27,21시경,경상,여,47세,승용차,상해없음,남,14세,자전거,경상,차대차 - 측면직각충돌,안전운전불이행,맑음,0,1
2015,경기도 안산시 단원구4,경기도 안산시 단원구 고잔동(까르푸사거리 부근),2015-11-06,18시경,경상,남,14세,자전거,상해없음,여,28세,보행자,경상,차대사람 - 보도통행중,기타,맑음,0,1
2015,경기도 안산시 단원구4,경기도 안산시 단원구 고잔동(까르푸사거리 부근),2015-08-23,17시경,경상,남,9세,자전거,경상,남,63세,승용차,상해없음,차대차 - 측면직각충돌,안전운전불이행,맑음,0,1
2015,경기도 안산시 단원구6,경기도 안산시 단원구 고잔동(한양빌딩 사거리 부근),2015-09-12,19시경,경상,남,49세,승용차,상해없음,여,56세,자전거,경상,차대차 - 측면직각충돌,안전운전불이행,맑음,0,1
2015,경기도 안산시 단원구6,경기도 안산시 단원구 고잔동(한양빌딩 사거리 부근),2015-10-20,12시경,중상,남,61세,승용차,상해없음,남,19세,자전거,중상,차대차 - 기타,안전운전불이행,맑음,0,1
2015,경기도 안산시 단원구6,경기도 안산시 단원구 고잔동(한양빌딩 사거리 부근),2015-10-28,19시경,중상,남,28세,자전거,중상,여,22세,승용차,상해없음,차대차 - 측면직각충돌,불법유턴,맑음,0,1
2015,경기도 안산시 단원구6,경기도 안산시 단원구 고잔동(한양빌딩 사거리 부근),2015-12-22,11시경,중상,남,52세,자전거,중상,남,31세,이륜차,상해없음,차대차 - 정면충돌,신호위반,맑음,0,1
2015,경기도 안산시 단원구6,경기도 안산시 단원구 고잔동(한양빌딩 사거리 부근),2015-09-05,21시경,경상,여,16세,자전거,경상,남,49세,승용차,상해없음,차대차 - 기타,안전운전불이행,맑음,0,2
2015,경기도 안산시 단원구6,경기도 안산시 단원구 고잔동(한양빌딩 사거리 부근),2015-12-10,19시경,중상,여,20세,자전거,중상,여,39세,승용차,기타불명,차대차 - 기타,신호위반,맑음,0,1
2015,경기도 안산시 단원구8,경기도 안산시 단원구 고잔동(교보생명삼거리 부근),2015-03-16,10시경,경상,남,54세,승용차,상해없음,여,72세,자전거,경상,차대차 - 기타,안전운전불이행,맑음,0,1
2015,경기도 안산시 단원구8,경기도 안산시 단원구 고잔동(교보생명삼거리 부근),2015-05-20,14시경,경상,남,64세,승용차,상해없음,남,45세,자전거,경상,차대차 - 측면직각충돌,안전운전불이행,맑음,0,1
2015,경기도 안산시 단원구8,경기도 안산시 단원구 고잔동(교보생명삼거리 부근),2015-09-16,12시경,중상,여,41세,승용차,상해없음,여,59세,자전거,중상,차대차 - 측면직각충돌,안전운전불이행,맑음,0,1
2015,경기도 안산시 단원구8,경기도 안산시 단원구 고잔동(교보생명삼거리 부근),2015-08-31,08시경,경상,여,53세,승용차,상해없음,남,16세,자전거,경상,차대차 - 기타,안전운전불이행,맑음,0,1
2015,경기도 안산시 단원구8,경기도 안산시 단원구 고잔동(교보생명삼거리 부근),2015-07-20,04시경,경상,남,19세,자전거,경상,남,55세,승용차,상해없음,차대차 - 측면직각충돌,안전운전불이행,맑음,0,1
2015,경기도 안산시 단원구8,경기도 안산시 단원구 고잔동(교보생명삼거리 부근),2015-11-10,08시경,경상,여,53세,자전거,경상,남,68세,승용차,상해없음,차대차 - 측면직각충돌,불법유턴,맑음,0,1
2015,경기도 안산시 단원구12,경기도 안산시 단원구 고잔동(주공8단지아파트 부근),2015-09-02,19시경,중상,남,52세,승용차,상해없음,남,19세,자전거,중상,차대차 - 추돌 - 주정차중,안전운전불이행,맑음,0,1
2015,경기도 안산시 단원구12,경기도 안산시 단원구 고잔동(주공8단지아파트 부근),2015-10-06,08시경,경상,남,17세,자전거,경상,남,40세,승용차,상해없음,차대차 - 측면직각충돌,안전운전불이행,맑음,0,1
2015,경기도 안산시 단원구12,경기도 안산시 단원구 고잔동(주공8단지아파트 부근),2015-07-05,01시경,경상,여,24세,자전거,상해없음,남,20세,보행자,경상,차대사람 - 기타,안전운전불이행,맑음,0,1
2015,경기도 안산시 단원구12,경기도 안산시 단원구 고잔동(주공8단지아파트 부근),2015-11-10,14시경,경상,여,57세,자전거,상해없음,여,61세,보행자,경상,차대사람 - 기타,신호위반,맑음,0,1
2015,경기도 안산시 단원구12,경기도 안산시 단원구 고잔동(주공8단지아파트 부근),2015-07-20,18시경,중상,남,56세,화물차,상해없음,남,10세,자전거,중상,차대차 - 측면직각충돌,미분류,맑음,0,1
2015,경기도 안산시 단원구17,경기도 안산시 단원구 고잔동(중앙역사거리 부근),2015-07-22,20시경,경상,남,58세,승용차,상해없음,남,24세,자전거,경상,차대차 - 기타,안전운전불이행,맑음,0,1
2015,경기도 안산시 단원구17,경기도 안산시 단원구 고잔동(중앙역사거리 부근),2015-03-23,22시경,경상,남,59세,승용차,상해없음,남,19세,자전거,경상,차대차 - 기타,안전운전불이행,맑음,0,1
2015,경기도 안산시 단원구17,경기도 안산시 단원구 고잔동(중앙역사거리 부근),2015-04-24,16시경,경상,기타불명,불명,자전거,기타불명,여,20세,보행자,경상,차대사람 - 기타,안전운전불이행,맑음,0,1
2015,경기도 안산시 단원구17,경기도 안산시 단원구 고잔동(중앙역사거리 부근),2015-05-24,17시경,경상,남,14세,자전거,경상,남,57세,승용차,상해없음,차대차 - 측면직각충돌,불법유턴,맑음,0,1
2015,경기도 안산시 단원구15,경기도 안산시 단원구 와동(스피드카센타 부근),2015-11-19,19시경,경상,남,35세,승용차,상해없음,남,63세,자전거,경상,차대차 - 정면충돌,안전운전불이행,흐림,0,1
2015,경기도 안산시 단원구15,경기도 안산시 단원구 와동(스피드카센타 부근),2015-06-07,18시경,중상,남,60세,승용차,상해없음,남,8세,자전거,중상,차대차 - 측면직각충돌,미분류,맑음,0,1
2015,경기도 안산시 단원구15,경기도 안산시 단원구 와동(스피드카센타 부근),2015-10-17,16시경,경상,여,41세,승용차,상해없음,남,67세,자전거,경상,차대차 - 측면직각충돌,직진우회전진행방해,맑음,0,1
2015,경기도 안산시 단원구15,경기도 안산시 단원구 와동(스피드카센타 부근),2015-05-07,19시경,경상,여,47세,승용차,상해없음,남,18세,자전거,경상,차대차 - 측면직각충돌,안전운전불이행,맑음,0,1
2015,경기도 안산시 단원구13,경기도 안산시 단원구 신길동(뿔천지탕가든 부근),2015-10-05,17시경,중상,남,24세,승용차,상해없음,여,7세,자전거,중상,차대차 - 기타,안전운전불이행,맑음,0,1
2015,경기도 안산시 단원구13,경기도 안산시 단원구 신길동(뿔천지탕가든 부근),2015-09-21,18시경,중상,남,32세,승용차,상해없음,남,44세,자전거,중상,차대차 - 기타,안전운전불이행,맑음,0,1
2015,경기도 안산시 단원구13,경기도 안산시 단원구 신길동(뿔천지탕가든 부근),2015-12-31,16시경,경상,여,46세,승용차,상해없음,남,30세,자전거,경상,차대차 - 기타,안전운전불이행,맑음,0,1
2015,경기도 안산시 단원구13,경기도 안산시 단원구 신길동(뿔천지탕가든 부근),2015-12-26,19시경,중상,남,72세,자전거,중상,남,58세,승용차,상해없음,차대차 - 정면충돌,차로위반,맑음,0,2
2015,경기도 안산시 단원구5,경기도 안산시 단원구 초지동(아트종합건설(주) 부근),2015-06-12,17시경,경상,남,57세,승용차,상해없음,여,10세,자전거,경상,차대차 - 측면직각충돌,안전운전불이행,맑음,0,1
2015,경기도 안산시 단원구5,경기도 안산시 단원구 초지동(아트종합건설(주) 부근),2015-03-27,16시경,경상,여,36세,승용차,상해없음,여,46세,자전거,경상,차대차 - 측면직각충돌,신호위반,맑음,0,1
2015,경기도 안산시 단원구5,경기도 안산시 단원구 초지동(아트종합건설(주) 부근),2015-06-23,21시경,경상,여,48세,승용차,상해없음,남,12세,자전거,경상,차대차 - 측면직각충돌,안전운전불이행,맑음,0,1
2015,경기도 안산시 단원구5,경기도 안산시 단원구 초지동(아트종합건설(주) 부근),2015-10-31,17시경,경상,남,10세,자전거,경상,여,31세,승용차,상해없음,차대차 - 추돌 - 진행중,안전운전불이행,맑음,0,1
2015,경기도 안산시 단원구5,경기도 안산시 단원구 초지동(아트종합건설(주) 부근),2015-10-19,19시경,부상신고,남,25세,자전거,부상신고,남,53세,승용차,상해없음,차대차 - 측면직각충돌,안전운전불이행,맑음,0,1
2015,경기도 안산시 단원구5,경기도 안산시 단원구 초지동(아트종합건설(주) 부근),2015-11-27,16시경,부상신고,남,51세,자전거,부상신고,여,39세,승용차,상해없음,차대차 - 정면충돌,불법유턴,맑음,0,1
2015,경기도 안산시 단원구5,경기도 안산시 단원구 초지동(아트종합건설(주) 부근),2015-07-09,10시경,경상,여,25세,자전거,경상,남,60세,승용차,상해없음,차대차 - 측면직각충돌,안전운전불이행,맑음,0,2
2015,경기도 안산시 단원구7,경기도 안산시 단원구 원곡동(연수원사거리 부근),2015-04-03,21시경,경상,기타불명,불명,불명,기타불명,남,15세,자전거,경상,차대차 - 기타,안전운전불이행,흐림,0,1
2015,경기도 안산시 단원구7,경기도 안산시 단원구 원곡동(연수원사거리 부근),2015-04-21,14시경,중상,남,53세,승용차,상해없음,여,61세,자전거,중상,차대차 - 측면직각충돌,안전운전불이행,맑음,0,1
2015,경기도 안산시 단원구7,경기도 안산시 단원구 원곡동(연수원사거리 부근),2015-02-06,18시경,경상,남,66세,승합차,상해없음,여,64세,자전거,경상,차대차 - 기타,안전운전불이행,맑음,0,1
2015,경기도 안산시 단원구7,경기도 안산시 단원구 원곡동(연수원사거리 부근),2015-03-26,09시경,중상,남,54세,자전거,중상,여,48세,승용차,상해없음,차대차 - 기타,안전운전불이행,맑음,0,1
2015,경기도 안산시 단원구7,경기도 안산시 단원구 원곡동(연수원사거리 부근),2015-10-20,19시경,경상,남,58세,자전거,경상,기타불명,불명,보행자,기타불명,차대사람 - 보도통행중,기타,맑음,0,1
2015,경기도 안산시 단원구7,경기도 안산시 단원구 원곡동(연수원사거리 부근),2015-11-04,05시경,중상,남,66세,자전거,중상,남,27세,승용차,상해없음,차대차 - 측면직각충돌,신호위반,맑음,0,1
2015,경기도 안산시 단원구10,경기도 안산시 단원구 원곡동(안산역사거리 부근),2015-11-21,15시경,경상,남,33세,승용차,상해없음,여,39세,자전거,경상,차대차 - 정면충돌,안전운전불이행,맑음,0,1
2015,경기도 안산시 단원구10,경기도 안산시 단원구 원곡동(안산역사거리 부근),2015-10-09,16시경,사망,남,29세,자전거,사망,남,23세,승용차,상해없음,차대차 - 측면직각충돌,불법유턴,맑음,1,1
2015,경기도 안산시 단원구10,경기도 안산시 단원구 원곡동(안산역사거리 부근),2015-01-22,05시경,중상,남,43세,자전거,중상,남,47세,화물차,상해없음,차대차 - 측면직각충돌,불법유턴,맑음,0,1
2015,경기도 안산시 단원구10,경기도 안산시 단원구 원곡동(안산역사거리 부근),2015-03-25,19시경,경상,남,65세,자전거,경상,남,45세,화물차,상해없음,차대차 - 기타,불법유턴,비,0,1
2015,경기도 안산시 단원구10,경기도 안산시 단원구 원곡동(안산역사거리 부근),2015-09-21,10시경,부상신고,남,70세,자전거,부상신고,남,41세,화물차,상해없음,차대차 - 기타,안전운전불이행,맑음,0,1
2015,경기도 안산시 단원구14,경기도 안산시 단원구 원곡동(경남아너스빌아파트 부근),2015-05-01,18시경,중상,여,50세,승용차,상해없음,남,13세,자전거,중상,차대차 - 추돌 - 진행중,안전거리미확보,맑음,0,1
2015,경기도 안산시 단원구14,경기도 안산시 단원구 원곡동(경남아너스빌아파트 부근),2015-08-15,17시경,부상신고,남,54세,자전거,부상신고,남,44세,승용차,상해없음,차대차 - 측면직각충돌,안전거리미확보,맑음,0,1
2015,경기도 안산시 단원구14,경기도 안산시 단원구 원곡동(경남아너스빌아파트 부근),2015-03-23,10시경,중상,남,68세,자전거,중상,남,60세,승용차,상해없음,차대차 - 기타,신호위반,맑음,0,1
2015,경기도 안산시 단원구14,경기도 안산시 단원구 원곡동(경남아너스빌아파트 부근),2015-11-13,19시경,중상,여,49세,자전거,중상,남,41세,승용차,상해없음,차대차 - 측면직각충돌,신호위반,비,0,1
2015,경기도 안산시 단원구16,경기도 안산시 단원구 원곡동(원선파출소사거리 부근),2015-06-05,20시경,중상,남,47세,승용차,상해없음,남,77세,자전거,중상,차대차 - 측면직각충돌,안전운전불이행,맑음,0,1
2015,경기도 안산시 단원구16,경기도 안산시 단원구 원곡동(원선파출소사거리 부근),2015-09-22,08시경,경상,기타불명,불명,자전거,기타불명,남,54세,보행자,경상,차대사람 - 기타,기타,맑음,0,1
2015,경기도 안산시 단원구16,경기도 안산시 단원구 원곡동(원선파출소사거리 부근),2015-05-07,16시경,경상,남,36세,자전거,경상,남,34세,승용차,상해없음,차대차 - 측면직각충돌,신호위반,맑음,0,1
2015,경기도 안산시 단원구16,경기도 안산시 단원구 원곡동(원선파출소사거리 부근),2015-05-12,09시경,경상,남,54세,화물차,상해없음,여,34세,자전거,경상,차대차 - 기타,교차로운행방법위반,맑음,0,1
2015,경기도 안산시 단원구9,경기도 안산시 단원구 선부동(군자농협사거리 부근),2015-07-10,13시경,경상,남,18세,승용차,상해없음,남,16세,자전거,경상,차대차 - 측면직각충돌,안전운전불이행,맑음,0,1
2015,경기도 안산시 단원구9,경기도 안산시 단원구 선부동(군자농협사거리 부근),2015-12-07,17시경,중상,여,38세,승용차,상해없음,남,16세,자전거,중상,차대차 - 측면직각충돌,신호위반,맑음,0,1
2015,경기도 안산시 단원구9,경기도 안산시 단원구 선부동(군자농협사거리 부근),2015-09-20,13시경,경상,여,46세,승용차,상해없음,여,26세,자전거,경상,차대차 - 기타,안전운전불이행,맑음,0,1
2015,경기도 안산시 단원구9,경기도 안산시 단원구 선부동(군자농협사거리 부근),2015-12-24,19시경,경상,남,15세,자전거,경상,남,59세,승용차,상해없음,차대차 - 기타,신호위반,맑음,0,1
2015,경기도 안산시 단원구9,경기도 안산시 단원구 선부동(군자농협사거리 부근),2015-08-20,17시경,경상,남,18세,자전거,경상,남,59세,승용차,상해없음,차대차 - 측면직각충돌,교차로운행방법위반,맑음,0,1
2015,경기도 안산시 단원구9,경기도 안산시 단원구 선부동(군자농협사거리 부근),2015-12-15,16시경,부상신고,남,78세,자전거,부상신고,남,38세,승합차,상해없음,차대차 - 정면충돌,중앙선침범,맑음,0,1
2015,경기도 안산시 단원구11,경기도 안산시 단원구 선부동(선부11단지사거리 부근),2015-08-25,21시경,경상,남,40세,승용차,상해없음,남,13세,자전거,경상,차대차 - 기타,신호위반,맑음,0,1
2015,경기도 안산시 단원구11,경기도 안산시 단원구 선부동(선부11단지사거리 부근),2015-06-27,22시경,중상,남,51세,승용차,상해없음,여,52세,자전거,중상,차대차 - 추돌 - 진행중,안전운전불이행,맑음,0,1
2015,경기도 안산시 단원구11,경기도 안산시 단원구 선부동(선부11단지사거리 부근),2015-10-31,14시경,경상,여,34세,승용차,상해없음,남,66세,자전거,경상,차대차 - 측면직각충돌,신호위반,맑음,0,1
2015,경기도 안산시 단원구11,경기도 안산시 단원구 선부동(선부11단지사거리 부근),2015-07-08,20시경,경상,남,13세,자전거,경상,남,28세,승용차,상해없음,차대차 - 기타,불법유턴,맑음,0,1
2015,경기도 안산시 단원구11,경기도 안산시 단원구 선부동(선부11단지사거리 부근),2015-08-30,05시경,사망,남,22세,특수차,상해없음,남,69세,자전거,사망,차대차 - 기타,신호위반,맑음,1,0
2015,경기도 고양시 일산동구1,경기도 고양시 일산동구 장항동(삼성스위트II공사중 부근),2015-04-29,21시경,중상,남,44세,승용차,상해없음,남,53세,자전거,중상,차대차 - 측면직각충돌,안전운전불이행,맑음,0,1
2015,경기도 고양시 일산동구1,경기도 고양시 일산동구 장항동(삼성스위트II공사중 부근),2015-02-24,06시경,중상,남,51세,승용차,상해없음,여,53세,자전거,중상,차대차 - 측면직각충돌,안전운전불이행,맑음,0,1
2015,경기도 고양시 일산동구1,경기도 고양시 일산동구 장항동(삼성스위트II공사중 부근),2015-05-08,13시경,경상,남,53세,승용차,상해없음,남,21세,자전거,경상,차대차 - 기타,안전운전불이행,맑음,0,1
2015,경기도 고양시 일산동구1,경기도 고양시 일산동구 장항동(삼성스위트II공사중 부근),2015-09-18,19시경,경상,남,73세,승용차,상해없음,여,35세,자전거,경상,차대차 - 기타,신호위반,맑음,0,1
2015,경기도 고양시 일산동구1,경기도 고양시 일산동구 장항동(삼성스위트II공사중 부근),2015-05-02,09시경,경상,여,52세,승용차,상해없음,남,35세,자전거,경상,차대차 - 측면직각충돌,신호위반,맑음,0,1
2015,경기도 고양시 일산동구1,경기도 고양시 일산동구 장항동(삼성스위트II공사중 부근),2015-08-07,14시경,경상,남,85세,자전거,경상,남,27세,승용차,상해없음,차대차 - 기타,안전운전불이행,맑음,0,1
2015,경기도 고양시 일산동구3,경기도 고양시 일산동구 장항동((정발산공원앞 삼거리) 부근),2015-10-18,17시경,중상,남,44세,승용차,상해없음,남,14세,자전거,중상,차대차 - 측면직각충돌,기타,맑음,0,1
2015,경기도 고양시 일산동구3,경기도 고양시 일산동구 장항동((정발산공원앞 삼거리) 부근),2015-04-24,20시경,경상,남,57세,승합차,상해없음,기타불명,불명,자전거,기타불명,차대차 - 기타,기타,맑음,0,1
2015,경기도 고양시 일산동구3,경기도 고양시 일산동구 장항동((정발산공원앞 삼거리) 부근),2015-02-27,17시경,경상,남,19세,이륜차,상해없음,남,13세,자전거,경상,차대차 - 기타,신호위반,맑음,0,1
2015,경기도 고양시 일산동구3,경기도 고양시 일산동구 장항동((정발산공원앞 삼거리) 부근),2015-08-08,01시경,경상,남,25세,자전거,경상,여,52세,승용차,상해없음,차대차 - 측면직각충돌,안전운전불이행,맑음,0,1
2015,경기도 고양시 일산동구3,경기도 고양시 일산동구 장항동((정발산공원앞 삼거리) 부근),2015-05-15,02시경,중상,남,50세,자전거,중상,남,54세,승용차,상해없음,차대차 - 측면직각충돌,안전운전불이행,맑음,0,1
2015,경기도 고양시 일산동구2,경기도 고양시 일산동구 백석동(백신고교사거리 부근),2015-06-09,18시경,중상,남,34세,승용차,상해없음,남,15세,자전거,중상,차대차 - 기타,안전운전불이행,맑음,0,1
2015,경기도 고양시 일산동구2,경기도 고양시 일산동구 백석동(백신고교사거리 부근),2015-06-19,20시경,중상,남,45세,승용차,상해없음,남,76세,자전거,중상,차대차 - 기타,안전운전불이행,맑음,0,1
2015,경기도 고양시 일산동구2,경기도 고양시 일산동구 백석동(백신고교사거리 부근),2015-11-06,13시경,중상,남,62세,승용차,상해없음,남,49세,자전거,중상,차대차 - 기타,교차로운행방법위반,맑음,0,1
2015,경기도 고양시 일산동구2,경기도 고양시 일산동구 백석동(백신고교사거리 부근),2015-09-25,20시경,중상,여,27세,승용차,상해없음,남,51세,자전거,중상,차대차 - 기타,신호위반,기타,0,1
2015,경기도 고양시 일산동구2,경기도 고양시 일산동구 백석동(백신고교사거리 부근),2015-01-30,17시경,부상신고,남,44세,화물차,상해없음,여,52세,자전거,부상신고,차대차 - 측면직각충돌,안전운전불이행,맑음,0,1
2015,경기도 고양시 일산동구4,경기도 고양시 일산동구 백석동(마두1동사거리 부근),2015-08-17,19시경,경상,남,52세,승용차,상해없음,남,26세,자전거,경상,차대차 - 기타,교차로운행방법위반,맑음,0,1
2015,경기도 고양시 일산동구4,경기도 고양시 일산동구 백석동(마두1동사거리 부근),2015-05-17,15시경,중상,남,72세,승용차,상해없음,남,54세,자전거,중상,차대차 - 기타,교차로운행방법위반,맑음,0,1
2015,경기도 고양시 일산동구4,경기도 고양시 일산동구 백석동(마두1동사거리 부근),2015-06-29,16시경,경상,여,54세,승용차,상해없음,남,9세,자전거,경상,차대차 - 측면직각충돌,안전운전불이행,맑음,0,1
2015,경기도 고양시 일산동구4,경기도 고양시 일산동구 백석동(마두1동사거리 부근),2015-07-03,16시경,부상신고,남,15세,자전거,부상신고,여,47세,승용차,상해없음,차대차 - 기타,안전운전불이행,맑음,0,1
2015,경기도 고양시 일산동구4,경기도 고양시 일산동구 백석동(마두1동사거리 부근),2015-09-05,07시경,부상신고,여,67세,자전거,부상신고,남,52세,승합차,상해없음,차대차 - 기타,안전운전불이행,맑음,0,1
2015,경기도 고양시 일산서구4,경기도 고양시 일산서구 일산동((동심프라자앞 사거리) 부근),2015-03-09,10시경,경상,남,75세,승용차,상해없음,남,75세,자전거,경상,차대차 - 측면직각충돌,신호위반,맑음,0,1
2015,경기도 고양시 일산서구4,경기도 고양시 일산서구 일산동((동심프라자앞 사거리) 부근),2015-09-19,01시경,경상,여,55세,승용차,상해없음,여,15세,자전거,경상,차대차 - 추돌 - 진행중,안전운전불이행,기타,0,1
2015,경기도 고양시 일산서구4,경기도 고양시 일산서구 일산동((동심프라자앞 사거리) 부근),2015-07-14,15시경,경상,여,62세,승용차,상해없음,남,12세,자전거,경상,차대차 - 추돌 - 진행중,안전운전불이행,맑음,0,1
2015,경기도 고양시 일산서구4,경기도 고양시 일산서구 일산동((동심프라자앞 사거리) 부근),2015-09-22,08시경,경상,남,47세,승합차,상해없음,남,69세,자전거,경상,차대차 - 추돌 - 주정차중,안전운전불이행,맑음,0,1
2015,경기도 고양시 일산서구4,경기도 고양시 일산서구 일산동((동심프라자앞 사거리) 부근),2015-10-20,22시경,경상,남,17세,자전거,경상,여,45세,승용차,상해없음,차대차 - 측면직각충돌,불법유턴,맑음,0,1
2015,경기도 고양시 일산서구6,경기도 고양시 일산서구 일산동(후곡18단지사거리 부근),2015-07-26,16시경,사망,남,44세,승용차,상해없음,남,81세,자전거,사망,차대차 - 측면직각충돌,안전운전불이행,맑음,1,0
2015,경기도 고양시 일산서구6,경기도 고양시 일산서구 일산동(후곡18단지사거리 부근),2015-05-12,07시경,경상,남,55세,승용차,상해없음,남,19세,자전거,경상,차대차 - 기타,안전운전불이행,맑음,0,1
2015,경기도 고양시 일산서구6,경기도 고양시 일산서구 일산동(후곡18단지사거리 부근),2015-05-01,07시경,부상신고,남,67세,자전거,부상신고,없음,불명,없음,없음,차량단독 - 기타,안전운전불이행,맑음,0,1
2015,경기도 고양시 일산서구6,경기도 고양시 일산서구 일산동(후곡18단지사거리 부근),2015-02-11,15시경,경상,여,67세,자전거,경상,남,72세,승합차,상해없음,차대차 - 측면직각충돌,안전거리미확보,맑음,0,1
2015,경기도 고양시 일산서구2,경기도 고양시 일산서구 주엽동(주엽역사거리 부근),2015-11-03,18시경,부상신고,기타불명,불명,불명,기타불명,남,17세,자전거,부상신고,차대차 - 기타,안전운전불이행,기타,0,1
2015,경기도 고양시 일산서구2,경기도 고양시 일산서구 주엽동(주엽역사거리 부근),2015-11-11,00시경,부상신고,기타불명,불명,불명,기타불명,여,20세,자전거,부상신고,차대차 - 측면직각충돌,안전운전불이행,맑음,0,1
2015,경기도 고양시 일산서구2,경기도 고양시 일산서구 주엽동(주엽역사거리 부근),2015-05-26,14시경,경상,여,41세,승용차,상해없음,남,7세,자전거,경상,차대차 - 측면직각충돌,기타,맑음,0,1
2015,경기도 고양시 일산서구2,경기도 고양시 일산서구 주엽동(주엽역사거리 부근),2015-02-10,07시경,중상,여,46세,승용차,상해없음,남,78세,자전거,중상,차대차 - 측면직각충돌,안전운전불이행,맑음,0,1
2015,경기도 고양시 일산서구2,경기도 고양시 일산서구 주엽동(주엽역사거리 부근),2015-03-04,22시경,경상,남,61세,승합차,상해없음,남,18세,자전거,경상,차대차 - 측면직각충돌,신호위반,맑음,0,1
2015,경기도 고양시 일산서구2,경기도 고양시 일산서구 주엽동(주엽역사거리 부근),2015-05-12,16시경,중상,남,21세,자전거,상해없음,여,4세,보행자,중상,차대사람 - 기타,안전운전불이행,맑음,0,1
2015,경기도 고양시 일산서구3,경기도 고양시 일산서구 주엽동(주엽신우아파트B 부근),2015-10-15,20시경,중상,남,61세,승용차,상해없음,여,19세,자전거,중상,차대차 - 기타,신호위반,맑음,0,1