사고년도,다발시군구,지점명,사고일시,사고시간대,사고등급,가해자성별,가해자연령,가해차종,가해자신체상해정도,피해자성별,피해자연령,피해차종,피해자신체상해정도,사고유형,가해자법규위반,기상상태,사망자수,부상자수
2015,경상북도 포항시 북구3,경상북도 포항시 북구 용흥동(NU SKIN 부근),2015-10-02,12시경,중상,남,30세,이륜차,상해없음,여,66세,자전거,중상,차대차 - 기타,안전운전불이행,맑음,0,1
2015,경상북도 경주시1,경상북도 경주시 노동동(정 앤 정 성형외과 부근),2015-09-11,08시경,경상,여,53세,승용차,상해없음,여,62세,자전거,경상,차대차 - 기타,안전운전불이행,맑음,0,1
2015,경상북도 경주시1,경상북도 경주시 노동동(정 앤 정 성형외과 부근),2015-07-11,12시경,경상,남,17세,원동기장치자전거,상해없음,남,27세,자전거,경상,차대차 - 기타,신호위반,맑음,0,1
2015,경상북도 경주시1,경상북도 경주시 노동동(정 앤 정 성형외과 부근),2015-07-31,19시경,경상,남,67세,자전거,경상,남,70세,승용차,상해없음,차대차 - 측면직각충돌,신호위반,맑음,0,1
2015,경상북도 경주시1,경상북도 경주시 노동동(정 앤 정 성형외과 부근),2015-06-24,08시경,경상,남,88세,자전거,경상,남,63세,승용차,상해없음,차대차 - 기타,안전운전불이행,맑음,0,1
2015,경상북도 경주시1,경상북도 경주시 노동동(정 앤 정 성형외과 부근),2015-01-13,18시경,사망,남,22세,화물차,상해없음,남,79세,자전거,사망,차대차 - 기타,안전운전불이행,맑음,1,0
2015,경상북도 경주시4,경상북도 경주시 성건동(복원로터리 부근),2015-09-09,22시경,경상,남,56세,승용차,상해없음,남,48세,자전거,경상,차대차 - 기타,신호위반,맑음,0,1
2015,경상북도 경주시4,경상북도 경주시 성건동(복원로터리 부근),2015-08-28,13시경,경상,남,42세,자전거,상해없음,남,38세,원동기장치자전거,경상,차대차 - 기타,신호위반,맑음,0,1
2015,경상북도 경주시4,경상북도 경주시 성건동(복원로터리 부근),2015-06-28,21시경,경상,남,62세,자전거,경상,남,26세,승용차,기타불명,차대차 - 측면직각충돌,안전운전불이행,맑음,0,1
2015,경상북도 경주시4,경상북도 경주시 성건동(복원로터리 부근),2015-03-09,06시경,경상,남,47세,화물차,상해없음,남,83세,자전거,경상,차대차 - 기타,안전운전불이행,맑음,0,1
2015,경상북도 경주시3,경상북도 경주시 황남동(구대구사거리 부근),2015-09-25,17시경,중상,남,30세,승용차,상해없음,남,80세,자전거,중상,차대차 - 기타,안전운전불이행,맑음,0,1
2015,경상북도 경주시3,경상북도 경주시 황남동(구대구사거리 부근),2015-09-21,09시경,중상,남,72세,승용차,상해없음,남,79세,자전거,중상,차대차 - 기타,안전운전불이행,맑음,0,1
2015,경상북도 경주시3,경상북도 경주시 황남동(구대구사거리 부근),2015-04-12,20시경,부상신고,남,48세,자전거,부상신고,남,48세,승용차,상해없음,차대차 - 기타,안전운전불이행,맑음,0,1
2015,경상북도 경주시3,경상북도 경주시 황남동(구대구사거리 부근),2015-08-21,18시경,부상신고,남,31세,화물차,상해없음,남,50세,자전거,부상신고,차대차 - 측면직각충돌,안전운전불이행,맑음,0,1
2015,경상북도 경주시2,경상북도 경주시 황성동(쁘띠르방 부근),2015-07-15,18시경,경상,남,37세,승용차,상해없음,남,14세,자전거,경상,차대차 - 기타,안전운전불이행,맑음,0,1
2015,경상북도 경주시2,경상북도 경주시 황성동(쁘띠르방 부근),2015-10-21,13시경,경상,남,59세,원동기장치자전거,상해없음,남,68세,자전거,경상,차대차 - 기타,안전운전불이행,맑음,0,1
2015,경상북도 경주시2,경상북도 경주시 황성동(쁘띠르방 부근),2015-04-14,22시경,경상,남,14세,자전거,상해없음,여,27세,승용차,경상,차대차 - 기타,신호위반,맑음,0,1
2015,경상북도 경주시2,경상북도 경주시 황성동(쁘띠르방 부근),2015-08-24,11시경,경상,남,43세,자전거,경상,남,54세,승용차,상해없음,차대차 - 측면직각충돌,안전운전불이행,맑음,0,1
2015,경상북도 경주시2,경상북도 경주시 황성동(쁘띠르방 부근),2015-10-15,20시경,중상,여,55세,자전거,중상,남,61세,승용차,상해없음,차대차 - 기타,안전운전불이행,맑음,0,1
2015,경상북도 김천시1,경상북도 김천시 남산동(김천저울사 부근),2015-06-19,18시경,중상,남,56세,승용차,상해없음,남,35세,자전거,중상,차대차 - 측면직각충돌,안전운전불이행,맑음,0,1
2015,경상북도 김천시1,경상북도 김천시 남산동(김천저울사 부근),2015-06-22,22시경,중상,남,79세,승용차,상해없음,남,17세,자전거,중상,차대차 - 측면직각충돌,직진우회전진행방해,비,0,1
2015,경상북도 김천시1,경상북도 김천시 남산동(김천저울사 부근),2015-10-02,15시경,경상,여,39세,승용차,상해없음,남,73세,자전거,경상,차대차 - 측면직각충돌,보행자보호의무위반,맑음,0,1
2015,경상북도 김천시1,경상북도 김천시 남산동(김천저울사 부근),2015-08-29,15시경,사망,남,79세,자전거,사망,남,21세,승용차,상해없음,차대차 - 측면직각충돌,차로위반,맑음,1,0
2015,경상북도 김천시2,경상북도 김천시 부곡동(피자인 부근),2015-11-02,20시경,중상,남,51세,승용차,상해없음,남,9세,자전거,중상,차대차 - 측면직각충돌,신호위반,맑음,0,1
2015,경상북도 김천시2,경상북도 김천시 부곡동(피자인 부근),2015-04-05,14시경,중상,여,41세,승용차,상해없음,여,36세,자전거,중상,차대차 - 측면직각충돌,안전운전불이행,비,0,1
2015,경상북도 김천시2,경상북도 김천시 부곡동(피자인 부근),2015-09-29,21시경,중상,남,21세,이륜차,상해없음,남,66세,자전거,중상,차대차 - 측면직각충돌,안전운전불이행,맑음,0,1
2015,경상북도 김천시2,경상북도 김천시 부곡동(피자인 부근),2015-10-20,17시경,중상,남,74세,자전거,중상,여,54세,승용차,상해없음,차대차 - 측면직각충돌,안전운전불이행,맑음,0,1
2015,경상북도 구미시2,경상북도 구미시 지산동(교차로 부근),2015-10-31,19시경,경상,남,41세,승용차,상해없음,남,14세,자전거,경상,차대차 - 기타,안전운전불이행,맑음,0,1
2015,경상북도 구미시2,경상북도 구미시 지산동(교차로 부근),2015-11-06,18시경,경상,남,47세,승용차,기타불명,남,43세,자전거,경상,차대차 - 기타,안전운전불이행,흐림,0,1
2015,경상북도 구미시2,경상북도 구미시 지산동(교차로 부근),2015-05-09,23시경,중상,여,46세,승용차,상해없음,남,27세,자전거,중상,차대차 - 기타,안전운전불이행,맑음,0,1
2015,경상북도 구미시2,경상북도 구미시 지산동(교차로 부근),2015-01-18,18시경,중상,남,17세,이륜차,상해없음,남,57세,자전거,중상,차대차 - 기타,안전운전불이행,맑음,0,1
2015,경상북도 구미시4,경상북도 구미시 형곡동(형곡사거리 부근),2015-11-15,19시경,경상,남,56세,승용차,상해없음,남,12세,자전거,경상,차대차 - 측면직각충돌,안전운전불이행,맑음,0,1
2015,경상북도 구미시4,경상북도 구미시 형곡동(형곡사거리 부근),2015-09-21,13시경,경상,여,58세,승용차,상해없음,남,28세,자전거,경상,차대차 - 기타,안전운전불이행,맑음,0,1
2015,경상북도 구미시4,경상북도 구미시 형곡동(형곡사거리 부근),2015-10-08,10시경,경상,남,81세,이륜차,부상신고,남,24세,자전거,경상,차대차 - 기타,안전운전불이행,맑음,0,2
2015,경상북도 구미시4,경상북도 구미시 형곡동(형곡사거리 부근),2015-05-18,06시경,부상신고,남,27세,자전거,부상신고,남,52세,승용차,상해없음,차대차 - 기타,안전운전불이행,흐림,0,1
2015,경상북도 구미시1,경상북도 구미시 송정동(송정삼거리 부근),2015-11-20,10시경,중상,남,50세,승용차,상해없음,여,70세,자전거,중상,차대차 - 정면충돌,안전운전불이행,맑음,0,1
2015,경상북도 구미시1,경상북도 구미시 송정동(송정삼거리 부근),2015-07-24,15시경,중상,남,54세,승용차,상해없음,여,70세,자전거,중상,차대차 - 기타,안전운전불이행,맑음,0,1
2015,경상북도 구미시1,경상북도 구미시 송정동(송정삼거리 부근),2015-09-04,07시경,경상,남,71세,승용차,상해없음,남,14세,자전거,경상,차대차 - 기타,교차로운행방법위반,맑음,0,1
2015,경상북도 구미시1,경상북도 구미시 송정동(송정삼거리 부근),2015-03-25,14시경,중상,여,49세,승용차,상해없음,남,53세,자전거,중상,차대차 - 기타,안전운전불이행,맑음,0,1
2015,경상북도 구미시1,경상북도 구미시 송정동(송정삼거리 부근),2015-09-26,12시경,경상,남,54세,자전거,경상,여,48세,승용차,상해없음,차대차 - 기타,안전운전불이행,맑음,0,1
2015,경상북도 구미시3,경상북도 구미시 구평동(THE FLAIR BAR 부근),2015-09-04,22시경,중상,남,28세,승용차,상해없음,남,55세,자전거,중상,차대차 - 기타,안전운전불이행,맑음,0,1
2015,경상북도 구미시3,경상북도 구미시 구평동(THE FLAIR BAR 부근),2015-11-18,06시경,경상,남,37세,승용차,상해없음,남,14세,자전거,경상,차대차 - 측면직각충돌,안전운전불이행,비,0,1
2015,경상북도 구미시3,경상북도 구미시 구평동(THE FLAIR BAR 부근),2015-06-09,13시경,부상신고,여,20세,자전거,부상신고,남,34세,승용차,상해없음,차대차 - 기타,안전운전불이행,맑음,0,1
2015,경상북도 구미시3,경상북도 구미시 구평동(THE FLAIR BAR 부근),2015-07-22,07시경,중상,여,63세,자전거,중상,남,41세,승용차,상해없음,차대차 - 기타,신호위반,맑음,0,1
2015,경상북도 영주시3,"경상북도 영주시 영주동(한성사우나,여관 부근)",2015-09-19,14시경,중상,남,35세,승용차,상해없음,남,75세,자전거,중상,차대차 - 측면직각충돌,안전운전불이행,맑음,0,1
2015,경상북도 영주시3,"경상북도 영주시 영주동(한성사우나,여관 부근)",2015-09-30,16시경,중상,남,59세,승용차,상해없음,여,34세,자전거,중상,차대차 - 측면직각충돌,안전운전불이행,맑음,0,1
2015,경상북도 영주시3,"경상북도 영주시 영주동(한성사우나,여관 부근)",2015-10-20,18시경,경상,여,35세,승용차,상해없음,남,59세,자전거,경상,차대차 - 추돌 - 진행중,안전운전불이행,맑음,0,1
2015,경상북도 영주시3,"경상북도 영주시 영주동(한성사우나,여관 부근)",2015-06-24,18시경,경상,남,58세,원동기장치자전거,상해없음,남,16세,자전거,경상,차대차 - 측면직각충돌,안전운전불이행,맑음,0,1
2015,경상북도 영주시3,"경상북도 영주시 영주동(한성사우나,여관 부근)",2015-12-02,13시경,경상,여,62세,자전거,경상,여,48세,승용차,상해없음,차대차 - 정면충돌,안전운전불이행,비,0,1
2015,경상북도 영주시1,경상북도 영주시 하망동(원당식당 부근),2015-07-01,09시경,중상,남,39세,승용차,상해없음,남,25세,자전거,중상,차대차 - 측면직각충돌,안전운전불이행,맑음,0,1
2015,경상북도 영주시1,경상북도 영주시 하망동(원당식당 부근),2015-09-02,19시경,중상,남,52세,승용차,기타불명,여,57세,자전거,중상,차대차 - 측면직각충돌,안전운전불이행,맑음,0,1
2015,경상북도 영주시1,경상북도 영주시 하망동(원당식당 부근),2015-12-02,21시경,경상,여,41세,승용차,기타불명,남,68세,자전거,경상,차대차 - 정면충돌,신호위반,흐림,0,1
2015,경상북도 영주시1,경상북도 영주시 하망동(원당식당 부근),2015-12-22,17시경,경상,남,9세,자전거,경상,여,49세,승용차,상해없음,차대차 - 정면충돌,안전운전불이행,맑음,0,1
2015,경상북도 영주시1,경상북도 영주시 하망동(원당식당 부근),2015-10-29,07시경,경상,남,46세,화물차,상해없음,남,59세,자전거,경상,차대차 - 측면직각충돌,안전운전불이행,맑음,0,1
2015,경상북도 영주시1,경상북도 영주시 하망동(원당식당 부근),2015-05-09,15시경,경상,남,57세,화물차,상해없음,남,16세,자전거,경상,차대차 - 측면직각충돌,안전운전불이행,맑음,0,1
2015,경상북도 영주시1,경상북도 영주시 하망동(원당식당 부근),2015-03-02,09시경,중상,남,59세,화물차,상해없음,여,58세,자전거,중상,차대차 - 측면직각충돌,안전운전불이행,맑음,0,1
2015,경상북도 영주시2,경상북도 영주시 가흥동(세무사김영옥사무소 부근),2015-01-09,15시경,경상,남,52세,승용차,상해없음,남,16세,자전거,경상,차대차 - 측면직각충돌,신호위반,맑음,0,1
2015,경상북도 영주시2,경상북도 영주시 가흥동(세무사김영옥사무소 부근),2015-10-20,08시경,중상,여,39세,승용차,상해없음,남,76세,자전거,중상,차대차 - 측면직각충돌,안전운전불이행,맑음,0,1
2015,경상북도 영주시2,경상북도 영주시 가흥동(세무사김영옥사무소 부근),2015-04-28,17시경,중상,여,48세,승용차,상해없음,남,79세,자전거,중상,차대차 - 측면직각충돌,안전운전불이행,맑음,0,1
2015,경상북도 영주시2,경상북도 영주시 가흥동(세무사김영옥사무소 부근),2015-09-28,13시경,경상,남,13세,자전거,경상,남,44세,승용차,상해없음,차대차 - 측면직각충돌,안전운전불이행,맑음,0,1
2015,경상북도 영주시2,경상북도 영주시 가흥동(세무사김영옥사무소 부근),2015-02-28,09시경,중상,남,66세,자전거,중상,여,39세,승용차,상해없음,차대차 - 측면직각충돌,중앙선침범,맑음,0,1
2015,경상북도 상주시3,경상북도 상주시 냉림동(몽돌회초밥 부근),2015-10-07,08시경,중상,여,49세,승용차,상해없음,여,26세,자전거,중상,차대차 - 측면직각충돌,안전운전불이행,맑음,0,1
2015,경상북도 상주시3,경상북도 상주시 냉림동(몽돌회초밥 부근),2015-07-25,19시경,중상,여,54세,승용차,상해없음,남,72세,자전거,중상,차대차 - 측면직각충돌,안전운전불이행,맑음,0,1
2015,경상북도 상주시3,경상북도 상주시 냉림동(몽돌회초밥 부근),2015-07-14,07시경,경상,여,55세,승용차,상해없음,남,76세,자전거,경상,차대차 - 기타,안전운전불이행,맑음,0,1
2015,경상북도 상주시3,경상북도 상주시 냉림동(몽돌회초밥 부근),2015-02-04,14시경,부상신고,남,13세,자전거,부상신고,남,38세,승용차,상해없음,차대차 - 측면직각충돌,안전운전불이행,맑음,0,1
2015,경상북도 상주시3,경상북도 상주시 냉림동(몽돌회초밥 부근),2015-05-07,17시경,부상신고,남,14세,자전거,부상신고,여,51세,승용차,상해없음,차대차 - 추돌 - 주정차중,안전운전불이행,맑음,0,1
2015,경상북도 상주시2,경상북도 상주시 남성동(중앙 사거리 부근),2015-04-14,00시경,중상,남,45세,승용차,상해없음,여,54세,자전거,중상,차대차 - 측면직각충돌,안전운전불이행,비,0,1
2015,경상북도 상주시2,경상북도 상주시 남성동(중앙 사거리 부근),2015-04-02,15시경,경상,남,60세,승용차,상해없음,여,46세,자전거,경상,차대차 - 기타,안전운전불이행,흐림,0,1
2015,경상북도 상주시2,경상북도 상주시 남성동(중앙 사거리 부근),2015-01-22,11시경,중상,여,54세,승용차,상해없음,여,22세,자전거,중상,차대차 - 측면직각충돌,안전운전불이행,비,0,1
2015,경상북도 상주시2,경상북도 상주시 남성동(중앙 사거리 부근),2015-07-28,20시경,경상,여,57세,승합차,상해없음,남,13세,자전거,경상,차대차 - 측면직각충돌,안전운전불이행,맑음,0,1
2015,경상북도 상주시2,경상북도 상주시 남성동(중앙 사거리 부근),2015-12-24,18시경,중상,남,30세,이륜차,상해없음,남,73세,자전거,중상,차대차 - 기타,안전운전불이행,맑음,0,1
2015,경상북도 상주시5,경상북도 상주시 남성동(서울식당 부근),2015-11-13,08시경,중상,남,56세,승용차,상해없음,남,13세,자전거,중상,차대차 - 추돌 - 진행중,중앙선침범,비,0,1
2015,경상북도 상주시5,경상북도 상주시 남성동(서울식당 부근),2015-07-01,11시경,중상,남,62세,승용차,상해없음,여,32세,자전거,중상,차대차 - 기타,안전운전불이행,맑음,0,1
2015,경상북도 상주시5,경상북도 상주시 남성동(서울식당 부근),2015-03-08,17시경,경상,여,38세,승용차,상해없음,남,72세,자전거,경상,차대차 - 추돌 - 진행중,안전운전불이행,맑음,0,1
2015,경상북도 상주시5,경상북도 상주시 남성동(서울식당 부근),2015-06-12,19시경,중상,남,13세,자전거,상해없음,여,51세,보행자,중상,차대사람 - 횡단중,안전운전불이행,맑음,0,1
2015,경상북도 상주시1,경상북도 상주시 무양동(아침 이슬 부근),2015-10-05,20시경,경상,남,27세,승용차,상해없음,남,62세,자전거,경상,차대차 - 측면직각충돌,안전운전불이행,맑음,0,1
2015,경상북도 상주시1,경상북도 상주시 무양동(아침 이슬 부근),2015-09-24,05시경,경상,남,34세,승용차,상해없음,여,73세,자전거,경상,차대차 - 정면충돌,안전운전불이행,흐림,0,1
2015,경상북도 상주시1,경상북도 상주시 무양동(아침 이슬 부근),2015-03-24,12시경,중상,남,56세,승용차,상해없음,남,66세,자전거,상해없음,차대차 - 기타,안전운전불이행,맑음,0,1
2015,경상북도 상주시1,경상북도 상주시 무양동(아침 이슬 부근),2015-06-23,22시경,경상,남,58세,승용차,상해없음,여,18세,자전거,경상,차대차 - 측면직각충돌,안전운전불이행,맑음,0,1
2015,경상북도 상주시1,경상북도 상주시 무양동(아침 이슬 부근),2015-08-22,12시경,경상,여,36세,승용차,상해없음,남,17세,자전거,경상,차대차 - 기타,안전운전불이행,맑음,0,1
2015,경상북도 상주시1,경상북도 상주시 무양동(아침 이슬 부근),2015-12-11,08시경,경상,여,59세,승용차,상해없음,남,17세,자전거,경상,차대차 - 측면직각충돌,교차로운행방법위반,비,0,1
2015,경상북도 상주시4,경상북도 상주시 낙양동(낙양사거리 부근),2015-10-06,13시경,경상,여,47세,승용차,상해없음,남,13세,자전거,경상,차대차 - 측면직각충돌,안전운전불이행,맑음,0,1
2015,경상북도 상주시4,경상북도 상주시 낙양동(낙양사거리 부근),2015-12-15,20시경,경상,남,66세,자전거,경상,남,53세,원동기장치자전거,상해없음,차대차 - 측면직각충돌,안전운전불이행,맑음,0,1
2015,경상북도 상주시4,경상북도 상주시 낙양동(낙양사거리 부근),2015-05-18,12시경,경상,남,77세,자전거,경상,남,53세,승합차,상해없음,차대차 - 측면직각충돌,안전운전불이행,맑음,0,1
2015,경상북도 상주시4,경상북도 상주시 낙양동(낙양사거리 부근),2015-08-07,11시경,경상,남,89세,자전거,경상,여,62세,승용차,상해없음,차대차 - 측면직각충돌,안전운전불이행,맑음,0,1
2015,경상북도 상주시4,경상북도 상주시 낙양동(낙양사거리 부근),2015-11-16,13시경,중상,여,84세,자전거,중상,남,65세,화물차,상해없음,차대차 - 측면직각충돌,안전운전불이행,흐림,0,1
2015,경상북도 경산시1,경상북도 경산시 삼북동(아울렛파크 부근),2015-04-20,09시경,중상,남,67세,승용차,상해없음,남,50세,자전거,중상,차대차 - 기타,직진우회전진행방해,비,0,1
2015,경상북도 경산시1,경상북도 경산시 삼북동(아울렛파크 부근),2015-04-06,05시경,경상,남,71세,승용차,상해없음,남,70세,자전거,경상,차대차 - 기타,안전운전불이행,맑음,0,1
2015,경상북도 경산시1,경상북도 경산시 삼북동(아울렛파크 부근),2015-11-26,15시경,경상,여,58세,승용차,상해없음,여,11세,자전거,경상,차대차 - 정면충돌,안전운전불이행,맑음,0,1
2015,경상북도 경산시1,경상북도 경산시 삼북동(아울렛파크 부근),2015-11-18,15시경,경상,남,12세,자전거,경상,남,21세,승용차,상해없음,차대차 - 측면직각충돌,불법유턴,흐림,0,1
2015,경상북도 경산시1,경상북도 경산시 삼북동(아울렛파크 부근),2015-06-03,19시경,경상,남,76세,자전거,경상,여,28세,승용차,상해없음,차대차 - 기타,안전운전불이행,맑음,0,1
2015,경상북도 경산시1,경상북도 경산시 삼북동(아울렛파크 부근),2015-10-16,12시경,중상,남,77세,자전거,중상,남,39세,승용차,상해없음,차대차 - 측면직각충돌,안전운전불이행,맑음,0,1
2015,경상북도 경산시1,경상북도 경산시 삼북동(아울렛파크 부근),2015-09-05,15시경,경상,남,80세,자전거,경상,남,79세,승용차,상해없음,차대차 - 기타,안전운전불이행,맑음,0,1
2015,경상북도 경산시1,경상북도 경산시 삼북동(아울렛파크 부근),2015-05-18,22시경,경상,여,54세,자전거,경상,남,49세,승용차,상해없음,차대차 - 기타,안전운전불이행,맑음,0,1
2015,경상북도 경산시1,경상북도 경산시 옥산동(농협협동조합중앙회중방동지점 부근),2015-04-20,09시경,중상,남,67세,승용차,상해없음,남,50세,자전거,중상,차대차 - 기타,직진우회전진행방해,비,0,1
2015,경상북도 경산시1,경상북도 경산시 옥산동(농협협동조합중앙회중방동지점 부근),2015-04-06,05시경,경상,남,71세,승용차,상해없음,남,70세,자전거,경상,차대차 - 기타,안전운전불이행,맑음,0,1
2015,경상북도 경산시1,경상북도 경산시 옥산동(농협협동조합중앙회중방동지점 부근),2015-11-26,15시경,경상,여,58세,승용차,상해없음,여,11세,자전거,경상,차대차 - 정면충돌,안전운전불이행,맑음,0,1
2015,경상북도 경산시1,경상북도 경산시 옥산동(농협협동조합중앙회중방동지점 부근),2015-11-18,15시경,경상,남,12세,자전거,경상,남,21세,승용차,상해없음,차대차 - 측면직각충돌,불법유턴,흐림,0,1
2015,경상북도 경산시1,경상북도 경산시 옥산동(농협협동조합중앙회중방동지점 부근),2015-06-03,19시경,경상,남,76세,자전거,경상,여,28세,승용차,상해없음,차대차 - 기타,안전운전불이행,맑음,0,1
2015,경상북도 경산시1,경상북도 경산시 옥산동(농협협동조합중앙회중방동지점 부근),2015-10-16,12시경,중상,남,77세,자전거,중상,남,39세,승용차,상해없음,차대차 - 측면직각충돌,안전운전불이행,맑음,0,1
2015,경상북도 경산시1,경상북도 경산시 옥산동(농협협동조합중앙회중방동지점 부근),2015-09-05,15시경,경상,남,80세,자전거,경상,남,79세,승용차,상해없음,차대차 - 기타,안전운전불이행,맑음,0,1
2015,경상북도 경산시1,경상북도 경산시 옥산동(농협협동조합중앙회중방동지점 부근),2015-05-18,22시경,경상,여,54세,자전거,경상,남,49세,승용차,상해없음,차대차 - 기타,안전운전불이행,맑음,0,1
2015,경상북도 경산시3,경상북도 경산시 중방동(진지건설(주) 부근),2015-09-08,18시경,중상,기타불명,불명,승용차,기타불명,여,26세,자전거,중상,차대차 - 기타,안전운전불이행,맑음,0,1
2015,경상북도 경산시3,경상북도 경산시 중방동(진지건설(주) 부근),2015-04-28,19시경,중상,남,34세,승용차,상해없음,남,55세,자전거,중상,차대차 - 측면직각충돌,안전운전불이행,흐림,0,1
2015,경상북도 경산시3,경상북도 경산시 중방동(진지건설(주) 부근),2015-09-09,17시경,경상,남,39세,승용차,상해없음,남,11세,자전거,경상,차대차 - 기타,직진우회전진행방해,맑음,0,1
2015,경상북도 경산시3,경상북도 경산시 중방동(진지건설(주) 부근),2015-12-08,12시경,경상,남,55세,승용차,상해없음,남,49세,자전거,경상,차대차 - 정면충돌,안전운전불이행,맑음,0,1
2015,경상북도 칠곡군1,경상북도 칠곡군 왜관읍(평장교 부근),2015-11-02,12시경,경상,남,38세,승용차,상해없음,남,89세,자전거,경상,차대차 - 측면직각충돌,안전운전불이행,맑음,0,1
2015,경상북도 칠곡군1,경상북도 칠곡군 왜관읍(평장교 부근),2015-05-11,07시경,중상,남,64세,승용차,상해없음,여,58세,자전거,중상,차대차 - 측면직각충돌,안전운전불이행,맑음,0,1
2015,경상북도 칠곡군1,경상북도 칠곡군 왜관읍(평장교 부근),2015-02-04,11시경,중상,남,27세,승합차,상해없음,여,59세,자전거,중상,차대차 - 측면직각충돌,안전운전불이행,맑음,0,1
2015,경상북도 칠곡군1,경상북도 칠곡군 왜관읍(평장교 부근),2015-08-24,09시경,경상,여,52세,자전거,상해없음,여,72세,보행자,경상,차대사람 - 기타,기타,흐림,0,1
2015,경상남도 창원시 의창구2,경상남도 창원시 의창구 명서동(- 인근),2015-06-04,10시경,중상,남,47세,승용차,상해없음,여,72세,자전거,중상,차대차 - 측면직각충돌,신호위반,맑음,0,1
2015,경상남도 창원시 의창구2,경상남도 창원시 의창구 명서동(- 인근),2015-02-18,11시경,부상신고,남,57세,승용차,상해없음,여,66세,자전거,부상신고,차대차 - 측면직각충돌,안전운전불이행,맑음,0,1
2015,경상남도 창원시 의창구2,경상남도 창원시 의창구 명서동(- 인근),2015-09-15,21시경,중상,여,44세,승용차,상해없음,여,27세,자전거,중상,차대차 - 측면직각충돌,신호위반,맑음,0,1
2015,경상남도 창원시 의창구2,경상남도 창원시 의창구 명서동(- 인근),2015-01-15,18시경,중상,남,44세,승합차,상해없음,여,61세,자전거,중상,차대차 - 기타,신호위반,맑음,0,1
2015,경상남도 창원시 의창구2,경상남도 창원시 의창구 명서동(- 인근),2015-07-18,17시경,중상,여,24세,자전거,중상,남,59세,화물차,상해없음,차대차 - 측면직각충돌,중앙선침범,맑음,0,1
2015,경상남도 창원시 의창구1,경상남도 창원시 의창구 신월동(창원광장 부근),2015-02-13,07시경,경상,남,26세,승용차,상해없음,남,50세,자전거,경상,차대차 - 측면직각충돌,신호위반,맑음,0,1
2015,경상남도 창원시 의창구1,경상남도 창원시 의창구 신월동(창원광장 부근),2015-08-28,20시경,중상,남,34세,승용차,상해없음,여,43세,자전거,중상,차대차 - 측면직각충돌,안전운전불이행,맑음,0,1
2015,경상남도 창원시 의창구1,경상남도 창원시 의창구 신월동(창원광장 부근),2015-04-11,22시경,중상,남,55세,승용차,상해없음,남,21세,자전거,중상,차대차 - 추돌 - 진행중,신호위반,맑음,0,1
2015,경상남도 창원시 의창구1,경상남도 창원시 의창구 신월동(창원광장 부근),2015-10-10,15시경,경상,남,60세,승용차,상해없음,남,16세,자전거,경상,차대차 - 측면직각충돌,신호위반,맑음,0,1
2015,경상남도 창원시 의창구1,경상남도 창원시 의창구 신월동(창원광장 부근),2015-02-11,08시경,중상,여,36세,승용차,상해없음,여,61세,자전거,중상,차대차 - 기타,안전운전불이행,맑음,0,1
2015,경상남도 창원시 의창구1,경상남도 창원시 의창구 신월동(창원광장 부근),2015-05-09,21시경,중상,여,59세,승용차,상해없음,여,46세,자전거,중상,차대차 - 측면직각충돌,신호위반,맑음,0,1
2015,경상남도 창원시 의창구1,경상남도 창원시 의창구 신월동(창원광장 부근),2015-08-14,10시경,중상,남,48세,화물차,상해없음,남,79세,자전거,중상,차대차 - 기타,안전운전불이행,맑음,0,1
2015,경상남도 창원시 의창구1,경상남도 창원시 의창구 신월동(창원광장 부근),2015-09-02,07시경,경상,남,54세,화물차,상해없음,남,24세,자전거,경상,차대차 - 측면직각충돌,신호위반,맑음,0,1
2015,경상남도 창원시 성산구1,경상남도 창원시 성산구 남양동(- 인근),2015-06-27,07시경,경상,남,26세,승용차,상해없음,남,52세,자전거,경상,차대차 - 측면직각충돌,안전운전불이행,맑음,0,1
2015,경상남도 창원시 성산구1,경상남도 창원시 성산구 남양동(- 인근),2015-09-25,16시경,경상,남,61세,승용차,상해없음,남,46세,자전거,경상,차대차 - 측면직각충돌,직진우회전진행방해,맑음,0,1
2015,경상남도 창원시 성산구1,경상남도 창원시 성산구 남양동(- 인근),2015-04-03,11시경,경상,여,34세,승용차,상해없음,남,69세,자전거,경상,차대차 - 측면직각충돌,신호위반,맑음,0,1
2015,경상남도 창원시 성산구1,경상남도 창원시 성산구 남양동(- 인근),2015-12-13,07시경,중상,여,69세,승용차,상해없음,남,75세,자전거,중상,차대차 - 기타,안전운전불이행,맑음,0,1
2015,경상남도 창원시 마산합포구1,경상남도 창원시 마산합포구 신포동1가((신포주유소앞교차로) 부근),2015-07-31,22시경,중상,남,46세,승용차,상해없음,남,23세,자전거,중상,차대차 - 기타,안전운전불이행,맑음,0,1
2015,경상남도 창원시 마산합포구1,경상남도 창원시 마산합포구 신포동1가((신포주유소앞교차로) 부근),2015-05-22,21시경,중상,남,59세,승용차,상해없음,여,50세,자전거,중상,차대차 - 측면직각충돌,안전운전불이행,맑음,0,1
2015,경상남도 창원시 마산합포구1,경상남도 창원시 마산합포구 신포동1가((신포주유소앞교차로) 부근),2015-04-11,14시경,경상,남,62세,승용차,상해없음,남,66세,자전거,경상,차대차 - 기타,안전운전불이행,맑음,0,1
2015,경상남도 창원시 마산합포구1,경상남도 창원시 마산합포구 신포동1가((신포주유소앞교차로) 부근),2015-04-23,15시경,경상,여,39세,승용차,상해없음,남,75세,자전거,경상,차대차 - 측면직각충돌,안전운전불이행,맑음,0,1