사고년도,다발시군구,지점명,사고일시,사고시간대,사고등급,가해자성별,가해자연령,가해차종,가해자신체상해정도,피해자성별,피해자연령,피해차종,피해자신체상해정도,사고유형,가해자법규위반,기상상태,사망자수,부상자수
2015,경상남도 창원시 마산합포구1,경상남도 창원시 마산합포구 신포동1가((신포주유소앞교차로) 부근),2015-08-28,16시경,경상,여,62세,승용차,상해없음,남,29세,자전거,경상,차대차 - 측면직각충돌,안전운전불이행,맑음,0,1
2015,경상남도 진주시1,경상남도 진주시 동성동(진주성지사거리 부근),2015-09-22,19시경,경상,남,44세,승용차,상해없음,남,43세,자전거,경상,차대차 - 측면직각충돌,신호위반,맑음,0,1
2015,경상남도 진주시1,경상남도 진주시 동성동(진주성지사거리 부근),2015-04-22,14시경,경상,남,55세,승용차,상해없음,남,64세,자전거,경상,차대차 - 측면직각충돌,신호위반,맑음,0,1
2015,경상남도 진주시1,경상남도 진주시 동성동(진주성지사거리 부근),2015-07-21,09시경,중상,남,69세,승용차,상해없음,남,43세,자전거,중상,차대차 - 기타,신호위반,맑음,0,1
2015,경상남도 진주시1,경상남도 진주시 동성동(진주성지사거리 부근),2015-02-12,10시경,중상,남,39세,자전거,상해없음,여,27세,보행자,중상,차대사람 - 기타,안전운전불이행,맑음,0,1
2015,경상남도 통영시1,경상남도 통영시 서호동(영생상가아파트 부근),2015-07-01,13시경,경상,남,52세,승용차,상해없음,남,44세,자전거,경상,차대차 - 측면직각충돌,안전운전불이행,맑음,0,1
2015,경상남도 통영시1,경상남도 통영시 서호동(영생상가아파트 부근),2015-03-14,20시경,경상,남,62세,승용차,상해없음,남,56세,자전거,경상,차대차 - 측면직각충돌,안전운전불이행,맑음,0,1
2015,경상남도 통영시1,경상남도 통영시 서호동(영생상가아파트 부근),2015-03-16,22시경,경상,남,15세,자전거,상해없음,여,50세,보행자,경상,차대사람 - 횡단중,보행자보호의무위반,맑음,0,1
2015,경상남도 통영시1,경상남도 통영시 서호동(영생상가아파트 부근),2015-04-10,23시경,중상,남,15세,자전거,중상,남,54세,승용차,상해없음,차대차 - 측면직각충돌,안전운전불이행,맑음,0,1
2015,경상남도 통영시1,경상남도 통영시 서호동(영생상가아파트 부근),2015-02-27,19시경,부상신고,남,32세,자전거,부상신고,남,37세,승용차,상해없음,차대차 - 측면직각충돌,안전운전불이행,맑음,0,1
2015,경상남도 통영시1,경상남도 통영시 서호동(영생상가아파트 부근),2015-10-06,10시경,부상신고,남,54세,자전거,부상신고,남,46세,승합차,상해없음,차대차 - 측면직각충돌,안전운전불이행,맑음,0,1
2015,경상남도 사천시1,경상남도 사천시 선구동(동중교 부근),2015-01-10,05시경,경상,남,44세,승용차,상해없음,여,66세,자전거,경상,차대차 - 측면직각충돌,교차로운행방법위반,맑음,0,1
2015,경상남도 사천시1,경상남도 사천시 선구동(동중교 부근),2015-06-03,11시경,경상,남,57세,승용차,상해없음,여,63세,자전거,경상,차대차 - 측면직각충돌,직진우회전진행방해,맑음,0,1
2015,경상남도 사천시1,경상남도 사천시 선구동(동중교 부근),2015-09-13,07시경,경상,남,58세,승용차,상해없음,여,60세,자전거,경상,차대차 - 측면직각충돌,직진우회전진행방해,맑음,0,1
2015,경상남도 사천시1,경상남도 사천시 선구동(동중교 부근),2015-07-04,09시경,경상,남,65세,화물차,상해없음,여,62세,자전거,경상,차대차 - 측면직각충돌,안전운전불이행,맑음,0,1
2015,경상남도 거제시2,경상남도 거제시 장승포동(한일비치 부근),2015-02-07,07시경,경상,남,49세,승용차,상해없음,남,34세,자전거,경상,차대차 - 측면직각충돌,교차로운행방법위반,맑음,0,1
2015,경상남도 거제시2,경상남도 거제시 장승포동(한일비치 부근),2015-05-06,22시경,중상,남,50세,승용차,상해없음,남,43세,자전거,중상,차대차 - 기타,중앙선침범,맑음,0,1
2015,경상남도 거제시2,경상남도 거제시 장승포동(한일비치 부근),2015-08-03,00시경,경상,여,52세,승용차,상해없음,남,45세,자전거,경상,차대차 - 기타,교차로운행방법위반,맑음,0,1
2015,경상남도 거제시2,경상남도 거제시 장승포동(한일비치 부근),2015-07-08,22시경,경상,남,19세,이륜차,상해없음,남,32세,자전거,경상,차대차 - 측면직각충돌,안전운전불이행,맑음,0,1
2015,경상남도 거제시2,경상남도 거제시 장승포동(한일비치 부근),2015-12-07,18시경,경상,남,21세,자전거,상해없음,여,68세,보행자,경상,차대사람 - 횡단중,신호위반,맑음,0,1
2015,경상남도 거제시4,경상남도 거제시 아주동(천도(주) 부근),2015-07-07,22시경,중상,남,37세,승용차,상해없음,남,33세,자전거,중상,차대차 - 추돌 - 진행중,안전운전불이행,비,0,1
2015,경상남도 거제시4,경상남도 거제시 아주동(천도(주) 부근),2015-11-29,11시경,경상,남,61세,승용차,상해없음,남,48세,자전거,경상,차대차 - 정면충돌,안전운전불이행,맑음,0,1
2015,경상남도 거제시4,경상남도 거제시 아주동(천도(주) 부근),2015-12-17,20시경,중상,여,51세,승용차,상해없음,남,41세,자전거,중상,차대차 - 정면충돌,안전거리미확보,맑음,0,1
2015,경상남도 거제시4,경상남도 거제시 아주동(천도(주) 부근),2015-05-18,06시경,경상,남,26세,자전거,기타불명,남,58세,보행자,경상,차대사람 - 기타,안전운전불이행,맑음,0,1
2015,경상남도 거제시1,경상남도 거제시 장평동(불사조노래연습장 부근),2015-01-20,06시경,경상,남,39세,승용차,상해없음,남,41세,자전거,경상,차대차 - 기타,안전운전불이행,맑음,0,1
2015,경상남도 거제시1,경상남도 거제시 장평동(불사조노래연습장 부근),2015-04-06,06시경,중상,남,53세,승용차,상해없음,남,56세,자전거,중상,차대차 - 기타,안전운전불이행,맑음,0,1
2015,경상남도 거제시1,경상남도 거제시 장평동(불사조노래연습장 부근),2015-02-07,07시경,중상,남,65세,승용차,상해없음,남,50세,자전거,중상,차대차 - 측면직각충돌,교차로운행방법위반,맑음,0,1
2015,경상남도 거제시1,경상남도 거제시 장평동(불사조노래연습장 부근),2015-10-16,19시경,경상,남,46세,승합차,상해없음,남,32세,자전거,경상,차대차 - 기타,교차로운행방법위반,맑음,0,1
2015,경상남도 거제시1,경상남도 거제시 장평동(불사조노래연습장 부근),2015-04-20,22시경,중상,남,46세,승합차,상해없음,남,33세,자전거,중상,차대차 - 기타,교차로운행방법위반,맑음,0,1
2015,경상남도 거제시3,경상남도 거제시 양정동(세웅서적 부근),2015-02-27,22시경,경상,남,29세,승용차,상해없음,남,14세,자전거,경상,차대차 - 측면직각충돌,교차로운행방법위반,맑음,0,1
2015,경상남도 거제시3,경상남도 거제시 양정동(세웅서적 부근),2015-05-29,22시경,중상,남,44세,승용차,상해없음,남,14세,자전거,중상,차대차 - 추돌 - 진행중,안전운전불이행,맑음,0,1
2015,경상남도 거제시3,경상남도 거제시 양정동(세웅서적 부근),2015-04-04,10시경,중상,남,57세,승합차,상해없음,남,13세,자전거,중상,차대차 - 기타,안전운전불이행,맑음,0,1
2015,경상남도 거제시3,경상남도 거제시 양정동(세웅서적 부근),2015-10-12,20시경,중상,남,42세,자전거,상해없음,여,67세,보행자,중상,차대사람 - 횡단중,보행자보호의무위반,맑음,0,1
2015,경상남도 양산시1,경상남도 양산시 북부동(경남은행앞 사거리 부근),2015-08-28,07시경,경상,남,21세,승용차,상해없음,남,39세,자전거,경상,차대차 - 측면직각충돌,안전운전불이행,맑음,0,1
2015,경상남도 양산시1,경상남도 양산시 북부동(경남은행앞 사거리 부근),2015-01-16,15시경,경상,남,74세,승용차,상해없음,남,16세,자전거,경상,차대차 - 기타,직진우회전진행방해,맑음,0,1
2015,경상남도 양산시1,경상남도 양산시 북부동(경남은행앞 사거리 부근),2015-03-29,19시경,중상,여,47세,승용차,상해없음,여,59세,자전거,중상,차대차 - 기타,직진우회전진행방해,맑음,0,1
2015,경상남도 양산시1,경상남도 양산시 북부동(경남은행앞 사거리 부근),2015-08-17,09시경,경상,여,56세,자전거,경상,남,46세,승용차,상해없음,차대차 - 기타,안전운전불이행,맑음,0,1
2015,경상남도 거창군1,경상남도 거창군 거창읍(한양아카데미 부근),2015-10-24,19시경,경상,남,32세,승용차,상해없음,여,54세,자전거,경상,차대차 - 측면직각충돌,직진우회전진행방해,기타,0,1
2015,경상남도 거창군1,경상남도 거창군 거창읍(한양아카데미 부근),2015-06-25,00시경,경상,남,21세,이륜차,상해없음,남,18세,자전거,경상,차대차 - 추돌 - 진행중,안전운전불이행,맑음,0,1
2015,경상남도 거창군1,경상남도 거창군 거창읍(한양아카데미 부근),2015-07-16,16시경,경상,남,14세,자전거,경상,남,34세,승용차,상해없음,차대차 - 측면직각충돌,안전운전불이행,맑음,0,1
2015,경상남도 거창군1,경상남도 거창군 거창읍(한양아카데미 부근),2015-06-26,15시경,부상신고,남,34세,자전거,부상신고,남,52세,화물차,상해없음,차대차 - 정면충돌,안전운전불이행,맑음,0,1
2015,경상남도 거창군1,경상남도 거창군 거창읍(한양아카데미 부근),2015-07-22,19시경,중상,남,55세,자전거,중상,남,14세,자전거,경상,차대차 - 측면직각충돌,안전운전불이행,맑음,0,2
2015,경상남도 거창군1,경상남도 거창군 거창읍(한양아카데미 부근),2015-06-03,14시경,중상,여,63세,자전거,중상,남,42세,승용차,상해없음,차대차 - 측면직각충돌,직진우회전진행방해,맑음,0,1
2015,경상남도 거창군2,경상남도 거창군 거창읍(예가람상호저축은행거창지점 부근),2015-07-16,07시경,경상,여,44세,승용차,상해없음,남,74세,자전거,경상,차대차 - 측면직각충돌,안전운전불이행,맑음,0,1
2015,경상남도 거창군2,경상남도 거창군 거창읍(예가람상호저축은행거창지점 부근),2015-05-13,19시경,중상,남,13세,자전거,중상,남,39세,승용차,상해없음,차대차 - 측면직각충돌,중앙선침범,맑음,0,1
2015,경상남도 거창군2,경상남도 거창군 거창읍(예가람상호저축은행거창지점 부근),2015-09-03,19시경,부상신고,남,45세,자전거,부상신고,남,55세,승용차,상해없음,차대차 - 측면직각충돌,안전운전불이행,맑음,0,1
2015,경상남도 거창군2,경상남도 거창군 거창읍(예가람상호저축은행거창지점 부근),2015-02-05,20시경,부상신고,남,49세,자전거,부상신고,여,21세,승용차,상해없음,차대차 - 측면직각충돌,안전운전불이행,맑음,0,1
2015,경상남도 거창군2,경상남도 거창군 거창읍(예가람상호저축은행거창지점 부근),2015-08-06,17시경,부상신고,남,50세,자전거,부상신고,남,16세,원동기장치자전거,상해없음,차대차 - 측면직각충돌,안전운전불이행,맑음,0,1
2015,경상남도 거창군2,경상남도 거창군 거창읍(예가람상호저축은행거창지점 부근),2015-10-15,09시경,경상,남,74세,자전거,경상,남,38세,승용차,상해없음,차대차 - 기타,신호위반,맑음,0,1
2015,제주특별자치도 제주시1,제주특별자치도 제주시 이도이동(영산홍주택관리사무소 부근),2015-05-07,10시경,중상,남,35세,승용차,상해없음,남,12세,자전거,중상,차대차 - 추돌 - 진행중,안전운전불이행,맑음,0,1
2015,제주특별자치도 제주시1,제주특별자치도 제주시 이도이동(영산홍주택관리사무소 부근),2015-07-21,08시경,중상,남,44세,승용차,상해없음,남,13세,자전거,중상,차대차 - 추돌 - 진행중,안전운전불이행,맑음,0,1
2015,제주특별자치도 제주시1,제주특별자치도 제주시 이도이동(영산홍주택관리사무소 부근),2015-04-23,16시경,경상,남,45세,승용차,상해없음,남,14세,자전거,경상,차대차 - 기타,안전운전불이행,맑음,0,1
2015,제주특별자치도 제주시1,제주특별자치도 제주시 이도이동(영산홍주택관리사무소 부근),2015-09-25,13시경,경상,여,36세,승용차,상해없음,남,72세,자전거,경상,차대차 - 기타,안전운전불이행,맑음,0,1
2015,제주특별자치도 제주시1,제주특별자치도 제주시 이도이동(영산홍주택관리사무소 부근),2015-06-18,17시경,중상,여,52세,승용차,상해없음,남,12세,자전거,중상,차대차 - 기타,직진우회전진행방해,맑음,0,1
2015,제주특별자치도 제주시3,제주특별자치도 제주시 이도이동(오타쿠미용실 부근),2015-08-29,18시경,경상,기타불명,불명,불명,기타불명,남,30세,자전거,경상,차대차 - 추돌 - 진행중,안전운전불이행,맑음,0,1
2015,제주특별자치도 제주시3,제주특별자치도 제주시 이도이동(오타쿠미용실 부근),2015-03-27,16시경,경상,남,47세,승용차,상해없음,남,21세,자전거,경상,차대차 - 기타,안전운전불이행,맑음,0,1
2015,제주특별자치도 제주시3,제주특별자치도 제주시 이도이동(오타쿠미용실 부근),2015-05-13,18시경,경상,남,63세,승합차,상해없음,여,59세,자전거,경상,차대차 - 기타,안전운전불이행,맑음,0,1
2015,제주특별자치도 제주시3,제주특별자치도 제주시 이도이동(오타쿠미용실 부근),2015-05-16,19시경,경상,남,25세,자전거,상해없음,여,20세,보행자,경상,차대사람 - 기타,안전운전불이행,맑음,0,1
2015,제주특별자치도 제주시2,제주특별자치도 제주시 노형동(노형파출소 부근),2015-08-09,00시경,중상,기타불명,불명,불명,기타불명,남,46세,자전거,중상,차대차 - 측면직각충돌,안전운전불이행,맑음,0,1
2015,제주특별자치도 제주시2,제주특별자치도 제주시 노형동(노형파출소 부근),2015-06-02,19시경,경상,남,39세,승용차,상해없음,남,15세,자전거,경상,차대차 - 기타,안전운전불이행,맑음,0,1
2015,제주특별자치도 제주시2,제주특별자치도 제주시 노형동(노형파출소 부근),2015-07-17,18시경,경상,남,55세,승용차,상해없음,남,26세,자전거,경상,차대차 - 추돌 - 주정차중,안전운전불이행,맑음,0,1
2015,제주특별자치도 제주시2,제주특별자치도 제주시 노형동(노형파출소 부근),2015-06-09,17시경,중상,남,55세,승합차,상해없음,여,21세,자전거,중상,차대차 - 기타,교차로운행방법위반,맑음,0,1
2015,제주특별자치도 제주시2,제주특별자치도 제주시 노형동(노형파출소 부근),2015-02-14,16시경,경상,남,17세,자전거,경상,남,27세,승용차,상해없음,차대차 - 측면직각충돌,안전운전불이행,맑음,0,1
2016,서울특별시 종로구1,서울특별시 종로구 종로5가(종로5가 부근),2016-03-01,13시경,부상신고,남,52세,승용차,상해없음,남,49세,자전거,부상신고,차대차 - 추돌 - 진행중,안전거리미확보,맑음,0,1
2016,서울특별시 종로구1,서울특별시 종로구 종로5가(종로5가 부근),2016-12-31,20시경,중상,남,65세,승용차,상해없음,남,56세,자전거,중상,차대차 - 측면직각충돌,교차로운행방법위반,맑음,0,1
2016,서울특별시 종로구1,서울특별시 종로구 종로5가(종로5가 부근),2016-04-05,08시경,경상,여,28세,승용차,상해없음,남,33세,자전거,경상,차대차 - 측면직각충돌,신호위반,맑음,0,1
2016,서울특별시 종로구1,서울특별시 종로구 종로5가(종로5가 부근),2016-09-21,13시경,경상,남,40세,승합차,상해없음,남,70세,자전거,경상,차대차 - 측면직각충돌,안전운전불이행,맑음,0,1
2016,서울특별시 용산구1,서울특별시 용산구 이촌동(거북선 나루터 부근),2016-10-27,17시경,경상,여,54세,승용차,상해없음,남,36세,자전거,경상,차대차 - 추돌 - 진행중,안전운전불이행,맑음,0,1
2016,서울특별시 용산구1,서울특별시 용산구 이촌동(거북선 나루터 부근),2016-09-04,13시경,중상,남,11세,자전거,상해없음,남,59세,자전거,중상,차대차 - 정면충돌,안전운전불이행,맑음,0,1
2016,서울특별시 용산구1,서울특별시 용산구 이촌동(거북선 나루터 부근),2016-06-08,19시경,경상,남,25세,자전거,상해없음,여,58세,보행자,경상,차대사람 - 기타,안전운전불이행,맑음,0,1
2016,서울특별시 용산구1,서울특별시 용산구 이촌동(거북선 나루터 부근),2016-09-04,15시경,중상,남,26세,자전거,중상,남,7세,자전거,경상,차대차 - 정면충돌,안전운전불이행,맑음,0,2
2016,서울특별시 용산구1,서울특별시 용산구 이촌동(거북선 나루터 부근),2016-11-21,08시경,부상신고,남,41세,자전거,상해없음,여,48세,보행자,부상신고,차대사람 - 기타,안전운전불이행,맑음,0,1
2016,서울특별시 용산구1,서울특별시 용산구 이촌동(거북선 나루터 부근),2016-10-05,07시경,경상,남,49세,자전거,상해없음,남,61세,보행자,경상,차대사람 - 기타,안전운전불이행,맑음,0,1
2016,서울특별시 용산구1,서울특별시 용산구 이촌동(거북선 나루터 부근),2016-05-20,12시경,경상,여,13세,자전거,상해없음,남,80세,자전거,경상,차대차 - 정면충돌,중앙선침범,맑음,0,1
2016,서울특별시 용산구1,서울특별시 용산구 이촌동(거북선 나루터 부근),2016-09-26,18시경,경상,여,27세,자전거,상해없음,남,56세,자전거,경상,차대차 - 측면직각충돌,안전운전불이행,맑음,0,1
2016,서울특별시 용산구1,서울특별시 용산구 이촌동(거북선 나루터 부근),2016-06-26,12시경,중상,여,27세,자전거,중상,남,43세,자전거,상해없음,차대차 - 기타,안전운전불이행,맑음,0,1
2016,서울특별시 용산구2,서울특별시 용산구 이촌동(강변북로-동작대로램프(6) 부근),2016-02-21,14시경,경상,남,13세,자전거,상해없음,남,50세,자전거,경상,차대차 - 측면직각충돌,안전운전불이행,맑음,0,1
2016,서울특별시 용산구2,서울특별시 용산구 이촌동(강변북로-동작대로램프(6) 부근),2016-07-25,22시경,경상,남,26세,자전거,상해없음,여,24세,자전거,경상,차대차 - 정면충돌,안전운전불이행,맑음,0,1
2016,서울특별시 용산구2,서울특별시 용산구 이촌동(강변북로-동작대로램프(6) 부근),2016-10-15,15시경,중상,남,53세,자전거,상해없음,남,51세,자전거,중상,차대차 - 정면충돌,안전운전불이행,맑음,0,1
2016,서울특별시 용산구2,서울특별시 용산구 이촌동(강변북로-동작대로램프(6) 부근),2016-05-05,17시경,경상,남,56세,자전거,상해없음,남,43세,보행자,경상,차대사람 - 기타,안전운전불이행,맑음,0,1
2016,서울특별시 성동구5,서울특별시 성동구 홍익동(청계벽산 상가 부근),2016-07-23,19시경,중상,남,50세,승용차,상해없음,남,46세,자전거,중상,차대차 - 기타,안전운전불이행,비,0,1
2016,서울특별시 성동구5,서울특별시 성동구 홍익동(청계벽산 상가 부근),2016-11-01,07시경,중상,남,66세,승용차,상해없음,남,29세,자전거,중상,차대차 - 측면직각충돌,신호위반,맑음,0,1
2016,서울특별시 성동구5,서울특별시 성동구 홍익동(청계벽산 상가 부근),2016-06-28,09시경,경상,남,68세,승용차,상해없음,남,29세,자전거,경상,차대차 - 정면충돌,안전운전불이행,맑음,0,1
2016,서울특별시 성동구5,서울특별시 성동구 홍익동(청계벽산 상가 부근),2016-09-29,13시경,경상,여,59세,승용차,상해없음,남,54세,자전거,경상,차대차 - 정면충돌,안전운전불이행,맑음,0,1
2016,서울특별시 성동구5,서울특별시 성동구 홍익동(청계벽산 상가 부근),2016-08-20,16시경,중상,남,57세,자전거,중상,남,68세,화물차,상해없음,차대차 - 측면직각충돌,안전거리미확보,맑음,0,1
2016,서울특별시 성동구1,서울특별시 성동구 마장동(마장동사거리 부근),2016-10-21,21시경,부상신고,기타불명,불명,불명,기타불명,남,49세,자전거,부상신고,차대차 - 측면직각충돌,안전운전불이행,맑음,0,1
2016,서울특별시 성동구1,서울특별시 성동구 마장동(마장동사거리 부근),2016-06-14,19시경,경상,남,75세,승용차,상해없음,여,51세,자전거,경상,차대차 - 측면직각충돌,안전운전불이행,맑음,0,1
2016,서울특별시 성동구1,서울특별시 성동구 마장동(마장동사거리 부근),2016-11-13,13시경,부상신고,남,36세,자전거,부상신고,여,68세,승용차,상해없음,차대차 - 측면직각충돌,안전운전불이행,흐림,0,1
2016,서울특별시 성동구1,서울특별시 성동구 마장동(마장동사거리 부근),2016-06-11,00시경,부상신고,남,59세,자전거,부상신고,남,52세,승용차,상해없음,차대차 - 측면직각충돌,안전운전불이행,맑음,0,1
2016,서울특별시 성동구1,서울특별시 성동구 마장동(마장동사거리 부근),2016-10-23,09시경,경상,남,62세,자전거,경상,남,64세,승용차,상해없음,차대차 - 정면충돌,안전운전불이행,맑음,0,1
2016,서울특별시 성동구1,서울특별시 성동구 마장동(마장동사거리 부근),2016-11-21,10시경,부상신고,남,63세,자전거,부상신고,남,37세,이륜차,상해없음,차대차 - 측면직각충돌,안전운전불이행,맑음,0,1
2016,서울특별시 성동구1,서울특별시 성동구 마장동(마장동사거리 부근),2016-02-17,06시경,부상신고,남,66세,자전거,부상신고,남,36세,승용차,상해없음,차대차 - 기타,안전운전불이행,맑음,0,1
2016,서울특별시 성동구1,서울특별시 성동구 마장동(마장동사거리 부근),2016-05-23,17시경,경상,남,68세,자전거,경상,여,40세,승용차,상해없음,차대차 - 기타,안전거리미확보,맑음,0,1
2016,서울특별시 성동구1,서울특별시 성동구 마장동(마장동사거리 부근),2016-07-01,10시경,부상신고,남,68세,자전거,부상신고,없음,불명,없음,없음,차량단독 - 기타,안전운전불이행,비,0,1
2016,서울특별시 성동구8,서울특별시 성동구 행당동(왕십리역_왕십리역길_진출_1 부근),2016-04-29,17시경,경상,남,27세,승용차,상해없음,남,47세,자전거,경상,차대차 - 측면직각충돌,기타,맑음,0,1
2016,서울특별시 성동구8,서울특별시 성동구 행당동(왕십리역_왕십리역길_진출_1 부근),2016-05-25,16시경,중상,남,17세,자전거,중상,남,54세,승합차,상해없음,차대차 - 기타,안전운전불이행,맑음,0,1
2016,서울특별시 성동구8,서울특별시 성동구 행당동(왕십리역_왕십리역길_진출_1 부근),2016-05-20,07시경,부상신고,남,18세,자전거,부상신고,남,43세,승용차,상해없음,차대차 - 추돌 - 진행중,안전거리미확보,맑음,0,1
2016,서울특별시 성동구8,서울특별시 성동구 행당동(왕십리역_왕십리역길_진출_1 부근),2016-05-09,20시경,경상,남,37세,자전거,상해없음,남,43세,보행자,경상,차대사람 - 보도통행중,보행자보호의무위반,맑음,0,1
2016,서울특별시 성동구8,서울특별시 성동구 행당동(왕십리역_왕십리역길_진출_1 부근),2016-04-05,22시경,경상,여,53세,자전거,경상,남,52세,승용차,상해없음,차대차 - 측면직각충돌,불법유턴,맑음,0,1
2016,서울특별시 성동구6,서울특별시 성동구 성수동1가(성수여중 부근),2016-02-12,22시경,경상,남,20세,승용차,상해없음,남,51세,자전거,경상,차대차 - 측면직각충돌,안전운전불이행,맑음,0,1
2016,서울특별시 성동구6,서울특별시 성동구 성수동1가(성수여중 부근),2016-03-21,11시경,중상,남,70세,승용차,상해없음,여,51세,자전거,중상,차대차 - 측면직각충돌,기타,맑음,0,1
2016,서울특별시 성동구6,서울특별시 성동구 성수동1가(성수여중 부근),2016-08-12,21시경,부상신고,남,33세,자전거,부상신고,남,19세,이륜차,상해없음,차대차 - 측면직각충돌,안전운전불이행,맑음,0,1
2016,서울특별시 성동구6,서울특별시 성동구 성수동1가(성수여중 부근),2016-12-19,17시경,중상,남,57세,자전거,중상,여,36세,승용차,상해없음,차대차 - 측면직각충돌,신호위반,맑음,0,1
2016,서울특별시 성동구6,서울특별시 성동구 성수동1가(성수여중 부근),2016-03-23,14시경,중상,남,41세,화물차,상해없음,남,63세,자전거,중상,차대차 - 측면직각충돌,교차로운행방법위반,맑음,0,1
2016,서울특별시 성동구2,서울특별시 성동구 성수동2가(윤진약국 부근),2016-09-10,20시경,중상,남,42세,승용차,상해없음,여,51세,자전거,중상,차대차 - 기타,안전운전불이행,맑음,0,1
2016,서울특별시 성동구2,서울특별시 성동구 성수동2가(윤진약국 부근),2016-10-09,14시경,중상,남,56세,승용차,상해없음,남,86세,자전거,중상,차대차 - 측면직각충돌,직진우회전진행방해,맑음,0,1
2016,서울특별시 성동구2,서울특별시 성동구 성수동2가(윤진약국 부근),2016-12-14,04시경,중상,남,76세,승용차,상해없음,여,59세,자전거,중상,차대차 - 측면직각충돌,안전운전불이행,맑음,0,1
2016,서울특별시 성동구2,서울특별시 성동구 성수동2가(윤진약국 부근),2016-11-18,11시경,경상,남,67세,원동기장치자전거,상해없음,남,65세,자전거,경상,차대차 - 추돌 - 진행중,안전거리미확보,맑음,0,1
2016,서울특별시 성동구2,서울특별시 성동구 성수동2가(윤진약국 부근),2016-11-04,22시경,경상,남,37세,이륜차,상해없음,남,26세,자전거,경상,차대차 - 측면직각충돌,안전운전불이행,맑음,0,1
2016,서울특별시 성동구2,서울특별시 성동구 성수동2가(윤진약국 부근),2016-01-03,19시경,부상신고,남,16세,자전거,상해없음,남,58세,보행자,부상신고,차대사람 - 길가장자리구역통행중,안전운전불이행,맑음,0,1
2016,서울특별시 성동구2,서울특별시 성동구 성수동2가(윤진약국 부근),2016-07-12,08시경,중상,남,64세,자전거,상해없음,여,58세,자전거,중상,차대차 - 측면직각충돌,안전운전불이행,맑음,0,1
2016,서울특별시 성동구3,서울특별시 성동구 성수동2가(경동초교입구사거리 부근),2016-10-10,15시경,중상,남,47세,승용차,상해없음,남,28세,자전거,중상,차대차 - 측면직각충돌,안전운전불이행,맑음,0,1
2016,서울특별시 성동구3,서울특별시 성동구 성수동2가(경동초교입구사거리 부근),2016-09-01,17시경,부상신고,남,50세,승용차,상해없음,남,16세,자전거,부상신고,차대차 - 기타,안전운전불이행,맑음,0,1
2016,서울특별시 성동구3,서울특별시 성동구 성수동2가(경동초교입구사거리 부근),2016-07-16,21시경,중상,남,56세,승용차,상해없음,여,40세,자전거,중상,차대차 - 측면직각충돌,안전운전불이행,비,0,1
2016,서울특별시 성동구3,서울특별시 성동구 성수동2가(경동초교입구사거리 부근),2016-12-02,17시경,중상,남,61세,승용차,상해없음,여,51세,자전거,중상,차대차 - 측면직각충돌,안전운전불이행,맑음,0,1
2016,서울특별시 성동구3,서울특별시 성동구 성수동2가(경동초교입구사거리 부근),2016-01-11,17시경,중상,남,15세,자전거,부상신고,남,37세,보행자,중상,차대사람 - 기타,안전운전불이행,맑음,0,2
2016,서울특별시 성동구3,서울특별시 성동구 성수동2가(경동초교입구사거리 부근),2016-07-02,14시경,부상신고,남,16세,자전거,부상신고,남,36세,승용차,상해없음,차대차 - 측면직각충돌,기타,맑음,0,1
2016,서울특별시 성동구3,서울특별시 성동구 성수동2가(경동초교입구사거리 부근),2016-03-09,22시경,부상신고,남,49세,자전거,부상신고,남,57세,승용차,상해없음,차대차 - 기타,신호위반,맑음,0,1
2016,서울특별시 성동구4,서울특별시 성동구 용답동(용답동 부근),2016-08-16,15시경,경상,남,33세,승용차,상해없음,남,9세,자전거,경상,차대차 - 기타,안전운전불이행,맑음,0,1
2016,서울특별시 성동구4,서울특별시 성동구 용답동(용답동 부근),2016-04-26,14시경,중상,남,64세,승용차,상해없음,남,38세,자전거,중상,차대차 - 측면직각충돌,안전운전불이행,맑음,0,1
2016,서울특별시 성동구4,서울특별시 성동구 용답동(용답동 부근),2016-11-16,17시경,경상,여,47세,승용차,상해없음,남,71세,자전거,경상,차대차 - 정면충돌,안전거리미확보,맑음,0,1
2016,서울특별시 성동구4,서울특별시 성동구 용답동(용답동 부근),2016-09-17,17시경,부상신고,기타불명,불명,자전거,기타불명,여,26세,보행자,부상신고,차대사람 - 차도통행중,안전운전불이행,맑음,0,1
2016,서울특별시 성동구4,서울특별시 성동구 용답동(용답동 부근),2016-07-12,20시경,부상신고,남,23세,자전거,부상신고,남,38세,승용차,상해없음,차대차 - 기타,안전운전불이행,맑음,0,1
2016,서울특별시 성동구4,서울특별시 성동구 용답동(용답동 부근),2016-11-16,17시경,부상신고,남,59세,자전거,부상신고,남,55세,화물차,상해없음,차대차 - 측면직각충돌,안전운전불이행,맑음,0,1
2016,서울특별시 성동구4,서울특별시 성동구 용답동(용답동 부근),2016-06-10,19시경,부상신고,여,54세,자전거,부상신고,남,58세,승용차,상해없음,차대차 - 측면직각충돌,신호위반,맑음,0,1
2016,서울특별시 성동구7,서울특별시 성동구 용답동(답십리역 부근),2016-06-08,22시경,경상,남,63세,승용차,상해없음,남,55세,자전거,경상,차대차 - 기타,직진우회전진행방해,맑음,0,1
2016,서울특별시 성동구7,서울특별시 성동구 용답동(답십리역 부근),2016-10-01,18시경,중상,남,69세,승용차,상해없음,남,65세,자전거,중상,차대차 - 기타,안전거리미확보,맑음,0,1