사고년도,다발시군구,지점명,사고일시,사고시간대,사고등급,가해자성별,가해자연령,가해차종,가해자신체상해정도,피해자성별,피해자연령,피해차종,피해자신체상해정도,사고유형,가해자법규위반,기상상태,사망자수,부상자수
2016,서울특별시 동대문구13,서울특별시 동대문구 휘경동(휘경여중고 부근),2016-11-05,04시경,중상,남,66세,승용차,상해없음,남,69세,자전거,중상,차대차 - 정면충돌,기타,맑음,0,1
2016,서울특별시 동대문구13,서울특별시 동대문구 휘경동(휘경여중고 부근),2016-04-26,14시경,경상,여,53세,승용차,상해없음,남,52세,자전거,경상,차대차 - 정면충돌,안전운전불이행,맑음,0,1
2016,서울특별시 동대문구13,서울특별시 동대문구 휘경동(휘경여중고 부근),2016-07-16,16시경,중상,남,72세,자전거,중상,남,56세,승용차,상해없음,차대차 - 측면직각충돌,불법유턴,비,0,1
2016,서울특별시 동대문구13,서울특별시 동대문구 휘경동(휘경여중고 부근),2016-11-19,17시경,부상신고,여,64세,자전거,부상신고,여,29세,승용차,상해없음,차대차 - 측면직각충돌,기타,맑음,0,1
2016,서울특별시 중랑구1,서울특별시 중랑구 면목동(장안교 부근),2016-04-13,16시경,경상,남,61세,승용차,상해없음,남,70세,자전거,경상,차대차 - 기타,교차로운행방법위반,맑음,0,1
2016,서울특별시 중랑구1,서울특별시 중랑구 면목동(장안교 부근),2016-08-20,12시경,부상신고,남,66세,승용차,상해없음,남,71세,자전거,부상신고,차대차 - 기타,안전운전불이행,맑음,0,1
2016,서울특별시 중랑구1,서울특별시 중랑구 면목동(장안교 부근),2016-10-22,09시경,부상신고,남,30세,자전거,부상신고,남,56세,승용차,상해없음,차대차 - 기타,기타,맑음,0,1
2016,서울특별시 중랑구1,서울특별시 중랑구 면목동(장안교 부근),2016-10-08,18시경,부상신고,남,33세,자전거,부상신고,남,65세,승용차,상해없음,차대차 - 측면직각충돌,안전운전불이행,맑음,0,1
2016,서울특별시 중랑구1,서울특별시 중랑구 면목동(장안교 부근),2016-05-08,20시경,경상,남,38세,자전거,부상신고,남,25세,자전거,경상,차대차 - 정면충돌,안전운전불이행,맑음,0,2
2016,서울특별시 중랑구1,서울특별시 중랑구 면목동(장안교 부근),2016-08-10,19시경,경상,남,56세,자전거,상해없음,여,28세,자전거,경상,차대차 - 정면충돌,안전운전불이행,맑음,0,1
2016,서울특별시 중랑구1,서울특별시 중랑구 면목동(장안교 부근),2016-09-21,12시경,중상,남,64세,자전거,중상,남,41세,승용차,상해없음,차대차 - 측면직각충돌,안전운전불이행,맑음,0,1
2016,서울특별시 중랑구1,서울특별시 중랑구 면목동(장안교 부근),2016-10-02,09시경,경상,남,67세,자전거,경상,여,55세,승용차,상해없음,차대차 - 측면직각충돌,신호위반,맑음,0,1
2016,서울특별시 중랑구1,서울특별시 중랑구 면목동(장안교 부근),2016-03-17,10시경,중상,남,70세,자전거,상해없음,여,81세,보행자,중상,차대사람 - 횡단중,안전운전불이행,맑음,0,1
2016,서울특별시 중랑구1,서울특별시 중랑구 면목동(장안교 부근),2016-06-19,10시경,경상,여,44세,자전거,경상,남,53세,자전거,상해없음,차대차 - 측면직각충돌,안전운전불이행,맑음,0,1
2016,서울특별시 중랑구2,서울특별시 중랑구 면목동(광진구-중랑구경계(1) 부근),2016-09-28,19시경,중상,남,53세,승용차,상해없음,남,15세,자전거,중상,차대차 - 측면직각충돌,신호위반,맑음,0,1
2016,서울특별시 중랑구2,서울특별시 중랑구 면목동(광진구-중랑구경계(1) 부근),2016-04-14,06시경,중상,남,55세,승용차,기타불명,여,54세,자전거,중상,차대차 - 기타,보행자보호의무위반,맑음,0,1
2016,서울특별시 중랑구2,서울특별시 중랑구 면목동(광진구-중랑구경계(1) 부근),2016-02-09,07시경,경상,남,82세,승용차,상해없음,남,83세,자전거,경상,차대차 - 추돌 - 진행중,안전운전불이행,맑음,0,1
2016,서울특별시 중랑구2,서울특별시 중랑구 면목동(광진구-중랑구경계(1) 부근),2016-05-29,20시경,경상,남,22세,자전거,상해없음,남,74세,보행자,경상,차대사람 - 기타,안전운전불이행,맑음,0,1
2016,서울특별시 중랑구2,서울특별시 중랑구 면목동(광진구-중랑구경계(1) 부근),2016-05-18,01시경,경상,남,23세,자전거,부상신고,남,27세,자전거,경상,차대차 - 정면충돌,안전운전불이행,맑음,0,2
2016,서울특별시 중랑구2,서울특별시 중랑구 면목동(광진구-중랑구경계(1) 부근),2016-04-22,16시경,중상,남,29세,자전거,상해없음,여,50세,보행자,중상,차대사람 - 기타,안전운전불이행,맑음,0,1
2016,서울특별시 중랑구2,서울특별시 중랑구 면목동(광진구-중랑구경계(1) 부근),2016-10-09,12시경,부상신고,남,64세,자전거,부상신고,여,54세,자전거,기타불명,차대차 - 기타,안전거리미확보,맑음,0,1
2016,서울특별시 중랑구9,서울특별시 중랑구 면목동(면목교 부근),2016-11-10,08시경,경상,남,37세,승용차,상해없음,남,64세,자전거,경상,차대차 - 추돌 - 진행중,안전운전불이행,맑음,0,1
2016,서울특별시 중랑구9,서울특별시 중랑구 면목동(면목교 부근),2016-02-25,09시경,중상,남,80세,승용차,상해없음,남,51세,자전거,중상,차대차 - 기타,신호위반,맑음,0,1
2016,서울특별시 중랑구9,서울특별시 중랑구 면목동(면목교 부근),2016-06-09,09시경,중상,남,51세,승합차,상해없음,남,77세,자전거,중상,차대차 - 추돌 - 진행중,안전운전불이행,맑음,0,1
2016,서울특별시 중랑구9,서울특별시 중랑구 면목동(면목교 부근),2016-04-24,20시경,경상,남,48세,이륜차,상해없음,남,62세,자전거,경상,차대차 - 측면직각충돌,교차로운행방법위반,맑음,0,1
2016,서울특별시 중랑구9,서울특별시 중랑구 면목동(면목교 부근),2016-09-29,18시경,경상,남,65세,자전거,부상신고,남,26세,이륜차,경상,차대차 - 정면충돌,중앙선침범,맑음,0,2
2016,서울특별시 중랑구11,서울특별시 중랑구 면목동(태영빌딩 부근),2016-04-12,09시경,중상,남,65세,승용차,상해없음,남,65세,자전거,중상,차대차 - 측면직각충돌,신호위반,맑음,0,1
2016,서울특별시 중랑구11,서울특별시 중랑구 면목동(태영빌딩 부근),2016-04-30,11시경,경상,남,46세,이륜차,기타불명,여,15세,자전거,경상,차대차 - 기타,신호위반,맑음,0,1
2016,서울특별시 중랑구11,서울특별시 중랑구 면목동(태영빌딩 부근),2016-06-17,07시경,경상,남,17세,자전거,경상,남,42세,승용차,상해없음,차대차 - 기타,직진우회전진행방해,맑음,0,1
2016,서울특별시 중랑구11,서울특별시 중랑구 면목동(태영빌딩 부근),2016-02-03,21시경,부상신고,남,65세,자전거,상해없음,여,42세,보행자,부상신고,차대사람 - 횡단중,신호위반,맑음,0,1
2016,서울특별시 중랑구11,서울특별시 중랑구 면목동(태영빌딩 부근),2016-08-06,21시경,경상,남,74세,자전거,상해없음,남,49세,보행자,경상,차대사람 - 기타,안전운전불이행,맑음,0,1
2016,서울특별시 중랑구15,서울특별시 중랑구 면목동(한사랑교회 부근),2016-04-04,22시경,경상,남,54세,승용차,상해없음,여,42세,자전거,경상,차대차 - 측면직각충돌,안전운전불이행,맑음,0,1
2016,서울특별시 중랑구15,서울특별시 중랑구 면목동(한사랑교회 부근),2016-03-04,04시경,경상,남,75세,승용차,상해없음,여,52세,자전거,경상,차대차 - 추돌 - 진행중,안전운전불이행,맑음,0,1
2016,서울특별시 중랑구15,서울특별시 중랑구 면목동(한사랑교회 부근),2016-10-03,20시경,부상신고,남,35세,자전거,부상신고,없음,불명,없음,없음,차량단독 - 전도전복,안전운전불이행,맑음,0,1
2016,서울특별시 중랑구15,서울특별시 중랑구 면목동(한사랑교회 부근),2016-10-08,05시경,경상,남,69세,자전거,부상신고,남,26세,이륜차,경상,차대차 - 측면직각충돌,안전운전불이행,비,0,2
2016,서울특별시 중랑구5,서울특별시 중랑구 상봉동(제일은행 부근),2016-11-03,17시경,경상,남,68세,승용차,상해없음,남,16세,자전거,경상,차대차 - 기타,안전운전불이행,맑음,0,1
2016,서울특별시 중랑구5,서울특별시 중랑구 상봉동(제일은행 부근),2016-06-05,06시경,경상,남,69세,승용차,상해없음,남,52세,자전거,경상,차대차 - 추돌 - 진행중,안전운전불이행,맑음,0,1
2016,서울특별시 중랑구5,서울특별시 중랑구 상봉동(제일은행 부근),2016-09-10,04시경,중상,남,17세,이륜차,상해없음,여,57세,자전거,중상,차대차 - 측면직각충돌,기타,맑음,0,1
2016,서울특별시 중랑구5,서울특별시 중랑구 상봉동(제일은행 부근),2016-08-14,05시경,경상,남,45세,자전거,경상,남,54세,승용차,기타불명,차대차 - 정면충돌,중앙선침범,맑음,0,1
2016,서울특별시 중랑구5,서울특별시 중랑구 상봉동(제일은행 부근),2016-11-29,07시경,부상신고,남,51세,자전거,부상신고,남,47세,승용차,상해없음,차대차 - 측면직각충돌,안전운전불이행,맑음,0,1
2016,서울특별시 중랑구5,서울특별시 중랑구 상봉동(제일은행 부근),2016-08-07,16시경,경상,남,60세,자전거,경상,남,57세,승용차,상해없음,차대차 - 기타,안전운전불이행,맑음,0,1
2016,서울특별시 중랑구5,서울특별시 중랑구 상봉동(제일은행 부근),2016-01-27,15시경,경상,남,80세,자전거,경상,남,57세,화물차,상해없음,차대차 - 측면직각충돌,중앙선침범,맑음,0,1
2016,서울특별시 중랑구8,서울특별시 중랑구 상봉동(상봉역 부근),2016-07-14,18시경,경상,남,22세,승용차,상해없음,남,66세,자전거,경상,차대차 - 측면직각충돌,기타,맑음,0,1
2016,서울특별시 중랑구8,서울특별시 중랑구 상봉동(상봉역 부근),2016-04-08,19시경,부상신고,남,53세,승용차,상해없음,남,13세,자전거,부상신고,차대차 - 측면직각충돌,기타,맑음,0,1
2016,서울특별시 중랑구8,서울특별시 중랑구 상봉동(상봉역 부근),2016-10-23,07시경,경상,남,70세,승용차,상해없음,남,30세,자전거,경상,차대차 - 기타,안전운전불이행,맑음,0,1
2016,서울특별시 중랑구8,서울특별시 중랑구 상봉동(상봉역 부근),2016-02-18,19시경,경상,남,15세,자전거,상해없음,여,19세,보행자,경상,차대사람 - 횡단중,중앙선침범,맑음,0,1
2016,서울특별시 중랑구8,서울특별시 중랑구 상봉동(상봉역 부근),2016-02-10,15시경,경상,남,26세,자전거,경상,남,58세,승용차,상해없음,차대차 - 추돌 - 진행중,신호위반,맑음,0,1
2016,서울특별시 중랑구8,서울특별시 중랑구 상봉동(상봉역 부근),2016-09-09,07시경,부상신고,남,62세,자전거,부상신고,남,75세,승용차,상해없음,차대차 - 기타,안전운전불이행,맑음,0,1
2016,서울특별시 중랑구10,서울특별시 중랑구 상봉동(상봉시장앞_면목천길_진출_2 부근),2016-07-25,01시경,경상,남,68세,승용차,상해없음,남,62세,자전거,경상,차대차 - 기타,중앙선침범,맑음,0,1
2016,서울특별시 중랑구10,서울특별시 중랑구 상봉동(상봉시장앞_면목천길_진출_2 부근),2016-11-19,15시경,경상,여,58세,승용차,상해없음,남,61세,자전거,경상,차대차 - 추돌 - 진행중,안전운전불이행,맑음,0,1
2016,서울특별시 중랑구10,서울특별시 중랑구 상봉동(상봉시장앞_면목천길_진출_2 부근),2016-07-13,16시경,경상,남,22세,원동기장치자전거,상해없음,여,65세,자전거,경상,차대차 - 측면직각충돌,신호위반,맑음,0,1
2016,서울특별시 중랑구10,서울특별시 중랑구 상봉동(상봉시장앞_면목천길_진출_2 부근),2016-08-13,22시경,경상,남,34세,자전거,경상,남,59세,승용차,상해없음,차대차 - 기타,안전운전불이행,맑음,0,1
2016,서울특별시 중랑구10,서울특별시 중랑구 상봉동(상봉시장앞_면목천길_진출_2 부근),2016-02-29,01시경,중상,남,52세,자전거,상해없음,여,48세,보행자,중상,차대사람 - 횡단중,신호위반,흐림,0,1
2016,서울특별시 중랑구14,서울특별시 중랑구 상봉동(중랑전화국 부근),2016-04-24,13시경,중상,남,39세,승용차,상해없음,남,73세,자전거,중상,차대차 - 측면직각충돌,안전운전불이행,맑음,0,1
2016,서울특별시 중랑구14,서울특별시 중랑구 상봉동(중랑전화국 부근),2016-07-13,10시경,경상,남,58세,자전거,경상,여,36세,승용차,상해없음,차대차 - 측면직각충돌,신호위반,맑음,0,1
2016,서울특별시 중랑구14,서울특별시 중랑구 상봉동(중랑전화국 부근),2016-11-23,17시경,부상신고,여,67세,자전거,부상신고,남,23세,화물차,상해없음,차대차 - 기타,기타,맑음,0,1
2016,서울특별시 중랑구14,서울특별시 중랑구 상봉동(중랑전화국 부근),2016-04-27,09시경,중상,여,74세,자전거,중상,남,57세,승합차,상해없음,차대차 - 측면직각충돌,안전운전불이행,맑음,0,1
2016,서울특별시 중랑구3,서울특별시 중랑구 중화동(한미은행 부근),2016-09-17,18시경,경상,남,23세,승용차,상해없음,남,46세,자전거,경상,차대차 - 측면직각충돌,신호위반,맑음,0,1
2016,서울특별시 중랑구3,서울특별시 중랑구 중화동(한미은행 부근),2016-08-29,21시경,중상,남,24세,승용차,상해없음,여,47세,자전거,중상,차대차 - 측면직각충돌,안전운전불이행,맑음,0,1
2016,서울특별시 중랑구3,서울특별시 중랑구 중화동(한미은행 부근),2016-08-27,02시경,중상,남,61세,승용차,상해없음,여,42세,자전거,중상,차대차 - 측면직각충돌,신호위반,맑음,0,1
2016,서울특별시 중랑구3,서울특별시 중랑구 중화동(한미은행 부근),2016-04-23,12시경,경상,남,56세,승합차,기타불명,여,39세,자전거,상해없음,차대차 - 기타,안전운전불이행,맑음,0,1
2016,서울특별시 중랑구3,서울특별시 중랑구 중화동(한미은행 부근),2016-04-14,02시경,부상신고,남,50세,자전거,부상신고,남,57세,승합차,상해없음,차대차 - 측면직각충돌,교차로운행방법위반,맑음,0,1
2016,서울특별시 중랑구3,서울특별시 중랑구 중화동(한미은행 부근),2016-09-06,12시경,부상신고,남,53세,자전거,부상신고,여,42세,승용차,상해없음,차대차 - 기타,불법유턴,맑음,0,1
2016,서울특별시 중랑구3,서울특별시 중랑구 중화동(한미은행 부근),2016-08-30,11시경,중상,남,47세,특수차,상해없음,남,69세,자전거,중상,차대차 - 측면직각충돌,안전운전불이행,맑음,0,1
2016,서울특별시 중랑구4,서울특별시 중랑구 중화동(대원메디컬빌딩 부근),2016-12-08,08시경,경상,기타불명,불명,불명,기타불명,남,11세,자전거,경상,차대차 - 기타,신호위반,맑음,0,2
2016,서울특별시 중랑구4,서울특별시 중랑구 중화동(대원메디컬빌딩 부근),2016-07-18,08시경,중상,남,33세,승용차,상해없음,여,40세,자전거,중상,차대차 - 기타,기타,맑음,0,1
2016,서울특별시 중랑구4,서울특별시 중랑구 중화동(대원메디컬빌딩 부근),2016-07-19,21시경,경상,남,59세,승용차,상해없음,남,26세,자전거,경상,차대차 - 기타,안전운전불이행,맑음,0,1
2016,서울특별시 중랑구4,서울특별시 중랑구 중화동(대원메디컬빌딩 부근),2016-10-05,01시경,경상,남,59세,승용차,상해없음,남,37세,자전거,경상,차대차 - 측면직각충돌,신호위반,맑음,0,1
2016,서울특별시 중랑구4,서울특별시 중랑구 중화동(대원메디컬빌딩 부근),2016-01-06,02시경,부상신고,남,63세,승용차,상해없음,남,36세,자전거,부상신고,차대차 - 측면직각충돌,안전운전불이행,맑음,0,1
2016,서울특별시 중랑구4,서울특별시 중랑구 중화동(대원메디컬빌딩 부근),2016-09-26,12시경,경상,남,74세,자전거,상해없음,남,47세,보행자,경상,차대사람 - 차도통행중,중앙선침범,맑음,0,1
2016,서울특별시 중랑구4,서울특별시 중랑구 중화동(대원메디컬빌딩 부근),2016-02-24,13시경,부상신고,남,81세,자전거,부상신고,여,46세,승용차,상해없음,차대차 - 추돌 - 진행중,안전거리미확보,맑음,0,1
2016,서울특별시 중랑구6,서울특별시 중랑구 중화동(이화교(동단) 부근),2016-06-19,05시경,경상,여,57세,승용차,상해없음,남,63세,자전거,경상,차대차 - 측면직각충돌,안전운전불이행,맑음,0,1
2016,서울특별시 중랑구6,서울특별시 중랑구 중화동(이화교(동단) 부근),2016-01-12,18시경,중상,남,55세,승합차,상해없음,남,74세,자전거,중상,차대차 - 기타,안전운전불이행,맑음,0,1
2016,서울특별시 중랑구6,서울특별시 중랑구 중화동(이화교(동단) 부근),2016-01-06,06시경,중상,남,56세,이륜차,상해없음,남,67세,자전거,중상,차대차 - 추돌 - 진행중,안전운전불이행,맑음,0,1
2016,서울특별시 중랑구6,서울특별시 중랑구 중화동(이화교(동단) 부근),2016-11-04,14시경,부상신고,남,78세,자전거,부상신고,남,41세,승용차,상해없음,차대차 - 측면직각충돌,안전운전불이행,맑음,0,1
2016,서울특별시 중랑구6,서울특별시 중랑구 중화동(이화교(동단) 부근),2016-10-10,11시경,부상신고,남,79세,자전거,부상신고,여,26세,승용차,상해없음,차대차 - 측면직각충돌,안전거리미확보,맑음,0,1
2016,서울특별시 중랑구6,서울특별시 중랑구 중화동(이화교(동단) 부근),2016-12-19,21시경,중상,남,54세,화물차,상해없음,여,60세,자전거,중상,차대차 - 측면직각충돌,안전운전불이행,맑음,0,1
2016,서울특별시 중랑구7,서울특별시 중랑구 중화동(중화장미아파트 부근),2016-07-20,18시경,중상,남,53세,승용차,상해없음,남,14세,자전거,중상,차대차 - 기타,신호위반,맑음,0,1
2016,서울특별시 중랑구7,서울특별시 중랑구 중화동(중화장미아파트 부근),2016-03-23,23시경,경상,남,55세,이륜차,경상,남,75세,자전거,경상,차대차 - 측면직각충돌,안전운전불이행,맑음,0,2
2016,서울특별시 중랑구7,서울특별시 중랑구 중화동(중화장미아파트 부근),2016-09-18,12시경,부상신고,남,8세,자전거,부상신고,여,48세,자전거,상해없음,차대차 - 측면직각충돌,안전운전불이행,맑음,0,1
2016,서울특별시 중랑구7,서울특별시 중랑구 중화동(중화장미아파트 부근),2016-11-02,16시경,경상,여,50세,자전거,경상,남,33세,승용차,상해없음,차대차 - 측면직각충돌,안전운전불이행,맑음,0,1
2016,서울특별시 중랑구7,서울특별시 중랑구 중화동(중화장미아파트 부근),2016-10-10,05시경,중상,여,54세,자전거,중상,남,28세,승용차,상해없음,차대차 - 측면직각충돌,안전거리미확보,맑음,0,1
2016,서울특별시 중랑구7,서울특별시 중랑구 중화동(중화장미아파트 부근),2016-07-09,13시경,경상,여,61세,자전거,경상,남,36세,이륜차,상해없음,차대차 - 측면직각충돌,중앙선침범,맑음,0,1
2016,서울특별시 중랑구12,서울특별시 중랑구 중화동(자동차정비 부근),2016-09-08,16시경,중상,남,35세,자전거,부상신고,여,58세,보행자,중상,차대사람 - 기타,안전운전불이행,맑음,0,2
2016,서울특별시 중랑구12,서울특별시 중랑구 중화동(자동차정비 부근),2016-06-18,18시경,경상,남,45세,자전거,상해없음,여,34세,보행자,경상,차대사람 - 기타,안전운전불이행,맑음,0,2
2016,서울특별시 중랑구12,서울특별시 중랑구 중화동(자동차정비 부근),2016-08-01,21시경,중상,남,52세,자전거,중상,남,50세,보행자,중상,차대사람 - 기타,안전운전불이행,맑음,0,2
2016,서울특별시 중랑구12,서울특별시 중랑구 중화동(자동차정비 부근),2016-08-09,18시경,중상,남,56세,자전거,상해없음,여,77세,보행자,중상,차대사람 - 기타,안전운전불이행,맑음,0,1
2016,서울특별시 중랑구13,서울특별시 중랑구 신내동(신내변전소 부근),2016-07-10,14시경,중상,남,12세,자전거,중상,여,44세,승용차,상해없음,차대차 - 기타,중앙선침범,맑음,0,1
2016,서울특별시 중랑구13,서울특별시 중랑구 신내동(신내변전소 부근),2016-05-16,19시경,부상신고,남,20세,자전거,부상신고,남,49세,승용차,상해없음,차대차 - 측면직각충돌,중앙선침범,맑음,0,1
2016,서울특별시 중랑구13,서울특별시 중랑구 신내동(신내변전소 부근),2016-07-14,11시경,중상,남,25세,자전거,상해없음,남,66세,자전거,중상,차대차 - 정면충돌,안전운전불이행,맑음,0,1
2016,서울특별시 중랑구13,서울특별시 중랑구 신내동(신내변전소 부근),2016-06-25,01시경,중상,남,27세,자전거,부상신고,남,41세,이륜차,중상,차대차 - 측면직각충돌,안전운전불이행,맑음,0,2
2016,서울특별시 성북구2,서울특별시 성북구 돈암동(종로컴퓨터학원 부근),2016-04-29,13시경,경상,남,23세,승용차,상해없음,남,28세,자전거,경상,차대차 - 추돌 - 진행중,안전운전불이행,맑음,0,1
2016,서울특별시 성북구2,서울특별시 성북구 돈암동(종로컴퓨터학원 부근),2016-07-16,08시경,중상,남,29세,승용차,상해없음,남,64세,자전거,중상,차대차 - 측면직각충돌,안전운전불이행,맑음,0,1
2016,서울특별시 성북구2,서울특별시 성북구 돈암동(종로컴퓨터학원 부근),2016-05-30,23시경,경상,남,23세,자전거,경상,남,39세,승용차,상해없음,차대차 - 기타,안전운전불이행,맑음,0,1
2016,서울특별시 성북구2,서울특별시 성북구 돈암동(종로컴퓨터학원 부근),2016-06-16,15시경,부상신고,남,29세,자전거,부상신고,남,36세,승용차,상해없음,차대차 - 측면직각충돌,안전운전불이행,맑음,0,1
2016,서울특별시 성북구2,서울특별시 성북구 돈암동(종로컴퓨터학원 부근),2016-03-20,13시경,부상신고,남,51세,자전거,부상신고,없음,불명,없음,없음,차량단독 - 전도전복,안전운전불이행,맑음,0,1
2016,서울특별시 성북구2,서울특별시 성북구 돈암동(종로컴퓨터학원 부근),2016-08-04,20시경,경상,남,50세,화물차,상해없음,남,60세,자전거,경상,차대차 - 기타,안전운전불이행,맑음,0,1
2016,서울특별시 성북구4,서울특별시 성북구 종암동(북부간선도로-내부순환로램프(1) 부근),2016-12-04,17시경,중상,남,26세,승용차,상해없음,남,12세,자전거,중상,차대차 - 측면직각충돌,신호위반,맑음,0,1
2016,서울특별시 성북구4,서울특별시 성북구 종암동(북부간선도로-내부순환로램프(1) 부근),2016-09-09,21시경,경상,여,42세,승용차,상해없음,남,61세,자전거,경상,차대차 - 측면직각충돌,안전운전불이행,맑음,0,1
2016,서울특별시 성북구4,서울특별시 성북구 종암동(북부간선도로-내부순환로램프(1) 부근),2016-05-16,23시경,경상,남,14세,자전거,경상,남,49세,승용차,상해없음,차대차 - 측면직각충돌,불법유턴,맑음,0,1
2016,서울특별시 성북구4,서울특별시 성북구 종암동(북부간선도로-내부순환로램프(1) 부근),2016-10-31,15시경,중상,남,63세,자전거,중상,남,51세,승용차,상해없음,차대차 - 측면직각충돌,중앙선침범,맑음,0,1
2016,서울특별시 성북구1,서울특별시 성북구 하월곡동(월곡시장 부근),2016-02-23,23시경,경상,남,69세,승용차,상해없음,남,59세,자전거,경상,차대차 - 측면직각충돌,신호위반,맑음,0,1
2016,서울특별시 성북구1,서울특별시 성북구 하월곡동(월곡시장 부근),2016-05-18,22시경,중상,여,36세,승용차,상해없음,남,31세,자전거,중상,차대차 - 측면직각충돌,기타,맑음,0,1
2016,서울특별시 성북구1,서울특별시 성북구 하월곡동(월곡시장 부근),2016-03-12,18시경,중상,남,26세,자전거,상해없음,남,17세,이륜차,중상,차대차 - 정면충돌,신호위반,맑음,0,1
2016,서울특별시 성북구1,서울특별시 성북구 하월곡동(월곡시장 부근),2016-01-06,09시경,경상,남,43세,자전거,경상,남,47세,승용차,상해없음,차대차 - 측면직각충돌,안전운전불이행,맑음,0,1
2016,서울특별시 성북구1,서울특별시 성북구 하월곡동(월곡시장 부근),2016-01-14,06시경,중상,남,69세,자전거,중상,남,38세,화물차,상해없음,차대차 - 추돌 - 진행중,안전운전불이행,맑음,0,1
2016,서울특별시 성북구1,서울특별시 성북구 하월곡동(월곡시장 부근),2016-07-26,19시경,부상신고,여,61세,자전거,부상신고,남,68세,승용차,상해없음,차대차 - 측면직각충돌,교차로운행방법위반,맑음,0,1
2016,서울특별시 성북구3,서울특별시 성북구 하월곡동(미아사거리_도봉로_진입_1 부근),2016-12-20,11시경,경상,기타불명,불명,불명,기타불명,남,62세,자전거,경상,차대차 - 측면직각충돌,안전운전불이행,흐림,0,1
2016,서울특별시 성북구3,서울특별시 성북구 하월곡동(미아사거리_도봉로_진입_1 부근),2016-09-22,17시경,중상,남,71세,승용차,상해없음,여,57세,자전거,중상,차대차 - 기타,기타,맑음,0,1
2016,서울특별시 성북구3,서울특별시 성북구 하월곡동(미아사거리_도봉로_진입_1 부근),2016-04-26,17시경,경상,남,72세,승용차,상해없음,여,35세,자전거,경상,차대차 - 기타,기타,맑음,0,1
2016,서울특별시 성북구3,서울특별시 성북구 하월곡동(미아사거리_도봉로_진입_1 부근),2016-04-06,11시경,경상,남,63세,자전거,경상,남,60세,화물차,상해없음,차대차 - 측면직각충돌,안전운전불이행,맑음,0,1
2016,서울특별시 성북구3,서울특별시 성북구 하월곡동(미아사거리_도봉로_진입_1 부근),2016-12-30,12시경,경상,여,64세,자전거,경상,여,41세,승용차,상해없음,차대차 - 측면직각충돌,중앙선침범,맑음,0,1
2016,서울특별시 강북구5,서울특별시 강북구 미아동(썬실업 부근),2016-05-27,21시경,부상신고,남,51세,승용차,상해없음,남,55세,자전거,부상신고,차대차 - 추돌 - 진행중,안전운전불이행,맑음,0,1
2016,서울특별시 강북구5,서울특별시 강북구 미아동(썬실업 부근),2016-06-09,17시경,중상,여,55세,승용차,상해없음,남,22세,자전거,중상,차대차 - 측면직각충돌,안전운전불이행,맑음,0,1
2016,서울특별시 강북구5,서울특별시 강북구 미아동(썬실업 부근),2016-04-09,09시경,부상신고,남,55세,자전거,부상신고,남,43세,승용차,상해없음,차대차 - 정면충돌,중앙선침범,맑음,0,1
2016,서울특별시 강북구5,서울특별시 강북구 미아동(썬실업 부근),2016-12-19,06시경,경상,남,56세,자전거,경상,남,58세,이륜차,부상신고,차대차 - 측면직각충돌,교차로운행방법위반,흐림,0,2
2016,서울특별시 강북구5,서울특별시 강북구 미아동(썬실업 부근),2016-12-28,15시경,경상,남,66세,자전거,경상,남,69세,승용차,상해없음,차대차 - 측면직각충돌,안전운전불이행,맑음,0,1
2016,서울특별시 강북구7,서울특별시 강북구 미아동(수유치과의원 부근),2016-01-30,17시경,경상,남,55세,승용차,기타불명,남,39세,자전거,경상,차대차 - 기타,기타,맑음,0,1
2016,서울특별시 강북구7,서울특별시 강북구 미아동(수유치과의원 부근),2016-05-20,20시경,중상,여,23세,자전거,경상,여,50세,승용차,중상,차대차 - 측면직각충돌,직진우회전진행방해,맑음,0,4
2016,서울특별시 강북구7,서울특별시 강북구 미아동(수유치과의원 부근),2016-08-17,11시경,부상신고,여,56세,자전거,부상신고,남,27세,이륜차,상해없음,차대차 - 측면직각충돌,교차로운행방법위반,맑음,0,1
2016,서울특별시 강북구7,서울특별시 강북구 미아동(수유치과의원 부근),2016-06-28,18시경,중상,남,29세,화물차,상해없음,남,76세,자전거,중상,차대차 - 기타,안전운전불이행,맑음,0,1
2016,서울특별시 강북구1,서울특별시 강북구 번동(번동사거리_화계사길_진입_1 부근),2016-07-20,10시경,중상,남,53세,승용차,상해없음,남,13세,자전거,중상,차대차 - 측면직각충돌,안전운전불이행,맑음,0,1
2016,서울특별시 강북구1,서울특별시 강북구 번동(번동사거리_화계사길_진입_1 부근),2016-05-04,06시경,중상,남,75세,승용차,상해없음,여,75세,자전거,중상,차대차 - 측면직각충돌,신호위반,맑음,0,1
2016,서울특별시 강북구1,서울특별시 강북구 번동(번동사거리_화계사길_진입_1 부근),2016-12-09,07시경,경상,남,47세,승합차,상해없음,남,70세,자전거,경상,차대차 - 정면충돌,교차로운행방법위반,맑음,0,1
2016,서울특별시 강북구1,서울특별시 강북구 번동(번동사거리_화계사길_진입_1 부근),2016-11-21,08시경,중상,남,67세,이륜차,상해없음,여,53세,자전거,중상,차대차 - 측면직각충돌,신호위반,맑음,0,1
2016,서울특별시 강북구1,서울특별시 강북구 번동(번동사거리_화계사길_진입_1 부근),2016-08-26,16시경,중상,여,66세,자전거,중상,남,77세,보행자,상해없음,차대사람 - 기타,안전운전불이행,맑음,0,1
2016,서울특별시 강북구1,서울특별시 강북구 번동(번동사거리_화계사길_진입_1 부근),2016-07-11,09시경,경상,남,55세,화물차,상해없음,남,71세,자전거,경상,차대차 - 측면직각충돌,안전운전불이행,맑음,0,1
2016,서울특별시 강북구6,서울특별시 강북구 번동(월계교2교(남단)_월계로_진출_1 부근),2016-04-22,21시경,경상,남,42세,승용차,상해없음,남,17세,자전거,경상,차대차 - 측면직각충돌,안전운전불이행,맑음,0,1