사고년도,다발시군구,지점명,사고일시,사고시간대,사고등급,가해자성별,가해자연령,가해차종,가해자신체상해정도,피해자성별,피해자연령,피해차종,피해자신체상해정도,사고유형,가해자법규위반,기상상태,사망자수,부상자수
2016,서울특별시 은평구1,서울특별시 은평구 갈현동(구산사거리 부근),2016-08-26,01시경,경상,남,26세,자전거,경상,남,61세,승용차,상해없음,차대차 - 추돌 - 진행중,안전운전불이행,비,0,1
2016,서울특별시 은평구1,서울특별시 은평구 갈현동(구산사거리 부근),2016-08-04,08시경,경상,남,74세,자전거,경상,여,48세,승용차,상해없음,차대차 - 측면직각충돌,안전운전불이행,맑음,0,1
2016,서울특별시 은평구1,서울특별시 은평구 갈현동(구산사거리 부근),2016-10-18,08시경,경상,여,55세,자전거,경상,남,59세,화물차,상해없음,차대차 - 측면직각충돌,안전운전불이행,맑음,0,1
2016,서울특별시 은평구5,서울특별시 은평구 구산동(예일여고 부근),2016-08-22,07시경,경상,기타불명,불명,승용차,기타불명,남,15세,자전거,경상,차대차 - 측면직각충돌,안전운전불이행,맑음,0,1
2016,서울특별시 은평구5,서울특별시 은평구 구산동(예일여고 부근),2016-12-03,15시경,경상,남,36세,승용차,상해없음,남,66세,자전거,경상,차대차 - 기타,안전운전불이행,맑음,0,1
2016,서울특별시 은평구5,서울특별시 은평구 구산동(예일여고 부근),2016-10-03,05시경,사망,남,72세,자전거,사망,남,71세,화물차,상해없음,차대차 - 측면직각충돌,안전운전불이행,비,1,0
2016,서울특별시 은평구2,서울특별시 은평구 역촌동(신사오거리 부근),2016-12-17,13시경,중상,남,15세,자전거,기타불명,여,35세,보행자,중상,차대사람 - 기타,안전운전불이행,맑음,0,1
2016,서울특별시 은평구2,서울특별시 은평구 역촌동(신사오거리 부근),2016-04-10,11시경,중상,남,45세,자전거,중상,없음,불명,없음,없음,차량단독 - 전도전복,안전운전불이행,맑음,0,1
2016,서울특별시 은평구2,서울특별시 은평구 역촌동(신사오거리 부근),2016-06-24,16시경,경상,남,58세,자전거,경상,남,42세,승용차,상해없음,차대차 - 측면직각충돌,차로위반,맑음,0,1
2016,서울특별시 은평구2,서울특별시 은평구 역촌동(신사오거리 부근),2016-09-29,04시경,사망,남,65세,자전거,사망,남,69세,승용차,경상,차대차 - 기타,불법유턴,맑음,1,1
2016,서울특별시 은평구2,서울특별시 은평구 역촌동(신사오거리 부근),2016-09-10,21시경,중상,여,48세,자전거,경상,여,34세,자전거,중상,차대차 - 기타,안전운전불이행,맑음,0,2
2016,서울특별시 은평구4,서울특별시 은평구 역촌동(은평구청입구 부근),2016-06-30,04시경,중상,남,57세,승용차,상해없음,남,52세,자전거,중상,차대차 - 측면직각충돌,안전운전불이행,비,0,1
2016,서울특별시 은평구4,서울특별시 은평구 역촌동(은평구청입구 부근),2016-03-27,05시경,중상,남,40세,승합차,상해없음,남,73세,자전거,중상,차대차 - 측면직각충돌,안전운전불이행,맑음,0,1
2016,서울특별시 은평구4,서울특별시 은평구 역촌동(은평구청입구 부근),2016-07-28,11시경,부상신고,남,12세,자전거,부상신고,남,69세,승용차,상해없음,차대차 - 정면충돌,안전운전불이행,흐림,0,1
2016,서울특별시 은평구4,서울특별시 은평구 역촌동(은평구청입구 부근),2016-05-11,09시경,부상신고,남,65세,자전거,부상신고,남,72세,승합차,상해없음,차대차 - 측면직각충돌,불법유턴,맑음,0,1
2016,서울특별시 은평구3,서울특별시 은평구 증산동(증산주유소 부근),2016-08-17,14시경,중상,남,54세,승용차,상해없음,남,23세,자전거,중상,차대차 - 측면직각충돌,안전운전불이행,맑음,0,1
2016,서울특별시 은평구3,서울특별시 은평구 증산동(증산주유소 부근),2016-08-23,06시경,경상,남,67세,승용차,상해없음,남,66세,자전거,경상,차대차 - 기타,안전운전불이행,맑음,0,1
2016,서울특별시 은평구3,서울특별시 은평구 증산동(증산주유소 부근),2016-04-01,08시경,경상,남,17세,원동기장치자전거,상해없음,여,53세,자전거,경상,차대차 - 측면직각충돌,신호위반,맑음,0,1
2016,서울특별시 은평구3,서울특별시 은평구 증산동(증산주유소 부근),2016-05-22,14시경,중상,남,13세,자전거,중상,남,55세,자전거,상해없음,차대차 - 추돌 - 진행중,안전운전불이행,맑음,0,1
2016,서울특별시 은평구3,서울특별시 은평구 증산동(증산주유소 부근),2016-06-28,17시경,부상신고,남,21세,자전거,부상신고,남,48세,승용차,상해없음,차대차 - 측면직각충돌,안전운전불이행,맑음,0,1
2016,서울특별시 서대문구2,서울특별시 서대문구 창천동(동교동삼거리 부근),2016-05-11,04시경,중상,남,71세,승용차,상해없음,여,70세,자전거,중상,차대차 - 측면직각충돌,신호위반,맑음,0,1
2016,서울특별시 서대문구2,서울특별시 서대문구 창천동(동교동삼거리 부근),2016-06-10,21시경,경상,남,21세,이륜차,경상,남,38세,자전거,경상,차대차 - 정면충돌,안전운전불이행,맑음,0,2
2016,서울특별시 서대문구2,서울특별시 서대문구 창천동(동교동삼거리 부근),2016-08-29,18시경,경상,남,15세,자전거,경상,기타불명,불명,불명,기타불명,차대차 - 기타,안전운전불이행,맑음,0,1
2016,서울특별시 서대문구2,서울특별시 서대문구 창천동(동교동삼거리 부근),2016-03-19,06시경,경상,남,24세,자전거,경상,남,31세,승용차,상해없음,차대차 - 정면충돌,신호위반,맑음,0,1
2016,서울특별시 서대문구1,서울특별시 서대문구 북가좌동(한빛은행앞사거리 부근),2016-06-29,18시경,중상,남,35세,원동기장치자전거,상해없음,여,74세,자전거,중상,차대차 - 기타,안전운전불이행,맑음,0,1
2016,서울특별시 서대문구1,서울특별시 서대문구 북가좌동(한빛은행앞사거리 부근),2016-10-25,18시경,부상신고,남,10세,자전거,부상신고,남,73세,승용차,상해없음,차대차 - 측면직각충돌,중앙선침범,흐림,0,1
2016,서울특별시 서대문구1,서울특별시 서대문구 북가좌동(한빛은행앞사거리 부근),2016-10-11,08시경,경상,남,10세,자전거,상해없음,여,47세,보행자,경상,차대사람 - 차도통행중,신호위반,맑음,0,1
2016,서울특별시 서대문구1,서울특별시 서대문구 북가좌동(한빛은행앞사거리 부근),2016-03-24,13시경,경상,남,11세,자전거,경상,여,45세,승용차,상해없음,차대차 - 정면충돌,중앙선침범,맑음,0,1
2016,서울특별시 서대문구1,서울특별시 서대문구 북가좌동(한빛은행앞사거리 부근),2016-04-27,22시경,부상신고,남,14세,자전거,상해없음,남,18세,원동기장치자전거,부상신고,차대차 - 기타,중앙선침범,맑음,0,1
2016,서울특별시 서대문구1,서울특별시 서대문구 북가좌동(한빛은행앞사거리 부근),2016-12-15,06시경,부상신고,남,39세,자전거,부상신고,남,52세,승용차,상해없음,차대차 - 측면직각충돌,안전운전불이행,맑음,0,1
2016,서울특별시 마포구4,서울특별시 마포구 서교동(성산초등교앞) 부근),2016-09-04,11시경,경상,남,49세,승용차,상해없음,여,25세,자전거,경상,차대차 - 측면직각충돌,신호위반,맑음,0,1
2016,서울특별시 마포구4,서울특별시 마포구 서교동(성산초등교앞) 부근),2016-04-20,04시경,중상,남,57세,승용차,상해없음,여,71세,자전거,중상,차대차 - 측면직각충돌,안전운전불이행,맑음,0,1
2016,서울특별시 마포구4,서울특별시 마포구 서교동(성산초등교앞) 부근),2016-10-26,19시경,경상,남,67세,승용차,상해없음,남,48세,자전거,경상,차대차 - 정면충돌,신호위반,맑음,0,1
2016,서울특별시 마포구4,서울특별시 마포구 서교동(성산초등교앞) 부근),2016-01-04,11시경,중상,남,24세,원동기장치자전거,상해없음,여,73세,자전거,중상,차대차 - 기타,신호위반,맑음,0,1
2016,서울특별시 마포구1,서울특별시 마포구 망원동(동교초교 부근),2016-10-29,08시경,경상,기타불명,불명,불명,기타불명,남,16세,자전거,경상,차대차 - 기타,안전운전불이행,맑음,0,1
2016,서울특별시 마포구1,서울특별시 마포구 망원동(동교초교 부근),2016-12-14,10시경,경상,남,33세,승용차,상해없음,여,61세,자전거,경상,차대차 - 정면충돌,안전운전불이행,맑음,0,1
2016,서울특별시 마포구1,서울특별시 마포구 망원동(동교초교 부근),2016-11-06,17시경,경상,남,52세,승용차,상해없음,남,23세,자전거,경상,차대차 - 측면직각충돌,기타,맑음,0,1
2016,서울특별시 마포구1,서울특별시 마포구 망원동(동교초교 부근),2016-06-06,15시경,중상,여,42세,승용차,상해없음,남,13세,자전거,중상,차대차 - 측면직각충돌,안전운전불이행,맑음,0,1
2016,서울특별시 마포구1,서울특별시 마포구 망원동(동교초교 부근),2016-03-21,16시경,경상,여,53세,승용차,상해없음,여,30세,자전거,경상,차대차 - 기타,기타,맑음,0,1
2016,서울특별시 마포구1,서울특별시 마포구 망원동(동교초교 부근),2016-07-13,21시경,중상,남,52세,자전거,중상,남,27세,원동기장치자전거,중상,차대차 - 기타,안전운전불이행,맑음,0,2
2016,서울특별시 마포구1,서울특별시 마포구 망원동(동교초교 부근),2016-10-10,12시경,부상신고,남,60세,자전거,부상신고,남,61세,승용차,상해없음,차대차 - 정면충돌,중앙선침범,맑음,0,1
2016,서울특별시 마포구1,서울특별시 마포구 망원동(동교초교 부근),2016-04-26,13시경,경상,여,58세,자전거,경상,남,38세,승합차,상해없음,차대차 - 측면직각충돌,안전거리미확보,맑음,0,1
2016,서울특별시 마포구2,서울특별시 마포구 망원동(털보카센타 부근),2016-08-14,17시경,경상,남,29세,승용차,상해없음,남,65세,자전거,경상,차대차 - 측면직각충돌,안전운전불이행,맑음,0,1
2016,서울특별시 마포구2,서울특별시 마포구 망원동(털보카센타 부근),2016-06-23,10시경,중상,남,45세,승용차,상해없음,남,66세,자전거,중상,차대차 - 정면충돌,신호위반,맑음,0,1
2016,서울특별시 마포구2,서울특별시 마포구 망원동(털보카센타 부근),2016-08-13,10시경,중상,남,77세,승용차,상해없음,남,63세,자전거,중상,차대차 - 기타,기타,맑음,0,1
2016,서울특별시 마포구2,서울특별시 마포구 망원동(털보카센타 부근),2016-06-07,23시경,중상,기타불명,불명,자전거,기타불명,남,16세,보행자,중상,차대사람 - 기타,기타,맑음,0,1
2016,서울특별시 마포구2,서울특별시 마포구 망원동(털보카센타 부근),2016-02-01,08시경,중상,여,51세,자전거,중상,남,48세,승용차,상해없음,차대차 - 측면직각충돌,중앙선침범,맑음,0,1
2016,서울특별시 마포구2,서울특별시 마포구 망원동(털보카센타 부근),2016-03-11,10시경,부상신고,남,38세,화물차,상해없음,남,76세,자전거,부상신고,차대차 - 기타,안전운전불이행,맑음,0,1
2016,서울특별시 마포구2,서울특별시 마포구 망원동(털보카센타 부근),2016-10-20,16시경,경상,남,50세,화물차,상해없음,남,54세,자전거,경상,차대차 - 정면충돌,신호위반,맑음,0,1
2016,서울특별시 마포구3,서울특별시 마포구 중동(가좌삼거리 부근),2016-06-09,01시경,중상,남,23세,승용차,상해없음,남,24세,자전거,중상,차대차 - 기타,신호위반,맑음,0,1
2016,서울특별시 마포구3,서울특별시 마포구 중동(가좌삼거리 부근),2016-08-17,14시경,경상,남,64세,승용차,상해없음,여,55세,자전거,경상,차대차 - 기타,기타,맑음,0,1
2016,서울특별시 마포구3,서울특별시 마포구 중동(가좌삼거리 부근),2016-09-06,07시경,중상,남,26세,자전거,상해없음,여,66세,보행자,중상,차대사람 - 차도통행중,보행자보호의무위반,맑음,0,1
2016,서울특별시 마포구3,서울특별시 마포구 중동(가좌삼거리 부근),2016-07-13,12시경,사망,남,80세,자전거,사망,남,30세,승용차,상해없음,차대차 - 측면직각충돌,안전운전불이행,맑음,1,0
2016,서울특별시 양천구4,서울특별시 양천구 신정동(리더스빌딩 부근),2016-06-28,13시경,경상,여,67세,승용차,상해없음,여,34세,자전거,경상,차대차 - 기타,안전운전불이행,맑음,0,1
2016,서울특별시 양천구4,서울특별시 양천구 신정동(리더스빌딩 부근),2016-11-28,17시경,사망,남,82세,자전거,사망,여,40세,승용차,상해없음,차대차 - 추돌 - 진행중,중앙선침범,맑음,1,0
2016,서울특별시 양천구4,서울특별시 양천구 신정동(리더스빌딩 부근),2016-06-28,08시경,부상신고,여,23세,자전거,부상신고,남,34세,승용차,상해없음,차대차 - 기타,안전운전불이행,맑음,0,1
2016,서울특별시 양천구4,서울특별시 양천구 신정동(리더스빌딩 부근),2016-01-11,21시경,중상,여,56세,자전거,중상,남,43세,승용차,상해없음,차대차 - 측면직각충돌,안전운전불이행,맑음,0,1
2016,서울특별시 양천구4,서울특별시 양천구 신정동(리더스빌딩 부근),2016-06-01,12시경,중상,남,74세,화물차,상해없음,여,57세,자전거,중상,차대차 - 측면직각충돌,안전운전불이행,맑음,0,1
2016,서울특별시 양천구5,서울특별시 양천구 신정동(신정3평화은행 부근),2016-10-05,08시경,경상,기타불명,불명,불명,기타불명,여,64세,자전거,경상,차대차 - 측면직각충돌,안전운전불이행,맑음,0,1
2016,서울특별시 양천구5,서울특별시 양천구 신정동(신정3평화은행 부근),2016-10-30,18시경,경상,남,18세,원동기장치자전거,상해없음,남,26세,자전거,경상,차대차 - 기타,안전운전불이행,맑음,0,1
2016,서울특별시 양천구5,서울특별시 양천구 신정동(신정3평화은행 부근),2016-04-21,14시경,중상,남,79세,자전거,중상,남,52세,승용차,상해없음,차대차 - 추돌 - 진행중,안전운전불이행,맑음,0,1
2016,서울특별시 양천구5,서울특별시 양천구 신정동(신정3평화은행 부근),2016-02-19,20시경,중상,여,41세,자전거,중상,여,42세,승용차,상해없음,차대차 - 기타,안전운전불이행,맑음,0,1
2016,서울특별시 양천구5,서울특별시 양천구 신정동(신정3평화은행 부근),2016-03-17,16시경,중상,남,49세,화물차,상해없음,여,7세,자전거,중상,차대차 - 측면직각충돌,안전운전불이행,맑음,0,1
2016,서울특별시 양천구9,서울특별시 양천구 신정동(목동9-10단지 부근),2016-06-20,19시경,경상,여,48세,승용차,상해없음,남,13세,자전거,경상,차대차 - 측면직각충돌,안전운전불이행,맑음,0,1
2016,서울특별시 양천구9,서울특별시 양천구 신정동(목동9-10단지 부근),2016-10-20,22시경,경상,여,51세,승용차,상해없음,남,39세,자전거,경상,차대차 - 추돌 - 진행중,안전운전불이행,맑음,0,1
2016,서울특별시 양천구9,서울특별시 양천구 신정동(목동9-10단지 부근),2016-04-01,19시경,경상,기타불명,16세,자전거,기타불명,여,45세,보행자,경상,차대사람 - 기타,안전운전불이행,흐림,0,1
2016,서울특별시 양천구9,서울특별시 양천구 신정동(목동9-10단지 부근),2016-01-27,14시경,경상,남,69세,자전거,상해없음,여,76세,보행자,경상,차대사람 - 차도통행중,안전운전불이행,맑음,0,1
2016,서울특별시 양천구1,서울특별시 양천구 목동(오목교역 부근),2016-06-27,07시경,경상,남,50세,승용차,상해없음,남,19세,자전거,경상,차대차 - 기타,안전운전불이행,맑음,0,1
2016,서울특별시 양천구1,서울특별시 양천구 목동(오목교역 부근),2016-07-21,11시경,경상,남,57세,승용차,상해없음,남,18세,자전거,경상,차대차 - 측면직각충돌,안전거리미확보,맑음,0,1
2016,서울특별시 양천구1,서울특별시 양천구 목동(오목교역 부근),2016-03-28,07시경,경상,남,66세,승용차,상해없음,남,17세,자전거,경상,차대차 - 측면직각충돌,안전운전불이행,맑음,0,1
2016,서울특별시 양천구1,서울특별시 양천구 목동(오목교역 부근),2016-10-03,22시경,경상,남,17세,자전거,경상,남,48세,승용차,상해없음,차대차 - 측면직각충돌,안전운전불이행,맑음,0,1
2016,서울특별시 양천구1,서울특별시 양천구 목동(오목교역 부근),2016-09-03,11시경,부상신고,남,31세,자전거,부상신고,여,59세,승용차,상해없음,차대차 - 기타,안전운전불이행,맑음,0,1
2016,서울특별시 양천구1,서울특별시 양천구 목동(오목교역 부근),2016-05-04,14시경,중상,남,31세,자전거,중상,남,62세,승용차,상해없음,차대차 - 기타,안전운전불이행,맑음,0,1
2016,서울특별시 양천구1,서울특별시 양천구 목동(오목교역 부근),2016-01-21,03시경,경상,남,40세,자전거,경상,남,51세,승용차,상해없음,차대차 - 측면직각충돌,안전운전불이행,맑음,0,1
2016,서울특별시 양천구1,서울특별시 양천구 목동(오목교역 부근),2016-04-27,12시경,경상,남,51세,자전거,경상,여,43세,승용차,상해없음,차대차 - 측면직각충돌,안전운전불이행,맑음,0,1
2016,서울특별시 양천구1,서울특별시 양천구 목동(오목교역 부근),2016-07-20,15시경,경상,남,74세,자전거,경상,여,39세,승용차,상해없음,차대차 - 측면직각충돌,중앙선침범,맑음,0,1
2016,서울특별시 양천구1,서울특별시 양천구 목동(오목교역 부근),2016-11-04,06시경,경상,남,53세,화물차,기타불명,남,57세,자전거,경상,차대차 - 측면직각충돌,안전운전불이행,맑음,0,1
2016,서울특별시 양천구3,서울특별시 양천구 목동(목동7단지 부근),2016-09-05,19시경,경상,기타불명,불명,불명,기타불명,남,10세,자전거,경상,차대차 - 측면직각충돌,안전운전불이행,맑음,0,1
2016,서울특별시 양천구3,서울특별시 양천구 목동(목동7단지 부근),2016-09-21,22시경,경상,남,60세,승용차,상해없음,남,40세,자전거,경상,차대차 - 기타,기타,맑음,0,1
2016,서울특별시 양천구3,서울특별시 양천구 목동(목동7단지 부근),2016-07-20,19시경,경상,남,36세,승합차,상해없음,남,48세,자전거,경상,차대차 - 기타,안전운전불이행,맑음,0,1
2016,서울특별시 양천구3,서울특별시 양천구 목동(목동7단지 부근),2016-07-30,15시경,경상,기타불명,불명,자전거,기타불명,남,5세,보행자,경상,차대사람 - 보도통행중,기타,맑음,0,1
2016,서울특별시 양천구3,서울특별시 양천구 목동(목동7단지 부근),2016-03-17,08시경,경상,남,12세,자전거,기타불명,여,67세,보행자,경상,차대사람 - 보도통행중,안전운전불이행,맑음,0,1
2016,서울특별시 양천구3,서울특별시 양천구 목동(목동7단지 부근),2016-01-07,19시경,사망,남,15세,자전거,상해없음,남,64세,자전거,사망,차대차 - 측면직각충돌,신호위반,맑음,1,0
2016,서울특별시 양천구3,서울특별시 양천구 목동(목동7단지 부근),2016-07-07,07시경,부상신고,여,50세,자전거,부상신고,남,38세,승용차,상해없음,차대차 - 측면직각충돌,안전운전불이행,흐림,0,1
2016,서울특별시 양천구6,서울특별시 양천구 목동(목동초등학교 부근),2016-05-26,19시경,중상,여,51세,승용차,기타불명,남,13세,자전거,중상,차대차 - 측면직각충돌,안전운전불이행,맑음,0,1
2016,서울특별시 양천구6,서울특별시 양천구 목동(목동초등학교 부근),2016-07-03,13시경,중상,여,66세,승용차,상해없음,남,14세,자전거,중상,차대차 - 측면직각충돌,안전운전불이행,맑음,0,1
2016,서울특별시 양천구6,서울특별시 양천구 목동(목동초등학교 부근),2016-11-04,08시경,부상신고,기타불명,불명,승합차,기타불명,남,15세,자전거,부상신고,차대차 - 측면직각충돌,안전운전불이행,맑음,0,1
2016,서울특별시 양천구6,서울특별시 양천구 목동(목동초등학교 부근),2016-02-04,16시경,경상,남,17세,자전거,경상,남,65세,승용차,상해없음,차대차 - 측면직각충돌,안전운전불이행,맑음,0,1
2016,서울특별시 양천구6,서울특별시 양천구 목동(목동초등학교 부근),2016-08-27,11시경,경상,기타불명,불명,화물차,기타불명,남,9세,자전거,경상,차대차 - 측면직각충돌,안전운전불이행,맑음,0,1
2016,서울특별시 양천구8,서울특별시 양천구 목동(KGIT 목동센타 부근),2016-01-08,05시경,중상,남,51세,승용차,기타불명,남,71세,자전거,중상,차대차 - 측면직각충돌,신호위반,맑음,0,1
2016,서울특별시 양천구8,서울특별시 양천구 목동(KGIT 목동센타 부근),2016-05-14,22시경,부상신고,남,70세,승용차,상해없음,남,33세,자전거,부상신고,차대차 - 측면직각충돌,안전운전불이행,맑음,0,1
2016,서울특별시 양천구8,서울특별시 양천구 목동(KGIT 목동센타 부근),2016-05-26,20시경,경상,남,14세,자전거,경상,남,67세,승용차,상해없음,차대차 - 정면충돌,안전운전불이행,맑음,0,1
2016,서울특별시 양천구8,서울특별시 양천구 목동(KGIT 목동센타 부근),2016-07-27,23시경,부상신고,남,29세,자전거,부상신고,남,55세,자전거,부상신고,차대차 - 기타,안전운전불이행,흐림,0,2
2016,서울특별시 양천구2,서울특별시 양천구 신월동(신정네거리역_강서로_진출 부근),2016-08-12,18시경,경상,기타불명,불명,불명,기타불명,남,42세,자전거,경상,차대차 - 측면직각충돌,안전운전불이행,맑음,0,1
2016,서울특별시 양천구2,서울특별시 양천구 신월동(신정네거리역_강서로_진출 부근),2016-05-31,12시경,경상,남,30세,승용차,상해없음,여,13세,자전거,경상,차대차 - 기타,안전운전불이행,맑음,0,1
2016,서울특별시 양천구2,서울특별시 양천구 신월동(신정네거리역_강서로_진출 부근),2016-09-06,21시경,중상,남,61세,승용차,상해없음,남,23세,자전거,중상,차대차 - 측면직각충돌,안전운전불이행,맑음,0,1
2016,서울특별시 양천구2,서울특별시 양천구 신월동(신정네거리역_강서로_진출 부근),2016-04-11,07시경,경상,남,49세,승합차,상해없음,남,36세,자전거,상해없음,차대차 - 기타,안전운전불이행,맑음,0,1
2016,서울특별시 양천구2,서울특별시 양천구 신월동(신정네거리역_강서로_진출 부근),2016-10-26,18시경,경상,남,22세,이륜차,상해없음,남,16세,자전거,경상,차대차 - 기타,신호위반,맑음,0,2
2016,서울특별시 양천구2,서울특별시 양천구 신월동(신정네거리역_강서로_진출 부근),2016-10-11,07시경,부상신고,남,17세,자전거,부상신고,남,65세,승용차,상해없음,차대차 - 기타,안전운전불이행,맑음,0,1
2016,서울특별시 양천구2,서울특별시 양천구 신월동(신정네거리역_강서로_진출 부근),2016-05-31,04시경,경상,남,63세,자전거,경상,남,73세,승용차,상해없음,차대차 - 측면직각충돌,안전운전불이행,맑음,0,1
2016,서울특별시 양천구2,서울특별시 양천구 신월동(신정네거리역_강서로_진출 부근),2016-09-21,09시경,부상신고,여,56세,자전거,부상신고,남,37세,승합차,상해없음,차대차 - 기타,안전운전불이행,맑음,0,1
2016,서울특별시 양천구7,서울특별시 양천구 신월동(장위동우체국 부근),2016-11-26,05시경,중상,남,57세,승용차,기타불명,남,62세,자전거,중상,차대차 - 기타,안전운전불이행,맑음,0,1
2016,서울특별시 양천구7,서울특별시 양천구 신월동(장위동우체국 부근),2016-05-30,08시경,경상,남,72세,승용차,상해없음,남,16세,자전거,경상,차대차 - 측면직각충돌,기타,맑음,0,1
2016,서울특별시 양천구7,서울특별시 양천구 신월동(장위동우체국 부근),2016-08-01,09시경,경상,남,57세,원동기장치자전거,상해없음,여,52세,자전거,경상,차대차 - 측면직각충돌,기타,맑음,0,1
2016,서울특별시 양천구7,서울특별시 양천구 신월동(장위동우체국 부근),2016-04-27,10시경,경상,남,23세,자전거,상해없음,여,58세,보행자,경상,차대사람 - 횡단중,신호위반,맑음,0,1
2016,서울특별시 양천구7,서울특별시 양천구 신월동(장위동우체국 부근),2016-08-05,21시경,경상,남,69세,화물차,상해없음,남,63세,자전거,경상,차대차 - 측면직각충돌,안전운전불이행,맑음,0,1
2016,서울특별시 강서구5,서울특별시 강서구 등촌동(박진호내과의원 부근),2016-05-22,15시경,경상,남,13세,자전거,경상,남,67세,승용차,상해없음,차대차 - 측면직각충돌,안전운전불이행,맑음,0,1
2016,서울특별시 강서구5,서울특별시 강서구 등촌동(박진호내과의원 부근),2016-09-24,21시경,경상,남,16세,자전거,상해없음,남,4세,보행자,경상,차대사람 - 횡단중,안전운전불이행,맑음,0,1
2016,서울특별시 강서구5,서울특별시 강서구 등촌동(박진호내과의원 부근),2016-07-28,13시경,부상신고,남,43세,자전거,부상신고,남,53세,승용차,상해없음,차대차 - 측면직각충돌,안전운전불이행,맑음,0,1
2016,서울특별시 강서구5,서울특별시 강서구 등촌동(박진호내과의원 부근),2016-03-26,08시경,경상,남,78세,자전거,경상,여,40세,승용차,상해없음,차대차 - 측면직각충돌,안전운전불이행,맑음,0,1
2016,서울특별시 강서구5,서울특별시 강서구 등촌동(박진호내과의원 부근),2016-09-05,20시경,경상,기타불명,불명,화물차,기타불명,여,43세,자전거,경상,차대차 - 측면직각충돌,안전운전불이행,맑음,0,1
2016,서울특별시 강서구9,서울특별시 강서구 등촌동(강서요양병원 부근),2016-09-06,03시경,경상,남,33세,자전거,경상,남,24세,승용차,상해없음,차대차 - 기타,안전운전불이행,맑음,0,1
2016,서울특별시 강서구9,서울특별시 강서구 등촌동(강서요양병원 부근),2016-04-13,11시경,부상신고,남,67세,자전거,부상신고,여,61세,승용차,상해없음,차대차 - 측면직각충돌,안전운전불이행,맑음,0,1
2016,서울특별시 강서구9,서울특별시 강서구 등촌동(강서요양병원 부근),2016-02-17,16시경,부상신고,남,67세,자전거,부상신고,남,56세,승합차,상해없음,차대차 - 측면직각충돌,안전운전불이행,맑음,0,1
2016,서울특별시 강서구9,서울특별시 강서구 등촌동(강서요양병원 부근),2016-11-17,18시경,부상신고,남,68세,자전거,기타불명,여,59세,보행자,부상신고,차대사람 - 기타,안전운전불이행,맑음,0,1
2016,서울특별시 강서구1,서울특별시 강서구 화곡동(우장공원입구 부근),2016-05-26,19시경,부상신고,남,60세,승용차,상해없음,여,35세,자전거,부상신고,차대차 - 정면충돌,기타,맑음,0,1
2016,서울특별시 강서구1,서울특별시 강서구 화곡동(우장공원입구 부근),2016-04-11,02시경,경상,남,62세,승용차,상해없음,남,52세,자전거,경상,차대차 - 추돌 - 진행중,안전운전불이행,맑음,0,1
2016,서울특별시 강서구1,서울특별시 강서구 화곡동(우장공원입구 부근),2016-06-18,13시경,경상,남,12세,자전거,상해없음,여,61세,보행자,경상,차대사람 - 기타,중앙선침범,맑음,0,1
2016,서울특별시 강서구1,서울특별시 강서구 화곡동(우장공원입구 부근),2016-07-24,18시경,중상,남,14세,자전거,상해없음,여,59세,보행자,중상,차대사람 - 횡단중,안전운전불이행,맑음,0,1
2016,서울특별시 강서구1,서울특별시 강서구 화곡동(우장공원입구 부근),2016-04-18,17시경,경상,남,41세,자전거,상해없음,여,74세,보행자,경상,차대사람 - 횡단중,안전운전불이행,비,0,1
2016,서울특별시 강서구1,서울특별시 강서구 화곡동(우장공원입구 부근),2016-07-30,04시경,경상,여,58세,자전거,경상,남,23세,승용차,상해없음,차대차 - 정면충돌,안전운전불이행,맑음,0,1
2016,서울특별시 강서구2,서울특별시 강서구 화곡동(신정초교앞사거리 부근),2016-11-24,07시경,경상,남,53세,승용차,상해없음,남,70세,자전거,경상,차대차 - 측면직각충돌,안전운전불이행,맑음,0,1
2016,서울특별시 강서구2,서울특별시 강서구 화곡동(신정초교앞사거리 부근),2016-04-08,20시경,경상,여,38세,승용차,상해없음,여,55세,자전거,경상,차대차 - 측면직각충돌,안전운전불이행,맑음,0,1
2016,서울특별시 강서구2,서울특별시 강서구 화곡동(신정초교앞사거리 부근),2016-05-28,21시경,부상신고,남,25세,자전거,부상신고,남,66세,승용차,상해없음,차대차 - 정면충돌,신호위반,맑음,0,1
2016,서울특별시 강서구2,서울특별시 강서구 화곡동(신정초교앞사거리 부근),2016-08-05,14시경,부상신고,남,31세,자전거,부상신고,남,46세,승용차,상해없음,차대차 - 기타,안전운전불이행,맑음,0,1
2016,서울특별시 강서구2,서울특별시 강서구 화곡동(신정초교앞사거리 부근),2016-01-03,09시경,경상,여,76세,자전거,경상,남,49세,승용차,상해없음,차대차 - 기타,안전운전불이행,맑음,0,1
2016,서울특별시 강서구2,서울특별시 강서구 화곡동(신정초교앞사거리 부근),2016-05-04,18시경,중상,남,55세,화물차,상해없음,여,54세,자전거,중상,차대차 - 정면충돌,신호위반,맑음,0,1
2016,서울특별시 강서구3,서울특별시 강서구 화곡동(양지빌딩 부근),2016-07-09,21시경,경상,남,36세,승용차,상해없음,남,98세,자전거,경상,차대차 - 측면직각충돌,중앙선침범,맑음,0,1
2016,서울특별시 강서구3,서울특별시 강서구 화곡동(양지빌딩 부근),2016-03-11,08시경,경상,기타불명,불명,자전거,기타불명,여,14세,보행자,경상,차대사람 - 보도통행중,기타,맑음,0,1