사고년도,다발시군구,지점명,사고일시,사고시간대,사고등급,가해자성별,가해자연령,가해차종,가해자신체상해정도,피해자성별,피해자연령,피해차종,피해자신체상해정도,사고유형,가해자법규위반,기상상태,사망자수,부상자수
2016,서울특별시 동작구1,서울특별시 동작구 신대방동(대림사거리 부근),2016-05-12,14시경,부상신고,남,41세,화물차,상해없음,여,65세,자전거,부상신고,차대차 - 추돌 - 진행중,안전운전불이행,맑음,0,1
2016,서울특별시 동작구1,서울특별시 동작구 신대방동(대림사거리 부근),2016-02-26,06시경,중상,남,59세,화물차,상해없음,여,53세,자전거,중상,차대차 - 측면직각충돌,안전운전불이행,맑음,0,1
2016,서울특별시 관악구1,서울특별시 관악구 신림동(동방1교(북단) 부근),2016-06-27,23시경,중상,남,53세,승용차,상해없음,남,35세,자전거,중상,차대차 - 기타,기타,맑음,0,1
2016,서울특별시 관악구1,서울특별시 관악구 신림동(동방1교(북단) 부근),2016-10-16,21시경,경상,남,64세,승용차,상해없음,여,30세,자전거,경상,차대차 - 측면직각충돌,안전운전불이행,맑음,0,1
2016,서울특별시 관악구1,서울특별시 관악구 신림동(동방1교(북단) 부근),2016-03-13,16시경,경상,남,16세,이륜차,상해없음,여,48세,자전거,경상,차대차 - 측면직각충돌,신호위반,맑음,0,1
2016,서울특별시 관악구1,서울특별시 관악구 신림동(동방1교(북단) 부근),2016-11-09,18시경,경상,남,61세,자전거,경상,남,55세,자전거,상해없음,차대차 - 기타,안전운전불이행,맑음,0,1
2016,서울특별시 관악구2,서울특별시 관악구 신림동(신대방역 부근),2016-06-13,22시경,경상,남,54세,자전거,경상,남,30세,승용차,상해없음,차대차 - 추돌 - 진행중,신호위반,맑음,0,1
2016,서울특별시 관악구2,서울특별시 관악구 신림동(신대방역 부근),2016-03-17,09시경,경상,남,57세,자전거,상해없음,남,22세,보행자,경상,차대사람 - 횡단중,신호위반,맑음,0,1
2016,서울특별시 관악구2,서울특별시 관악구 신림동(신대방역 부근),2016-01-04,06시경,부상신고,남,80세,자전거,부상신고,남,50세,승용차,상해없음,차대차 - 측면직각충돌,신호위반,맑음,0,1
2016,서울특별시 관악구2,서울특별시 관악구 신림동(신대방역 부근),2016-06-14,09시경,경상,여,36세,자전거,경상,남,42세,승용차,상해없음,차대차 - 측면직각충돌,안전운전불이행,맑음,0,1
2016,서울특별시 서초구1,서울특별시 서초구 잠원동(올림픽대로-반포로램프(1) 부근),2016-04-01,14시경,중상,여,22세,승용차,상해없음,남,71세,자전거,중상,차대차 - 추돌 - 진행중,신호위반,맑음,0,1
2016,서울특별시 서초구1,서울특별시 서초구 잠원동(올림픽대로-반포로램프(1) 부근),2016-07-19,21시경,중상,남,49세,원동기장치자전거,상해없음,남,39세,자전거,중상,차대차 - 기타,안전운전불이행,맑음,0,1
2016,서울특별시 서초구1,서울특별시 서초구 잠원동(올림픽대로-반포로램프(1) 부근),2016-04-25,22시경,경상,남,32세,자전거,경상,남,33세,자전거,경상,차대차 - 추돌 - 진행중,안전운전불이행,맑음,0,2
2016,서울특별시 서초구1,서울특별시 서초구 잠원동(올림픽대로-반포로램프(1) 부근),2016-07-29,19시경,부상신고,남,64세,자전거,부상신고,남,31세,승용차,상해없음,차대차 - 측면직각충돌,차로위반,맑음,0,1
2016,서울특별시 서초구1,서울특별시 서초구 잠원동(올림픽대로-반포로램프(1) 부근),2016-11-21,14시경,부상신고,남,74세,자전거,부상신고,남,37세,승용차,상해없음,차대차 - 기타,신호위반,맑음,0,1
2016,서울특별시 강남구1,서울특별시 강남구 개포동(개포고교 부근),2016-03-23,19시경,중상,남,26세,승용차,상해없음,남,50세,자전거,중상,차대차 - 기타,안전운전불이행,맑음,0,1
2016,서울특별시 강남구1,서울특별시 강남구 개포동(개포고교 부근),2016-09-11,13시경,부상신고,여,33세,승용차,상해없음,남,11세,자전거,부상신고,차대차 - 측면직각충돌,신호위반,맑음,0,1
2016,서울특별시 강남구1,서울특별시 강남구 개포동(개포고교 부근),2016-12-12,17시경,경상,남,65세,자전거,기타불명,여,79세,보행자,경상,차대사람 - 횡단중,신호위반,맑음,0,1
2016,서울특별시 강남구1,서울특별시 강남구 개포동(개포고교 부근),2016-04-01,13시경,부상신고,남,78세,자전거,부상신고,남,38세,화물차,상해없음,차대차 - 기타,중앙선침범,맑음,0,1
2016,서울특별시 송파구3,서울특별시 송파구 잠실동(올림픽대로-일반국도3호선램프(1 부근),2016-04-12,07시경,중상,여,48세,승용차,상해없음,여,54세,자전거,중상,차대차 - 측면직각충돌,안전운전불이행,맑음,0,1
2016,서울특별시 송파구3,서울특별시 송파구 잠실동(올림픽대로-일반국도3호선램프(1 부근),2016-04-05,21시경,경상,남,24세,자전거,경상,남,25세,자전거,경상,차대차 - 측면직각충돌,안전운전불이행,맑음,0,2
2016,서울특별시 송파구3,서울특별시 송파구 잠실동(올림픽대로-일반국도3호선램프(1 부근),2016-03-19,18시경,부상신고,남,43세,자전거,부상신고,남,28세,보행자,상해없음,차대사람 - 횡단중,안전운전불이행,맑음,0,1
2016,서울특별시 송파구3,서울특별시 송파구 잠실동(올림픽대로-일반국도3호선램프(1 부근),2016-08-01,20시경,경상,남,56세,자전거,부상신고,남,36세,자전거,경상,차대차 - 측면직각충돌,안전운전불이행,맑음,0,2
2016,서울특별시 송파구3,서울특별시 송파구 잠실동(올림픽대로-일반국도3호선램프(1 부근),2016-05-31,19시경,부상신고,남,56세,자전거,상해없음,여,35세,자전거,부상신고,차대차 - 측면직각충돌,안전운전불이행,맑음,0,1
2016,서울특별시 송파구3,서울특별시 송파구 잠실동(올림픽대로-일반국도3호선램프(1 부근),2016-09-08,07시경,부상신고,남,59세,자전거,부상신고,남,15세,자전거,부상신고,차대차 - 정면충돌,안전거리미확보,맑음,0,2
2016,서울특별시 송파구3,서울특별시 송파구 잠실동(올림픽대로-일반국도3호선램프(1 부근),2016-02-25,14시경,중상,남,64세,자전거,중상,남,63세,승용차,상해없음,차대차 - 측면직각충돌,중앙선침범,흐림,0,1
2016,서울특별시 송파구3,서울특별시 송파구 잠실동(올림픽대로-일반국도3호선램프(1 부근),2016-06-11,10시경,중상,여,36세,자전거,중상,여,39세,자전거,중상,차대차 - 정면충돌,안전운전불이행,기타,0,2
2016,서울특별시 송파구4,서울특별시 송파구 잠실동(갤러리아팰리스 부근),2016-12-21,16시경,중상,기타불명,불명,승용차,기타불명,남,47세,자전거,중상,차대차 - 기타,안전운전불이행,비,0,1
2016,서울특별시 송파구4,서울특별시 송파구 잠실동(갤러리아팰리스 부근),2016-04-01,21시경,경상,남,64세,승용차,상해없음,남,30세,자전거,경상,차대차 - 정면충돌,안전운전불이행,맑음,0,1
2016,서울특별시 송파구4,서울특별시 송파구 잠실동(갤러리아팰리스 부근),2016-05-25,16시경,중상,남,65세,승용차,상해없음,여,26세,자전거,중상,차대차 - 측면직각충돌,안전운전불이행,맑음,0,1
2016,서울특별시 송파구4,서울특별시 송파구 잠실동(갤러리아팰리스 부근),2016-07-27,08시경,중상,남,79세,승용차,상해없음,여,63세,자전거,중상,차대차 - 측면직각충돌,안전운전불이행,맑음,0,1
2016,서울특별시 송파구4,서울특별시 송파구 잠실동(갤러리아팰리스 부근),2016-12-20,10시경,경상,여,55세,승용차,상해없음,여,28세,자전거,경상,차대차 - 측면직각충돌,신호위반,맑음,0,1
2016,서울특별시 송파구4,서울특별시 송파구 잠실동(갤러리아팰리스 부근),2016-09-26,20시경,부상신고,여,47세,자전거,부상신고,남,29세,승용차,상해없음,차대차 - 정면충돌,안전운전불이행,맑음,0,1
2016,서울특별시 송파구4,서울특별시 송파구 잠실동(갤러리아팰리스 부근),2016-10-07,13시경,부상신고,여,57세,자전거,부상신고,여,52세,승용차,상해없음,차대차 - 측면직각충돌,신호위반,맑음,0,1
2016,서울특별시 송파구4,서울특별시 송파구 잠실동(갤러리아팰리스 부근),2016-04-17,13시경,부상신고,여,63세,자전거,부상신고,남,68세,승용차,상해없음,차대차 - 측면직각충돌,불법유턴,맑음,0,1
2016,서울특별시 송파구5,서울특별시 송파구 잠실동(올림픽대로-백제고분로램프(3) 부근),2016-04-10,15시경,경상,남,12세,자전거,상해없음,남,52세,보행자,경상,차대사람 - 길가장자리구역통행중,안전운전불이행,맑음,0,1
2016,서울특별시 송파구5,서울특별시 송파구 잠실동(올림픽대로-백제고분로램프(3) 부근),2016-03-12,18시경,중상,남,13세,자전거,부상신고,여,35세,자전거,중상,차대차 - 측면직각충돌,안전거리미확보,맑음,0,2
2016,서울특별시 송파구5,서울특별시 송파구 잠실동(올림픽대로-백제고분로램프(3) 부근),2016-09-25,17시경,중상,남,18세,자전거,상해없음,여,39세,자전거,중상,차대차 - 측면직각충돌,안전운전불이행,맑음,0,1
2016,서울특별시 송파구5,서울특별시 송파구 잠실동(올림픽대로-백제고분로램프(3) 부근),2016-09-17,16시경,경상,남,32세,자전거,부상신고,여,15세,자전거,경상,차대차 - 정면충돌,안전운전불이행,맑음,0,2
2016,서울특별시 송파구5,서울특별시 송파구 잠실동(올림픽대로-백제고분로램프(3) 부근),2016-05-04,16시경,경상,남,34세,자전거,상해없음,남,45세,보행자,경상,차대사람 - 횡단중,안전운전불이행,맑음,0,1
2016,서울특별시 송파구5,서울특별시 송파구 잠실동(올림픽대로-백제고분로램프(3) 부근),2016-10-05,13시경,중상,남,65세,자전거,상해없음,남,66세,자전거,중상,차대차 - 측면직각충돌,안전운전불이행,맑음,0,1
2016,서울특별시 송파구7,서울특별시 송파구 잠실동(트리지움 상가 부근),2016-10-21,13시경,경상,여,52세,승용차,상해없음,여,47세,자전거,경상,차대차 - 측면직각충돌,안전운전불이행,맑음,0,1
2016,서울특별시 송파구7,서울특별시 송파구 잠실동(트리지움 상가 부근),2016-11-17,16시경,경상,남,12세,자전거,상해없음,여,35세,보행자,경상,차대사람 - 기타,보행자보호의무위반,맑음,0,2
2016,서울특별시 송파구7,서울특별시 송파구 잠실동(트리지움 상가 부근),2016-11-30,20시경,부상신고,남,17세,자전거,부상신고,여,63세,승용차,상해없음,차대차 - 측면직각충돌,안전운전불이행,맑음,0,1
2016,서울특별시 송파구7,서울특별시 송파구 잠실동(트리지움 상가 부근),2016-02-23,08시경,중상,남,27세,자전거,중상,남,61세,화물차,상해없음,차대차 - 측면직각충돌,불법유턴,맑음,0,1
2016,서울특별시 송파구7,서울특별시 송파구 잠실동(트리지움 상가 부근),2016-05-21,15시경,중상,남,72세,자전거,중상,남,46세,이륜차,상해없음,차대차 - 기타,신호위반,맑음,0,1
2016,서울특별시 송파구7,서울특별시 송파구 잠실동(트리지움 상가 부근),2016-10-20,18시경,경상,여,51세,자전거,경상,없음,불명,없음,없음,차량단독 - 전도전복,안전운전불이행,맑음,0,1
2016,서울특별시 송파구10,서울특별시 송파구 잠실동(우남빌딩 부근),2016-07-12,08시경,부상신고,남,41세,승용차,상해없음,남,14세,자전거,부상신고,차대차 - 측면직각충돌,신호위반,비,0,1
2016,서울특별시 송파구10,서울특별시 송파구 잠실동(우남빌딩 부근),2016-06-18,21시경,경상,남,45세,승용차,상해없음,남,40세,자전거,경상,차대차 - 측면직각충돌,안전운전불이행,맑음,0,1
2016,서울특별시 송파구10,서울특별시 송파구 잠실동(우남빌딩 부근),2016-03-10,23시경,중상,여,34세,승용차,상해없음,여,22세,자전거,중상,차대차 - 측면직각충돌,신호위반,맑음,0,1
2016,서울특별시 송파구10,서울특별시 송파구 잠실동(우남빌딩 부근),2016-05-03,12시경,부상신고,남,51세,자전거,부상신고,여,61세,승용차,상해없음,차대차 - 측면직각충돌,안전운전불이행,비,0,1
2016,서울특별시 송파구10,서울특별시 송파구 잠실동(우남빌딩 부근),2016-06-06,05시경,중상,남,58세,자전거,중상,남,53세,승용차,상해없음,차대차 - 측면직각충돌,안전운전불이행,맑음,0,1
2016,서울특별시 송파구10,서울특별시 송파구 잠실동(우남빌딩 부근),2016-12-07,17시경,경상,여,43세,자전거,경상,여,49세,승용차,상해없음,차대차 - 측면직각충돌,안전운전불이행,맑음,0,1
2016,서울특별시 송파구15,서울특별시 송파구 잠실동(잠실사거리 부근),2016-01-02,16시경,경상,여,51세,승합차,상해없음,남,32세,자전거,경상,차대차 - 추돌 - 진행중,안전운전불이행,흐림,0,1
2016,서울특별시 송파구15,서울특별시 송파구 잠실동(잠실사거리 부근),2016-09-03,17시경,중상,남,38세,이륜차,상해없음,여,38세,자전거,중상,차대차 - 측면직각충돌,안전운전불이행,맑음,0,1
2016,서울특별시 송파구15,서울특별시 송파구 잠실동(잠실사거리 부근),2016-11-22,23시경,경상,남,46세,자전거,경상,남,57세,승용차,상해없음,차대차 - 기타,불법유턴,맑음,0,1
2016,서울특별시 송파구15,서울특별시 송파구 잠실동(잠실사거리 부근),2016-10-14,08시경,부상신고,여,16세,자전거,부상신고,남,40세,승용차,상해없음,차대차 - 측면직각충돌,불법유턴,맑음,0,1
2016,서울특별시 송파구15,서울특별시 송파구 잠실동(잠실사거리 부근),2016-03-04,06시경,중상,여,70세,자전거,중상,남,61세,승용차,상해없음,차대차 - 측면직각충돌,안전운전불이행,맑음,0,1
2016,서울특별시 송파구8,서울특별시 송파구 풍납동(세제빌딩 부근),2016-09-20,07시경,중상,남,61세,승용차,상해없음,남,15세,자전거,중상,차대차 - 측면직각충돌,안전운전불이행,맑음,0,1
2016,서울특별시 송파구8,서울특별시 송파구 풍납동(세제빌딩 부근),2016-08-22,16시경,중상,남,24세,이륜차,상해없음,남,16세,자전거,중상,차대차 - 측면직각충돌,안전운전불이행,맑음,0,1
2016,서울특별시 송파구8,서울특별시 송파구 풍납동(세제빌딩 부근),2016-10-13,16시경,경상,남,13세,자전거,부상신고,남,24세,보행자,경상,차대사람 - 보도통행중,안전운전불이행,맑음,0,2
2016,서울특별시 송파구8,서울특별시 송파구 풍납동(세제빌딩 부근),2016-10-21,21시경,경상,남,17세,자전거,경상,남,53세,승용차,상해없음,차대차 - 측면직각충돌,안전운전불이행,맑음,0,1
2016,서울특별시 송파구8,서울특별시 송파구 풍납동(세제빌딩 부근),2016-11-30,15시경,부상신고,남,17세,자전거,부상신고,남,52세,화물차,상해없음,차대차 - 측면직각충돌,안전운전불이행,맑음,0,1
2016,서울특별시 송파구8,서울특별시 송파구 풍납동(세제빌딩 부근),2016-11-11,16시경,경상,남,85세,자전거,경상,없음,불명,없음,없음,차량단독 - 전도전복,안전운전불이행,맑음,0,1
2016,서울특별시 송파구9,서울특별시 송파구 석촌동(송파사거리 부근),2016-06-16,21시경,부상신고,남,57세,승용차,상해없음,여,53세,자전거,부상신고,차대차 - 측면직각충돌,안전운전불이행,맑음,0,1
2016,서울특별시 송파구9,서울특별시 송파구 석촌동(송파사거리 부근),2016-11-10,15시경,중상,남,70세,승용차,상해없음,여,64세,자전거,중상,차대차 - 측면직각충돌,신호위반,비,0,1
2016,서울특별시 송파구9,서울특별시 송파구 석촌동(송파사거리 부근),2016-09-12,16시경,경상,남,75세,승용차,상해없음,남,15세,자전거,경상,차대차 - 측면직각충돌,안전운전불이행,맑음,0,1
2016,서울특별시 송파구9,서울특별시 송파구 석촌동(송파사거리 부근),2016-12-10,14시경,경상,기타불명,불명,자전거,기타불명,여,34세,보행자,경상,차대사람 - 길가장자리구역통행중,안전운전불이행,맑음,0,1
2016,서울특별시 송파구9,서울특별시 송파구 석촌동(송파사거리 부근),2016-09-23,10시경,부상신고,남,19세,자전거,부상신고,남,35세,승용차,상해없음,차대차 - 측면직각충돌,안전운전불이행,맑음,0,1
2016,서울특별시 송파구9,서울특별시 송파구 석촌동(송파사거리 부근),2016-05-07,21시경,중상,남,64세,자전거,중상,남,53세,화물차,상해없음,차대차 - 측면직각충돌,안전운전불이행,맑음,0,1
2016,서울특별시 송파구14,서울특별시 송파구 삼전동(잠실3동파출소앞_삼전로_진입_2 부근),2016-06-10,22시경,경상,남,47세,승용차,상해없음,여,18세,자전거,경상,차대차 - 정면충돌,안전운전불이행,맑음,0,1
2016,서울특별시 송파구14,서울특별시 송파구 삼전동(잠실3동파출소앞_삼전로_진입_2 부근),2016-07-24,16시경,경상,남,52세,승용차,상해없음,남,10세,자전거,경상,차대차 - 측면직각충돌,신호위반,맑음,0,1
2016,서울특별시 송파구14,서울특별시 송파구 삼전동(잠실3동파출소앞_삼전로_진입_2 부근),2016-04-20,23시경,중상,남,55세,승용차,상해없음,남,22세,자전거,중상,차대차 - 측면직각충돌,직진우회전진행방해,비,0,1
2016,서울특별시 송파구14,서울특별시 송파구 삼전동(잠실3동파출소앞_삼전로_진입_2 부근),2016-03-15,17시경,경상,남,70세,승용차,상해없음,남,8세,자전거,경상,차대차 - 정면충돌,안전운전불이행,맑음,0,1
2016,서울특별시 송파구14,서울특별시 송파구 삼전동(잠실3동파출소앞_삼전로_진입_2 부근),2016-09-18,10시경,중상,여,64세,자전거,중상,남,31세,이륜차,부상신고,차대차 - 측면직각충돌,안전운전불이행,맑음,0,2
2016,서울특별시 송파구19,서울특별시 송파구 삼전동(석촌호수(서호) 부근),2016-01-25,18시경,경상,기타불명,불명,승용차,기타불명,남,49세,자전거,경상,차대차 - 기타,직진우회전진행방해,맑음,0,1
2016,서울특별시 송파구19,서울특별시 송파구 삼전동(석촌호수(서호) 부근),2016-12-08,05시경,중상,남,46세,승용차,상해없음,남,50세,자전거,중상,차대차 - 정면충돌,신호위반,맑음,0,1
2016,서울특별시 송파구19,서울특별시 송파구 삼전동(석촌호수(서호) 부근),2016-11-16,10시경,부상신고,남,64세,승용차,상해없음,남,16세,자전거,부상신고,차대차 - 측면직각충돌,안전운전불이행,맑음,0,1
2016,서울특별시 송파구19,서울특별시 송파구 삼전동(석촌호수(서호) 부근),2016-09-22,13시경,경상,남,77세,승용차,상해없음,여,47세,자전거,경상,차대차 - 측면직각충돌,신호위반,맑음,0,1
2016,서울특별시 송파구19,서울특별시 송파구 삼전동(석촌호수(서호) 부근),2016-03-30,16시경,경상,여,55세,자전거,경상,남,46세,승용차,상해없음,차대차 - 측면직각충돌,중앙선침범,맑음,0,1
2016,서울특별시 송파구1,서울특별시 송파구 가락동(중앙전파관리소 부근),2016-11-02,15시경,경상,기타불명,불명,불명,기타불명,여,56세,자전거,경상,차대차 - 측면직각충돌,안전운전불이행,맑음,0,1
2016,서울특별시 송파구1,서울특별시 송파구 가락동(중앙전파관리소 부근),2016-03-27,06시경,경상,남,30세,승용차,상해없음,여,67세,자전거,경상,차대차 - 측면직각충돌,직진우회전진행방해,맑음,0,1
2016,서울특별시 송파구1,서울특별시 송파구 가락동(중앙전파관리소 부근),2016-12-20,13시경,중상,남,60세,승용차,상해없음,남,53세,자전거,중상,차대차 - 측면직각충돌,안전운전불이행,맑음,0,1
2016,서울특별시 송파구1,서울특별시 송파구 가락동(중앙전파관리소 부근),2016-02-01,16시경,경상,여,34세,승용차,상해없음,여,45세,자전거,경상,차대차 - 측면직각충돌,안전운전불이행,맑음,0,1
2016,서울특별시 송파구1,서울특별시 송파구 가락동(중앙전파관리소 부근),2016-02-13,01시경,경상,여,47세,승용차,상해없음,남,34세,자전거,경상,차대차 - 측면직각충돌,안전운전불이행,맑음,0,1
2016,서울특별시 송파구1,서울특별시 송파구 가락동(중앙전파관리소 부근),2016-05-11,22시경,경상,여,54세,승용차,상해없음,남,28세,자전거,경상,차대차 - 측면직각충돌,기타,맑음,0,1
2016,서울특별시 송파구1,서울특별시 송파구 가락동(중앙전파관리소 부근),2016-05-21,11시경,중상,남,26세,이륜차,중상,남,70세,자전거,중상,차대차 - 정면충돌,신호위반,맑음,0,2
2016,서울특별시 송파구1,서울특별시 송파구 가락동(중앙전파관리소 부근),2016-07-19,20시경,부상신고,남,72세,자전거,부상신고,남,42세,승용차,상해없음,차대차 - 측면직각충돌,신호위반,맑음,0,1
2016,서울특별시 송파구1,서울특별시 송파구 가락동(중앙전파관리소 부근),2016-09-10,22시경,부상신고,남,74세,자전거,부상신고,없음,불명,없음,없음,차량단독 - 기타,안전운전불이행,기타,0,1
2016,서울특별시 송파구1,서울특별시 송파구 가락동(중앙전파관리소 부근),2016-06-08,14시경,부상신고,남,74세,자전거,부상신고,남,57세,승합차,상해없음,차대차 - 정면충돌,중앙선침범,맑음,0,1
2016,서울특별시 송파구1,서울특별시 송파구 가락동(중앙전파관리소 부근),2016-09-13,06시경,중상,남,46세,화물차,상해없음,남,45세,자전거,중상,차대차 - 측면직각충돌,신호위반,맑음,0,1
2016,서울특별시 송파구6,서울특별시 송파구 가락동(가락시장 부근),2016-07-28,06시경,중상,남,54세,승용차,상해없음,남,72세,자전거,중상,차대차 - 측면직각충돌,안전운전불이행,맑음,0,1
2016,서울특별시 송파구6,서울특별시 송파구 가락동(가락시장 부근),2016-06-10,14시경,중상,남,48세,승합차,상해없음,남,82세,자전거,중상,차대차 - 정면충돌,안전운전불이행,맑음,0,1
2016,서울특별시 송파구6,서울특별시 송파구 가락동(가락시장 부근),2016-09-09,07시경,중상,남,74세,자전거,중상,남,35세,승합차,상해없음,차대차 - 측면직각충돌,신호위반,맑음,0,1
2016,서울특별시 송파구6,서울특별시 송파구 가락동(가락시장 부근),2016-11-26,05시경,경상,여,66세,자전거,경상,남,53세,승용차,상해없음,차대차 - 측면직각충돌,안전운전불이행,맑음,0,1
2016,서울특별시 송파구6,서울특별시 송파구 가락동(가락시장 부근),2016-03-25,07시경,경상,남,53세,화물차,상해없음,여,51세,자전거,경상,차대차 - 정면충돌,안전운전불이행,맑음,0,1
2016,서울특별시 송파구6,서울특별시 송파구 가락동(가락시장 부근),2016-05-19,09시경,경상,남,61세,화물차,기타불명,여,27세,자전거,경상,차대차 - 측면직각충돌,안전운전불이행,맑음,0,1
2016,서울특별시 송파구17,서울특별시 송파구 가락동(경찰병원 부근),2016-08-09,15시경,경상,기타불명,불명,불명,기타불명,남,17세,자전거,경상,차대차 - 측면직각충돌,안전운전불이행,흐림,0,1
2016,서울특별시 송파구17,서울특별시 송파구 가락동(경찰병원 부근),2016-06-15,13시경,경상,남,54세,승용차,상해없음,남,63세,자전거,경상,차대차 - 정면충돌,신호위반,맑음,0,1
2016,서울특별시 송파구17,서울특별시 송파구 가락동(경찰병원 부근),2016-05-19,13시경,중상,여,42세,승용차,상해없음,여,54세,자전거,중상,차대차 - 추돌 - 진행중,안전운전불이행,맑음,0,1
2016,서울특별시 송파구17,서울특별시 송파구 가락동(경찰병원 부근),2016-09-23,22시경,중상,남,54세,승합차,상해없음,여,57세,자전거,중상,차대차 - 측면직각충돌,신호위반,맑음,0,1
2016,서울특별시 송파구17,서울특별시 송파구 가락동(경찰병원 부근),2016-06-20,23시경,부상신고,남,56세,자전거,부상신고,남,38세,승용차,상해없음,차대차 - 측면직각충돌,신호위반,맑음,0,1
2016,서울특별시 송파구18,서울특별시 송파구 가락동(가락대림아파트 부근),2016-09-15,16시경,경상,남,44세,승용차,상해없음,남,15세,자전거,경상,차대차 - 측면직각충돌,안전운전불이행,맑음,0,1
2016,서울특별시 송파구18,서울특별시 송파구 가락동(가락대림아파트 부근),2016-11-12,18시경,중상,남,52세,승용차,상해없음,남,12세,자전거,중상,차대차 - 정면충돌,안전운전불이행,맑음,0,1
2016,서울특별시 송파구18,서울특별시 송파구 가락동(가락대림아파트 부근),2016-05-08,07시경,부상신고,남,71세,승용차,상해없음,남,23세,자전거,부상신고,차대차 - 정면충돌,신호위반,맑음,0,1
2016,서울특별시 송파구18,서울특별시 송파구 가락동(가락대림아파트 부근),2016-09-08,15시경,부상신고,여,56세,자전거,부상신고,남,69세,승용차,상해없음,차대차 - 측면직각충돌,안전운전불이행,맑음,0,1
2016,서울특별시 송파구18,서울특별시 송파구 가락동(가락대림아파트 부근),2016-06-17,12시경,중상,남,30세,화물차,상해없음,여,55세,자전거,중상,차대차 - 측면직각충돌,직진우회전진행방해,맑음,0,1
2016,서울특별시 송파구21,서울특별시 송파구 가락동(송파우체국 부근),2016-10-29,09시경,경상,남,75세,승용차,상해없음,남,27세,자전거,경상,차대차 - 정면충돌,안전운전불이행,맑음,0,1
2016,서울특별시 송파구21,서울특별시 송파구 가락동(송파우체국 부근),2016-06-04,19시경,부상신고,남,15세,자전거,부상신고,남,53세,승용차,상해없음,차대차 - 측면직각충돌,안전운전불이행,맑음,0,1
2016,서울특별시 송파구21,서울특별시 송파구 가락동(송파우체국 부근),2016-06-26,16시경,중상,여,29세,자전거,중상,여,55세,승용차,상해없음,차대차 - 측면직각충돌,불법유턴,맑음,0,1
2016,서울특별시 송파구21,서울특별시 송파구 가락동(송파우체국 부근),2016-11-11,08시경,중상,여,51세,자전거,중상,남,40세,승용차,상해없음,차대차 - 정면충돌,안전운전불이행,맑음,0,1
2016,서울특별시 송파구25,서울특별시 송파구 가락동(가락동한신아파트 부근),2016-11-17,01시경,경상,남,51세,승용차,상해없음,남,44세,자전거,경상,차대차 - 측면직각충돌,안전운전불이행,맑음,0,1
2016,서울특별시 송파구25,서울특별시 송파구 가락동(가락동한신아파트 부근),2016-12-24,07시경,경상,남,57세,승용차,상해없음,여,20세,자전거,경상,차대차 - 기타,안전운전불이행,맑음,0,1
2016,서울특별시 송파구25,서울특별시 송파구 가락동(가락동한신아파트 부근),2016-05-20,22시경,부상신고,남,18세,자전거,부상신고,남,32세,승용차,상해없음,차대차 - 측면직각충돌,신호위반,맑음,0,1
2016,서울특별시 송파구25,서울특별시 송파구 가락동(가락동한신아파트 부근),2016-08-05,09시경,경상,남,39세,자전거,부상신고,남,16세,보행자,경상,차대사람 - 횡단중,보행자보호의무위반,맑음,0,2
2016,서울특별시 송파구16,서울특별시 송파구 문정동(탄천길사거리 부근),2016-08-05,09시경,부상신고,남,22세,승용차,상해없음,남,61세,자전거,부상신고,차대차 - 정면충돌,안전운전불이행,맑음,0,1
2016,서울특별시 송파구16,서울특별시 송파구 문정동(탄천길사거리 부근),2016-12-13,18시경,경상,여,35세,승용차,상해없음,남,67세,자전거,경상,차대차 - 측면직각충돌,신호위반,맑음,0,1
2016,서울특별시 송파구16,서울특별시 송파구 문정동(탄천길사거리 부근),2016-08-28,20시경,경상,남,14세,자전거,상해없음,남,61세,자전거,경상,차대차 - 정면충돌,안전운전불이행,맑음,0,1
2016,서울특별시 송파구16,서울특별시 송파구 문정동(탄천길사거리 부근),2016-07-23,10시경,중상,남,52세,자전거,상해없음,남,55세,자전거,중상,차대차 - 추돌 - 진행중,안전운전불이행,맑음,0,1
2016,서울특별시 송파구16,서울특별시 송파구 문정동(탄천길사거리 부근),2016-04-19,12시경,중상,여,55세,자전거,중상,여,42세,승용차,상해없음,차대차 - 추돌 - 진행중,불법유턴,맑음,0,1
2016,서울특별시 송파구22,서울특별시 송파구 문정동(장지교회 부근),2016-08-04,17시경,경상,남,27세,이륜차,상해없음,남,11세,자전거,경상,차대차 - 측면직각충돌,안전운전불이행,맑음,0,1
2016,서울특별시 송파구22,서울특별시 송파구 문정동(장지교회 부근),2016-07-19,13시경,경상,남,15세,자전거,기타불명,여,83세,보행자,경상,차대사람 - 보도통행중,기타,맑음,0,1
2016,서울특별시 송파구22,서울특별시 송파구 문정동(장지교회 부근),2016-06-14,23시경,중상,남,19세,자전거,경상,여,61세,보행자,중상,차대사람 - 기타,안전운전불이행,맑음,0,2
2016,서울특별시 송파구22,서울특별시 송파구 문정동(장지교회 부근),2016-10-09,11시경,경상,남,59세,자전거,상해없음,남,61세,보행자,경상,차대사람 - 횡단중,안전운전불이행,맑음,0,1
2016,서울특별시 송파구2,서울특별시 송파구 방이동(둔촌사거리 부근),2016-04-21,16시경,중상,기타불명,불명,승용차,기타불명,남,14세,자전거,중상,차대차 - 기타,신호위반,맑음,0,1
2016,서울특별시 송파구2,서울특별시 송파구 방이동(둔촌사거리 부근),2016-09-29,16시경,경상,남,26세,승용차,상해없음,남,17세,자전거,경상,차대차 - 측면직각충돌,안전운전불이행,맑음,0,1
2016,서울특별시 송파구2,서울특별시 송파구 방이동(둔촌사거리 부근),2016-06-13,16시경,중상,남,31세,승용차,상해없음,남,11세,자전거,중상,차대차 - 측면직각충돌,안전운전불이행,맑음,0,1