사고년도,다발시군구,지점명,사고일시,사고시간대,사고등급,가해자성별,가해자연령,가해차종,가해자신체상해정도,피해자성별,피해자연령,피해차종,피해자신체상해정도,사고유형,가해자법규위반,기상상태,사망자수,부상자수
2016,서울특별시 송파구2,서울특별시 송파구 방이동(둔촌사거리 부근),2016-02-19,10시경,중상,남,57세,승용차,상해없음,남,20세,자전거,중상,차대차 - 기타,신호위반,맑음,0,1
2016,서울특별시 송파구2,서울특별시 송파구 방이동(둔촌사거리 부근),2016-10-28,06시경,중상,남,68세,승용차,상해없음,남,60세,자전거,중상,차대차 - 측면직각충돌,안전운전불이행,맑음,0,1
2016,서울특별시 송파구2,서울특별시 송파구 방이동(둔촌사거리 부근),2016-06-07,09시경,경상,남,62세,승합차,상해없음,여,15세,자전거,경상,차대차 - 측면직각충돌,안전운전불이행,맑음,0,1
2016,서울특별시 송파구2,서울특별시 송파구 방이동(둔촌사거리 부근),2016-12-12,21시경,부상신고,남,16세,자전거,부상신고,남,39세,이륜차,상해없음,차대차 - 측면직각충돌,안전운전불이행,맑음,0,1
2016,서울특별시 송파구2,서울특별시 송파구 방이동(둔촌사거리 부근),2016-10-14,12시경,경상,남,25세,자전거,경상,남,57세,자전거,상해없음,차대차 - 기타,안전운전불이행,맑음,0,1
2016,서울특별시 송파구2,서울특별시 송파구 방이동(둔촌사거리 부근),2016-08-18,06시경,중상,남,54세,자전거,중상,남,28세,승합차,상해없음,차대차 - 기타,안전운전불이행,맑음,0,1
2016,서울특별시 송파구2,서울특별시 송파구 방이동(둔촌사거리 부근),2016-11-07,08시경,부상신고,여,53세,자전거,부상신고,남,65세,승용차,상해없음,차대차 - 추돌 - 진행중,불법유턴,맑음,0,1
2016,서울특별시 송파구23,서울특별시 송파구 방이동(올림픽공원 부근),2016-07-26,19시경,경상,여,45세,승용차,상해없음,남,12세,자전거,경상,차대차 - 측면직각충돌,안전운전불이행,맑음,0,1
2016,서울특별시 송파구23,서울특별시 송파구 방이동(올림픽공원 부근),2016-06-04,22시경,경상,여,54세,승합차,상해없음,여,16세,자전거,경상,차대차 - 측면직각충돌,안전운전불이행,맑음,0,1
2016,서울특별시 송파구23,서울특별시 송파구 방이동(올림픽공원 부근),2016-09-03,14시경,경상,남,15세,자전거,경상,남,51세,승합차,상해없음,차대차 - 측면직각충돌,안전운전불이행,맑음,0,1
2016,서울특별시 송파구23,서울특별시 송파구 방이동(올림픽공원 부근),2016-08-19,13시경,중상,남,9세,자전거,중상,남,55세,화물차,상해없음,차대차 - 측면직각충돌,안전운전불이행,맑음,0,1
2016,서울특별시 송파구24,서울특별시 송파구 방이동(잠사중앙길-올림픽로_진입 부근),2016-05-24,17시경,경상,여,54세,승용차,상해없음,남,13세,자전거,경상,차대차 - 측면직각충돌,신호위반,맑음,0,1
2016,서울특별시 송파구24,서울특별시 송파구 방이동(잠사중앙길-올림픽로_진입 부근),2016-02-25,14시경,경상,남,20세,자전거,경상,남,31세,보행자,경상,차대사람 - 기타,안전운전불이행,맑음,0,2
2016,서울특별시 송파구24,서울특별시 송파구 방이동(잠사중앙길-올림픽로_진입 부근),2016-04-24,22시경,경상,여,19세,자전거,상해없음,여,60세,보행자,경상,차대사람 - 보도통행중,기타,맑음,0,1
2016,서울특별시 송파구24,서울특별시 송파구 방이동(잠사중앙길-올림픽로_진입 부근),2016-11-28,09시경,경상,여,62세,자전거,상해없음,여,30세,보행자,경상,차대사람 - 기타,안전운전불이행,맑음,0,1
2016,서울특별시 송파구11,서울특별시 송파구 오금동(올림픽선수촌아파트_위례성길_진 부근),2016-09-29,18시경,경상,남,31세,승용차,상해없음,여,12세,자전거,경상,차대차 - 측면직각충돌,안전운전불이행,맑음,0,1
2016,서울특별시 송파구11,서울특별시 송파구 오금동(올림픽선수촌아파트_위례성길_진 부근),2016-01-20,08시경,경상,남,36세,승용차,상해없음,남,31세,자전거,경상,차대차 - 측면직각충돌,안전운전불이행,맑음,0,1
2016,서울특별시 송파구11,서울특별시 송파구 오금동(올림픽선수촌아파트_위례성길_진 부근),2016-11-08,18시경,경상,남,58세,승용차,상해없음,남,27세,자전거,경상,차대차 - 측면직각충돌,안전운전불이행,맑음,0,1
2016,서울특별시 송파구11,서울특별시 송파구 오금동(올림픽선수촌아파트_위례성길_진 부근),2016-09-11,10시경,중상,남,65세,승용차,상해없음,남,74세,자전거,중상,차대차 - 측면직각충돌,안전운전불이행,맑음,0,1
2016,서울특별시 송파구11,서울특별시 송파구 오금동(올림픽선수촌아파트_위례성길_진 부근),2016-10-09,11시경,경상,기타불명,불명,자전거,기타불명,남,10세,보행자,경상,차대사람 - 보도통행중,안전운전불이행,맑음,0,1
2016,서울특별시 송파구11,서울특별시 송파구 오금동(올림픽선수촌아파트_위례성길_진 부근),2016-06-11,12시경,경상,남,41세,화물차,상해없음,여,33세,자전거,경상,차대차 - 정면충돌,안전운전불이행,맑음,0,1
2016,서울특별시 송파구12,서울특별시 송파구 오금동(방이역 부근),2016-03-04,07시경,경상,남,60세,승용차,상해없음,남,44세,자전거,경상,차대차 - 추돌 - 진행중,신호위반,맑음,0,1
2016,서울특별시 송파구12,서울특별시 송파구 오금동(방이역 부근),2016-03-20,18시경,부상신고,남,14세,자전거,부상신고,남,45세,승합차,상해없음,차대차 - 측면직각충돌,불법유턴,맑음,0,1
2016,서울특별시 송파구12,서울특별시 송파구 오금동(방이역 부근),2016-07-29,23시경,경상,남,24세,자전거,경상,남,55세,승용차,경상,차대차 - 정면충돌,안전운전불이행,맑음,0,2
2016,서울특별시 송파구12,서울특별시 송파구 오금동(방이역 부근),2016-04-30,02시경,부상신고,남,68세,자전거,부상신고,남,46세,승용차,상해없음,차대차 - 측면직각충돌,신호위반,맑음,0,1
2016,서울특별시 송파구12,서울특별시 송파구 오금동(방이역 부근),2016-07-15,17시경,부상신고,여,22세,자전거,부상신고,여,98세,보행자,상해없음,차대사람 - 보도통행중,기타,맑음,0,1
2016,서울특별시 송파구12,서울특별시 송파구 오금동(방이역 부근),2016-02-23,13시경,중상,여,62세,자전거,중상,남,45세,승용차,상해없음,차대차 - 측면직각충돌,안전운전불이행,맑음,0,1
2016,서울특별시 송파구20,서울특별시 송파구 오금동(오금근린공원 부근),2016-06-02,22시경,부상신고,기타불명,불명,승용차,기타불명,남,15세,자전거,부상신고,차대차 - 측면직각충돌,안전운전불이행,맑음,0,1
2016,서울특별시 송파구20,서울특별시 송파구 오금동(오금근린공원 부근),2016-04-20,19시경,경상,여,46세,승용차,기타불명,남,55세,자전거,경상,차대차 - 측면직각충돌,안전운전불이행,맑음,0,1
2016,서울특별시 송파구20,서울특별시 송파구 오금동(오금근린공원 부근),2016-08-17,17시경,부상신고,남,12세,자전거,부상신고,남,38세,화물차,상해없음,차대차 - 정면충돌,안전운전불이행,맑음,0,1
2016,서울특별시 송파구20,서울특별시 송파구 오금동(오금근린공원 부근),2016-08-28,09시경,경상,남,22세,자전거,경상,남,60세,승용차,상해없음,차대차 - 측면직각충돌,안전운전불이행,맑음,0,1
2016,서울특별시 송파구20,서울특별시 송파구 오금동(오금근린공원 부근),2016-03-09,09시경,부상신고,남,28세,자전거,부상신고,남,51세,승용차,상해없음,차대차 - 측면직각충돌,안전운전불이행,맑음,0,1
2016,서울특별시 송파구13,서울특별시 송파구 마천동(마천사거리 부근),2016-06-25,14시경,부상신고,여,61세,승용차,상해없음,남,13세,자전거,부상신고,차대차 - 측면직각충돌,안전운전불이행,맑음,0,1
2016,서울특별시 송파구13,서울특별시 송파구 마천동(마천사거리 부근),2016-08-04,17시경,경상,남,40세,승합차,부상신고,남,14세,자전거,경상,차대차 - 추돌 - 진행중,안전운전불이행,맑음,0,3
2016,서울특별시 송파구13,서울특별시 송파구 마천동(마천사거리 부근),2016-05-21,23시경,경상,남,14세,자전거,경상,남,55세,승용차,상해없음,차대차 - 측면직각충돌,안전운전불이행,맑음,0,1
2016,서울특별시 송파구13,서울특별시 송파구 마천동(마천사거리 부근),2016-08-27,18시경,부상신고,남,14세,자전거,부상신고,남,47세,원동기장치자전거,상해없음,차대차 - 정면충돌,중앙선침범,맑음,0,1
2016,서울특별시 송파구13,서울특별시 송파구 마천동(마천사거리 부근),2016-10-20,17시경,경상,남,15세,자전거,경상,남,59세,승용차,상해없음,차대차 - 측면직각충돌,안전운전불이행,맑음,0,1
2016,서울특별시 송파구13,서울특별시 송파구 마천동(마천사거리 부근),2016-05-13,14시경,부상신고,남,23세,자전거,부상신고,남,28세,승용차,상해없음,차대차 - 측면직각충돌,중앙선침범,맑음,0,1
2016,서울특별시 강동구10,서울특별시 강동구 고덕동(신동아아파트(1동) 부근),2016-09-26,07시경,경상,남,48세,승용차,상해없음,남,15세,자전거,경상,차대차 - 기타,신호위반,맑음,0,1
2016,서울특별시 강동구10,서울특별시 강동구 고덕동(신동아아파트(1동) 부근),2016-04-27,07시경,중상,남,57세,승용차,상해없음,남,15세,자전거,중상,차대차 - 기타,기타,맑음,0,1
2016,서울특별시 강동구10,서울특별시 강동구 고덕동(신동아아파트(1동) 부근),2016-02-26,13시경,경상,여,44세,승용차,상해없음,남,66세,자전거,경상,차대차 - 기타,교차로운행방법위반,맑음,0,1
2016,서울특별시 강동구10,서울특별시 강동구 고덕동(신동아아파트(1동) 부근),2016-06-01,22시경,경상,남,15세,자전거,상해없음,남,62세,보행자,경상,차대사람 - 횡단중,신호위반,맑음,0,1
2016,서울특별시 강동구2,서울특별시 강동구 길동(길동탑스위트앞 부근),2016-05-30,22시경,경상,남,40세,승용차,상해없음,남,18세,자전거,경상,차대차 - 기타,안전운전불이행,맑음,0,1
2016,서울특별시 강동구2,서울특별시 강동구 길동(길동탑스위트앞 부근),2016-09-12,11시경,중상,남,42세,승용차,상해없음,남,19세,자전거,중상,차대차 - 측면직각충돌,신호위반,맑음,0,1
2016,서울특별시 강동구2,서울특별시 강동구 길동(길동탑스위트앞 부근),2016-11-29,05시경,경상,남,42세,승용차,상해없음,남,73세,자전거,경상,차대차 - 기타,안전거리미확보,맑음,0,1
2016,서울특별시 강동구2,서울특별시 강동구 길동(길동탑스위트앞 부근),2016-12-21,20시경,경상,남,56세,승용차,상해없음,여,61세,자전거,경상,차대차 - 추돌 - 진행중,안전운전불이행,비,0,1
2016,서울특별시 강동구2,서울특별시 강동구 길동(길동탑스위트앞 부근),2016-04-02,07시경,중상,남,59세,승용차,상해없음,남,68세,자전거,중상,차대차 - 측면직각충돌,직진우회전진행방해,맑음,0,1
2016,서울특별시 강동구2,서울특별시 강동구 길동(길동탑스위트앞 부근),2016-11-26,16시경,부상신고,남,65세,자전거,부상신고,남,56세,승용차,상해없음,차대차 - 기타,기타,비,0,1
2016,서울특별시 강동구2,서울특별시 강동구 길동(길동탑스위트앞 부근),2016-09-20,21시경,부상신고,여,55세,자전거,부상신고,남,33세,승용차,상해없음,차대차 - 측면직각충돌,기타,맑음,0,1
2016,서울특별시 강동구2,서울특별시 강동구 길동(길동탑스위트앞 부근),2016-07-24,02시경,경상,여,58세,자전거,상해없음,남,23세,보행자,경상,차대사람 - 횡단중,안전운전불이행,맑음,0,1
2016,서울특별시 강동구7,서울특별시 강동구 둔촌동(이종원내과 부근),2016-03-18,13시경,경상,남,29세,승용차,상해없음,남,58세,자전거,경상,차대차 - 추돌 - 진행중,안전운전불이행,맑음,0,1
2016,서울특별시 강동구7,서울특별시 강동구 둔촌동(이종원내과 부근),2016-12-31,13시경,중상,여,37세,승용차,상해없음,남,54세,자전거,중상,차대차 - 기타,안전운전불이행,맑음,0,1
2016,서울특별시 강동구7,서울특별시 강동구 둔촌동(이종원내과 부근),2016-10-27,19시경,경상,남,17세,자전거,상해없음,여,12세,보행자,경상,차대사람 - 횡단중,신호위반,맑음,0,1
2016,서울특별시 강동구7,서울특별시 강동구 둔촌동(이종원내과 부근),2016-08-02,13시경,중상,남,58세,자전거,중상,남,37세,승용차,상해없음,차대차 - 측면직각충돌,안전운전불이행,맑음,0,1
2016,서울특별시 강동구7,서울특별시 강동구 둔촌동(이종원내과 부근),2016-06-19,21시경,경상,남,68세,자전거,상해없음,남,8세,보행자,경상,차대사람 - 기타,안전운전불이행,맑음,0,1
2016,서울특별시 강동구1,서울특별시 강동구 성내동(산경빌딩 부근),2016-04-19,05시경,경상,기타불명,불명,승용차,기타불명,남,64세,자전거,경상,차대차 - 기타,안전운전불이행,맑음,0,1
2016,서울특별시 강동구1,서울특별시 강동구 성내동(산경빌딩 부근),2016-10-09,12시경,중상,남,57세,승용차,상해없음,남,58세,자전거,경상,차대차 - 기타,기타,맑음,0,2
2016,서울특별시 강동구1,서울특별시 강동구 성내동(산경빌딩 부근),2016-09-07,14시경,경상,남,59세,승용차,상해없음,남,38세,자전거,경상,차대차 - 기타,안전운전불이행,맑음,0,1
2016,서울특별시 강동구1,서울특별시 강동구 성내동(산경빌딩 부근),2016-04-03,08시경,중상,남,61세,승용차,기타불명,여,33세,자전거,중상,차대차 - 기타,안전운전불이행,흐림,0,1
2016,서울특별시 강동구1,서울특별시 강동구 성내동(산경빌딩 부근),2016-04-16,03시경,경상,남,63세,승용차,상해없음,남,18세,자전거,경상,차대차 - 측면직각충돌,안전운전불이행,맑음,0,1
2016,서울특별시 강동구1,서울특별시 강동구 성내동(산경빌딩 부근),2016-05-20,16시경,경상,기타불명,불명,이륜차,기타불명,남,53세,자전거,경상,차대차 - 측면직각충돌,안전운전불이행,맑음,0,1
2016,서울특별시 강동구1,서울특별시 강동구 성내동(산경빌딩 부근),2016-04-13,21시경,경상,여,53세,이륜차,상해없음,남,48세,자전거,경상,차대차 - 기타,신호위반,맑음,0,1
2016,서울특별시 강동구1,서울특별시 강동구 성내동(산경빌딩 부근),2016-07-18,09시경,중상,남,23세,자전거,중상,기타불명,불명,승용차,기타불명,차대차 - 측면직각충돌,중앙선침범,맑음,0,1
2016,서울특별시 강동구1,서울특별시 강동구 성내동(산경빌딩 부근),2016-09-26,22시경,부상신고,남,27세,자전거,상해없음,남,60세,자전거,상해없음,차대차 - 측면직각충돌,안전운전불이행,맑음,0,1
2016,서울특별시 강동구1,서울특별시 강동구 성내동(산경빌딩 부근),2016-06-16,23시경,경상,남,55세,자전거,경상,남,63세,승용차,상해없음,차대차 - 측면직각충돌,안전운전불이행,맑음,0,1
2016,서울특별시 강동구5,서울특별시 강동구 성내동(큰별어린이집 부근),2016-06-05,13시경,경상,기타불명,불명,불명,기타불명,남,33세,자전거,경상,차대차 - 기타,안전운전불이행,맑음,0,1
2016,서울특별시 강동구5,서울특별시 강동구 성내동(큰별어린이집 부근),2016-06-04,10시경,경상,남,41세,승용차,상해없음,남,8세,자전거,경상,차대차 - 기타,안전운전불이행,맑음,0,1
2016,서울특별시 강동구5,서울특별시 강동구 성내동(큰별어린이집 부근),2016-12-20,15시경,부상신고,남,70세,승용차,상해없음,남,67세,자전거,부상신고,차대차 - 측면직각충돌,신호위반,맑음,0,1
2016,서울특별시 강동구5,서울특별시 강동구 성내동(큰별어린이집 부근),2016-05-16,16시경,부상신고,남,17세,자전거,부상신고,남,53세,이륜차,상해없음,차대차 - 측면직각충돌,안전운전불이행,맑음,0,1
2016,서울특별시 강동구5,서울특별시 강동구 성내동(큰별어린이집 부근),2016-07-07,20시경,경상,남,58세,자전거,상해없음,여,52세,자전거,경상,차대차 - 측면직각충돌,신호위반,맑음,0,1
2016,서울특별시 강동구5,서울특별시 강동구 성내동(큰별어린이집 부근),2016-06-18,15시경,중상,여,27세,자전거,중상,남,54세,승용차,상해없음,차대차 - 기타,안전운전불이행,맑음,0,1
2016,서울특별시 강동구6,서울특별시 강동구 성내동(국민은행 부근),2016-10-31,19시경,중상,남,49세,승용차,상해없음,여,19세,자전거,중상,차대차 - 측면직각충돌,교차로운행방법위반,흐림,0,1
2016,서울특별시 강동구6,서울특별시 강동구 성내동(국민은행 부근),2016-11-07,11시경,경상,남,56세,승용차,상해없음,여,31세,자전거,경상,차대차 - 기타,안전운전불이행,맑음,0,1
2016,서울특별시 강동구6,서울특별시 강동구 성내동(국민은행 부근),2016-10-16,18시경,중상,남,44세,원동기장치자전거,상해없음,남,49세,자전거,중상,차대차 - 정면충돌,안전운전불이행,비,0,1
2016,서울특별시 강동구6,서울특별시 강동구 성내동(국민은행 부근),2016-06-22,13시경,경상,남,11세,자전거,경상,남,36세,승용차,상해없음,차대차 - 기타,안전운전불이행,비,0,1
2016,서울특별시 강동구6,서울특별시 강동구 성내동(국민은행 부근),2016-09-23,05시경,경상,여,72세,자전거,경상,남,61세,승용차,상해없음,차대차 - 측면직각충돌,신호위반,맑음,0,1
2016,서울특별시 강동구8,서울특별시 강동구 성내동(삼성A상가 부근),2016-08-27,10시경,경상,남,55세,승용차,상해없음,여,39세,자전거,경상,차대차 - 측면직각충돌,안전운전불이행,맑음,0,1
2016,서울특별시 강동구8,서울특별시 강동구 성내동(삼성A상가 부근),2016-01-06,11시경,경상,남,40세,승합차,상해없음,남,18세,자전거,경상,차대차 - 측면직각충돌,안전운전불이행,맑음,0,2
2016,서울특별시 강동구8,서울특별시 강동구 성내동(삼성A상가 부근),2016-04-16,12시경,경상,남,14세,자전거,상해없음,여,69세,보행자,경상,차대사람 - 횡단중,안전운전불이행,맑음,0,1
2016,서울특별시 강동구8,서울특별시 강동구 성내동(삼성A상가 부근),2016-01-27,12시경,경상,남,30세,화물차,상해없음,여,35세,자전거,경상,차대차 - 측면직각충돌,안전운전불이행,맑음,0,1
2016,서울특별시 강동구8,서울특별시 강동구 성내동(삼성A상가 부근),2016-07-02,14시경,경상,남,49세,화물차,기타불명,남,8세,자전거,경상,차대차 - 측면직각충돌,교차로운행방법위반,맑음,0,2
2016,서울특별시 강동구9,서울특별시 강동구 성내동(청구아파트 부근),2016-08-27,09시경,경상,남,64세,승용차,상해없음,여,37세,자전거,상해없음,차대차 - 기타,교차로운행방법위반,맑음,0,1
2016,서울특별시 강동구9,서울특별시 강동구 성내동(청구아파트 부근),2016-11-07,19시경,경상,여,46세,승용차,상해없음,여,35세,자전거,경상,차대차 - 측면직각충돌,안전운전불이행,비,0,1
2016,서울특별시 강동구9,서울특별시 강동구 성내동(청구아파트 부근),2016-11-24,10시경,중상,남,67세,자전거,중상,남,64세,승용차,상해없음,차대차 - 기타,안전운전불이행,맑음,0,1
2016,서울특별시 강동구9,서울특별시 강동구 성내동(청구아파트 부근),2016-02-19,18시경,중상,여,25세,자전거,부상신고,남,17세,원동기장치자전거,상해없음,차대차 - 기타,안전운전불이행,맑음,0,2
2016,서울특별시 강동구12,서울특별시 강동구 성내동(길동사거리_일반국도43호선_진출 부근),2016-06-15,06시경,부상신고,기타불명,불명,불명,기타불명,남,75세,자전거,부상신고,차대차 - 기타,안전운전불이행,맑음,0,1
2016,서울특별시 강동구12,서울특별시 강동구 성내동(길동사거리_일반국도43호선_진출 부근),2016-08-22,09시경,경상,기타불명,불명,불명,기타불명,여,67세,자전거,경상,차대차 - 정면충돌,안전운전불이행,맑음,0,1
2016,서울특별시 강동구12,서울특별시 강동구 성내동(길동사거리_일반국도43호선_진출 부근),2016-09-21,19시경,경상,남,17세,자전거,상해없음,남,52세,보행자,경상,차대사람 - 횡단중,기타,맑음,0,1
2016,서울특별시 강동구12,서울특별시 강동구 성내동(길동사거리_일반국도43호선_진출 부근),2016-05-28,17시경,경상,여,55세,자전거,경상,여,54세,화물차,상해없음,차대차 - 기타,불법유턴,맑음,0,1
2016,서울특별시 강동구3,서울특별시 강동구 천호동(천호시장 부근),2016-06-19,17시경,중상,남,29세,승용차,상해없음,여,61세,자전거,중상,차대차 - 측면직각충돌,안전운전불이행,맑음,0,1
2016,서울특별시 강동구3,서울특별시 강동구 천호동(천호시장 부근),2016-05-19,22시경,경상,남,38세,승용차,상해없음,여,62세,자전거,경상,차대차 - 기타,안전운전불이행,맑음,0,1
2016,서울특별시 강동구3,서울특별시 강동구 천호동(천호시장 부근),2016-06-03,18시경,경상,남,48세,승용차,상해없음,남,24세,자전거,경상,차대차 - 기타,기타,맑음,0,1
2016,서울특별시 강동구3,서울특별시 강동구 천호동(천호시장 부근),2016-07-18,04시경,부상신고,남,60세,승용차,상해없음,남,34세,자전거,부상신고,차대차 - 측면직각충돌,신호위반,비,0,1
2016,서울특별시 강동구3,서울특별시 강동구 천호동(천호시장 부근),2016-02-14,18시경,경상,남,60세,승용차,상해없음,남,54세,자전거,경상,차대차 - 기타,기타,맑음,0,1
2016,서울특별시 강동구3,서울특별시 강동구 천호동(천호시장 부근),2016-01-26,08시경,경상,남,67세,승용차,상해없음,여,27세,자전거,경상,차대차 - 기타,신호위반,맑음,0,1
2016,서울특별시 강동구3,서울특별시 강동구 천호동(천호시장 부근),2016-08-05,19시경,경상,남,73세,자전거,경상,여,43세,승용차,상해없음,차대차 - 측면직각충돌,안전운전불이행,맑음,0,1
2016,서울특별시 강동구3,서울특별시 강동구 천호동(천호시장 부근),2016-05-07,22시경,부상신고,여,44세,자전거,부상신고,남,48세,승용차,상해없음,차대차 - 기타,직진우회전진행방해,맑음,0,1
2016,서울특별시 강동구4,서울특별시 강동구 천호동(현대타워 부근),2016-09-27,07시경,부상신고,기타불명,불명,불명,기타불명,남,18세,자전거,부상신고,차대차 - 기타,안전운전불이행,맑음,0,1
2016,서울특별시 강동구4,서울특별시 강동구 천호동(현대타워 부근),2016-10-12,17시경,중상,기타불명,불명,불명,기타불명,남,71세,자전거,중상,차대차 - 기타,안전운전불이행,맑음,0,1
2016,서울특별시 강동구4,서울특별시 강동구 천호동(현대타워 부근),2016-12-05,21시경,경상,남,35세,승용차,상해없음,여,21세,자전거,경상,차대차 - 측면직각충돌,안전운전불이행,맑음,0,1
2016,서울특별시 강동구4,서울특별시 강동구 천호동(현대타워 부근),2016-05-07,15시경,경상,남,58세,승용차,기타불명,남,13세,자전거,경상,차대차 - 기타,안전운전불이행,맑음,0,1
2016,서울특별시 강동구4,서울특별시 강동구 천호동(현대타워 부근),2016-03-12,00시경,중상,남,59세,승용차,상해없음,남,59세,자전거,중상,차대차 - 측면직각충돌,신호위반,맑음,0,1
2016,서울특별시 강동구4,서울특별시 강동구 천호동(현대타워 부근),2016-07-19,19시경,경상,남,41세,자전거,상해없음,남,71세,자전거,경상,차대차 - 추돌 - 진행중,안전운전불이행,맑음,0,1
2016,서울특별시 강동구4,서울특별시 강동구 천호동(현대타워 부근),2016-03-27,13시경,부상신고,남,60세,자전거,부상신고,남,28세,자전거,상해없음,차대차 - 측면직각충돌,안전운전불이행,맑음,0,1
2016,서울특별시 강동구11,서울특별시 강동구 천호동(천호사거리_일반국도43호선_진출 부근),2016-12-10,06시경,경상,남,69세,승용차,상해없음,여,53세,자전거,경상,차대차 - 측면직각충돌,안전운전불이행,맑음,0,1
2016,서울특별시 강동구11,서울특별시 강동구 천호동(천호사거리_일반국도43호선_진출 부근),2016-12-05,23시경,경상,여,33세,자전거,경상,남,61세,승용차,상해없음,차대차 - 기타,안전운전불이행,맑음,0,1
2016,서울특별시 강동구11,서울특별시 강동구 천호동(천호사거리_일반국도43호선_진출 부근),2016-10-11,09시경,중상,여,51세,자전거,상해없음,남,80세,자전거,중상,차대차 - 측면직각충돌,안전운전불이행,맑음,0,1
2016,서울특별시 강동구11,서울특별시 강동구 천호동(천호사거리_일반국도43호선_진출 부근),2016-05-18,17시경,부상신고,여,58세,자전거,부상신고,남,35세,승용차,상해없음,차대차 - 기타,기타,맑음,0,1
2016,부산광역시 동래구1,부산광역시 동래구 안락동(안락교차로 부근),2016-07-12,18시경,경상,남,24세,승용차,상해없음,남,14세,자전거,경상,차대차 - 측면직각충돌,안전운전불이행,흐림,0,1
2016,부산광역시 동래구1,부산광역시 동래구 안락동(안락교차로 부근),2016-11-10,16시경,중상,남,51세,승용차,상해없음,남,68세,자전거,중상,차대차 - 측면직각충돌,안전운전불이행,비,0,1
2016,부산광역시 동래구1,부산광역시 동래구 안락동(안락교차로 부근),2016-07-30,15시경,사망,남,77세,자전거,사망,남,42세,승용차,상해없음,차대차 - 측면직각충돌,불법유턴,맑음,1,0
2016,부산광역시 동래구1,부산광역시 동래구 안락동(안락교차로 부근),2016-08-27,10시경,부상신고,여,56세,자전거,부상신고,남,35세,승용차,상해없음,차대차 - 측면직각충돌,불법유턴,맑음,0,1
2016,부산광역시 동래구2,부산광역시 동래구 명륜동(동래소방서앞 부근),2016-04-29,16시경,경상,기타불명,불명,승용차,기타불명,남,14세,자전거,경상,차대차 - 기타,신호위반,맑음,0,1
2016,부산광역시 동래구2,부산광역시 동래구 명륜동(동래소방서앞 부근),2016-02-23,21시경,중상,남,41세,승용차,상해없음,남,19세,자전거,중상,차대차 - 추돌 - 진행중,안전운전불이행,맑음,0,1
2016,부산광역시 동래구2,부산광역시 동래구 명륜동(동래소방서앞 부근),2016-07-13,22시경,경상,남,58세,승용차,상해없음,남,45세,자전거,경상,차대차 - 기타,안전운전불이행,맑음,0,1
2016,부산광역시 동래구2,부산광역시 동래구 명륜동(동래소방서앞 부근),2016-04-01,12시경,부상신고,남,74세,자전거,부상신고,여,36세,승용차,상해없음,차대차 - 측면직각충돌,불법유턴,맑음,0,1
2016,부산광역시 남구1,부산광역시 남구 용호동((주)메트로랜드 부근),2016-05-21,16시경,경상,남,53세,승용차,상해없음,남,12세,자전거,경상,차대차 - 측면직각충돌,안전운전불이행,맑음,0,1
2016,부산광역시 남구1,부산광역시 남구 용호동((주)메트로랜드 부근),2016-05-14,11시경,중상,남,74세,승용차,상해없음,남,79세,자전거,중상,차대차 - 추돌 - 진행중,신호위반,맑음,0,1
2016,부산광역시 남구1,부산광역시 남구 용호동((주)메트로랜드 부근),2016-08-13,10시경,경상,남,32세,이륜차,상해없음,남,58세,자전거,경상,차대차 - 측면직각충돌,안전운전불이행,맑음,0,1
2016,부산광역시 남구1,부산광역시 남구 용호동((주)메트로랜드 부근),2016-08-18,21시경,부상신고,남,13세,자전거,부상신고,남,30세,승용차,상해없음,차대차 - 측면직각충돌,신호위반,맑음,0,1
2016,부산광역시 남구1,부산광역시 남구 용호동((주)메트로랜드 부근),2016-08-16,20시경,부상신고,남,76세,자전거,부상신고,남,41세,승용차,상해없음,차대차 - 측면직각충돌,안전운전불이행,맑음,0,1
2016,부산광역시 사하구1,부산광역시 사하구 하단동(삼미횟집 부근),2016-11-16,12시경,경상,남,27세,승용차,상해없음,남,45세,자전거,경상,차대차 - 측면직각충돌,안전운전불이행,맑음,0,1
2016,부산광역시 사하구1,부산광역시 사하구 하단동(삼미횟집 부근),2016-08-11,14시경,경상,남,43세,승용차,상해없음,남,15세,자전거,경상,차대차 - 기타,신호위반,맑음,0,1
2016,부산광역시 사하구1,부산광역시 사하구 하단동(삼미횟집 부근),2016-01-26,17시경,부상신고,남,45세,승용차,상해없음,남,66세,자전거,부상신고,차대차 - 측면직각충돌,교차로운행방법위반,맑음,0,1
2016,부산광역시 사하구1,부산광역시 사하구 하단동(삼미횟집 부근),2016-10-21,07시경,경상,남,35세,자전거,경상,남,53세,화물차,상해없음,차대차 - 측면직각충돌,안전운전불이행,맑음,0,1
2016,부산광역시 사하구1,부산광역시 사하구 하단동(삼미횟집 부근),2016-11-28,10시경,중상,남,65세,자전거,중상,남,36세,화물차,상해없음,차대차 - 기타,불법유턴,맑음,0,1
2016,부산광역시 수영구1,부산광역시 수영구 수영동(돈내고 돈묵기 부근),2016-08-20,15시경,중상,남,22세,자전거,중상,남,50세,승용차,상해없음,차대차 - 측면직각충돌,안전운전불이행,맑음,0,1
2016,부산광역시 수영구1,부산광역시 수영구 수영동(돈내고 돈묵기 부근),2016-03-17,14시경,경상,남,63세,자전거,경상,남,34세,승용차,상해없음,차대차 - 측면직각충돌,안전운전불이행,맑음,0,1