사고년도,다발시군구,지점명,사고일시,사고시간대,사고등급,가해자성별,가해자연령,가해차종,가해자신체상해정도,피해자성별,피해자연령,피해차종,피해자신체상해정도,사고유형,가해자법규위반,기상상태,사망자수,부상자수
2016,대구광역시 남구2,대구광역시 남구 대명동(+갓바위 산골 순두부보쌈 부근),2016-02-20,02시경,중상,남,63세,자전거,중상,남,65세,승용차,상해없음,차대차 - 측면직각충돌,안전운전불이행,맑음,0,1
2016,대구광역시 남구2,대구광역시 남구 대명동(+갓바위 산골 순두부보쌈 부근),2016-01-20,19시경,부상신고,여,66세,자전거,부상신고,남,58세,승용차,상해없음,차대차 - 정면충돌,안전운전불이행,맑음,0,1
2016,대구광역시 남구2,대구광역시 남구 대명동(+갓바위 산골 순두부보쌈 부근),2016-03-22,06시경,중상,남,42세,화물차,상해없음,남,63세,자전거,중상,차대차 - 측면직각충돌,안전운전불이행,맑음,0,1
2016,대구광역시 북구5,대구광역시 북구 칠성동1가(금강장어 부근),2016-04-29,05시경,경상,기타불명,불명,불명,기타불명,여,59세,자전거,경상,차대차 - 기타,기타,맑음,0,1
2016,대구광역시 북구5,대구광역시 북구 칠성동1가(금강장어 부근),2016-12-22,22시경,중상,남,62세,승용차,상해없음,남,51세,자전거,중상,차대차 - 측면직각충돌,안전운전불이행,맑음,0,1
2016,대구광역시 북구5,대구광역시 북구 칠성동1가(금강장어 부근),2016-08-26,18시경,중상,기타불명,불명,자전거,기타불명,남,49세,원동기장치자전거,중상,차대차 - 기타,중앙선침범,비,0,1
2016,대구광역시 북구5,대구광역시 북구 칠성동1가(금강장어 부근),2016-06-22,16시경,경상,남,57세,자전거,경상,남,55세,화물차,상해없음,차대차 - 측면직각충돌,중앙선침범,맑음,0,1
2016,대구광역시 북구5,대구광역시 북구 칠성동1가(금강장어 부근),2016-12-25,18시경,경상,남,67세,자전거,경상,여,63세,승용차,상해없음,차대차 - 측면직각충돌,중앙선침범,맑음,0,1
2016,대구광역시 북구5,대구광역시 북구 칠성동1가(금강장어 부근),2016-09-08,19시경,경상,남,68세,자전거,경상,여,38세,승용차,상해없음,차대차 - 측면직각충돌,안전운전불이행,맑음,0,1
2016,대구광역시 북구13,대구광역시 북구 칠성동2가(광진직물 부근),2016-11-23,08시경,경상,기타불명,불명,불명,기타불명,남,14세,자전거,경상,차대차 - 측면직각충돌,안전운전불이행,맑음,0,1
2016,대구광역시 북구13,대구광역시 북구 칠성동2가(광진직물 부근),2016-09-07,20시경,부상신고,남,12세,자전거,부상신고,여,31세,승용차,상해없음,차대차 - 측면직각충돌,중앙선침범,맑음,0,1
2016,대구광역시 북구13,대구광역시 북구 칠성동2가(광진직물 부근),2016-05-02,19시경,중상,여,11세,자전거,중상,여,42세,승용차,상해없음,차대차 - 측면직각충돌,불법유턴,맑음,0,1
2016,대구광역시 북구13,대구광역시 북구 칠성동2가(광진직물 부근),2016-07-05,14시경,부상신고,여,56세,자전거,부상신고,여,43세,승용차,상해없음,차대차 - 측면직각충돌,안전운전불이행,맑음,0,1
2016,대구광역시 북구2,대구광역시 북구 고성동3가(고성네거리 부근),2016-04-20,11시경,부상신고,남,40세,승용차,상해없음,여,74세,자전거,부상신고,차대차 - 기타,안전운전불이행,맑음,0,1
2016,대구광역시 북구2,대구광역시 북구 고성동3가(고성네거리 부근),2016-09-21,08시경,경상,여,24세,승용차,상해없음,여,24세,자전거,경상,차대차 - 측면직각충돌,안전운전불이행,맑음,0,1
2016,대구광역시 북구2,대구광역시 북구 고성동3가(고성네거리 부근),2016-05-28,16시경,경상,여,49세,승용차,상해없음,여,11세,자전거,경상,차대차 - 측면직각충돌,기타,맑음,0,1
2016,대구광역시 북구2,대구광역시 북구 고성동3가(고성네거리 부근),2016-07-06,08시경,부상신고,남,43세,자전거,부상신고,남,42세,승용차,상해없음,차대차 - 정면충돌,안전운전불이행,맑음,0,1
2016,대구광역시 북구2,대구광역시 북구 고성동3가(고성네거리 부근),2016-06-25,09시경,경상,여,52세,자전거,경상,남,59세,화물차,상해없음,차대차 - 측면직각충돌,안전운전불이행,맑음,0,1
2016,대구광역시 북구2,대구광역시 북구 고성동3가(고성네거리 부근),2016-12-16,11시경,경상,여,63세,자전거,경상,남,36세,승용차,상해없음,차대차 - 측면직각충돌,안전운전불이행,맑음,0,1
2016,대구광역시 북구2,대구광역시 북구 고성동3가(고성네거리 부근),2016-12-14,10시경,경상,남,67세,화물차,상해없음,남,74세,자전거,경상,차대차 - 측면직각충돌,안전운전불이행,맑음,0,1
2016,대구광역시 북구7,대구광역시 북구 침산동(침산네거리 부근),2016-04-09,20시경,경상,남,29세,승용차,상해없음,남,15세,자전거,경상,차대차 - 측면직각충돌,안전운전불이행,맑음,0,1
2016,대구광역시 북구7,대구광역시 북구 침산동(침산네거리 부근),2016-04-17,09시경,부상신고,남,50세,승용차,상해없음,남,12세,자전거,부상신고,차대차 - 측면직각충돌,안전운전불이행,맑음,0,1
2016,대구광역시 북구7,대구광역시 북구 침산동(침산네거리 부근),2016-10-24,08시경,부상신고,여,60세,자전거,부상신고,여,44세,승용차,상해없음,차대차 - 기타,안전운전불이행,맑음,0,1
2016,대구광역시 북구7,대구광역시 북구 침산동(침산네거리 부근),2016-09-24,06시경,경상,남,47세,화물차,상해없음,남,71세,자전거,경상,차대차 - 측면직각충돌,안전운전불이행,맑음,0,1
2016,대구광역시 북구7,대구광역시 북구 침산동(침산네거리 부근),2016-04-15,19시경,경상,남,53세,화물차,상해없음,여,18세,자전거,경상,차대차 - 측면직각충돌,안전운전불이행,맑음,0,1
2016,대구광역시 북구7,대구광역시 북구 침산동(침산네거리 부근),2016-08-27,18시경,경상,남,64세,화물차,상해없음,남,26세,자전거,경상,차대차 - 측면직각충돌,안전운전불이행,맑음,0,1
2016,대구광역시 북구11,대구광역시 북구 침산동(북침산네거리 부근),2016-10-08,16시경,중상,남,58세,자전거,중상,남,43세,승용차,상해없음,차대차 - 측면직각충돌,기타,맑음,0,1
2016,대구광역시 북구11,대구광역시 북구 침산동(북침산네거리 부근),2016-10-21,15시경,중상,남,77세,자전거,중상,여,32세,승용차,상해없음,차대차 - 기타,신호위반,맑음,0,1
2016,대구광역시 북구11,대구광역시 북구 침산동(북침산네거리 부근),2016-09-16,08시경,경상,여,21세,자전거,경상,여,55세,승용차,상해없음,차대차 - 측면직각충돌,중앙선침범,흐림,0,1
2016,대구광역시 북구11,대구광역시 북구 침산동(북침산네거리 부근),2016-03-30,18시경,중상,남,71세,화물차,상해없음,남,50세,자전거,중상,차대차 - 측면직각충돌,신호위반,맑음,0,1
2016,대구광역시 북구14,대구광역시 북구 침산동(오봉오거리 부근),2016-01-15,08시경,경상,남,42세,승용차,상해없음,여,51세,자전거,경상,차대차 - 측면직각충돌,안전운전불이행,맑음,0,1
2016,대구광역시 북구14,대구광역시 북구 침산동(오봉오거리 부근),2016-10-07,05시경,경상,남,58세,승용차,상해없음,여,80세,자전거,경상,차대차 - 측면직각충돌,안전운전불이행,맑음,0,1
2016,대구광역시 북구14,대구광역시 북구 침산동(오봉오거리 부근),2016-10-02,05시경,경상,기타불명,불명,자전거,기타불명,남,55세,승용차,상해없음,차대차 - 정면충돌,불법유턴,흐림,0,1
2016,대구광역시 북구14,대구광역시 북구 침산동(오봉오거리 부근),2016-06-27,16시경,경상,남,8세,자전거,경상,남,33세,승용차,상해없음,차대차 - 측면직각충돌,안전운전불이행,맑음,0,1
2016,대구광역시 북구15,대구광역시 북구 노원동3가(팔달네거리 부근),2016-10-06,10시경,경상,기타불명,불명,불명,기타불명,여,70세,자전거,경상,차대차 - 정면충돌,안전운전불이행,맑음,0,1
2016,대구광역시 북구15,대구광역시 북구 노원동3가(팔달네거리 부근),2016-01-15,16시경,경상,남,51세,승용차,상해없음,여,54세,자전거,경상,차대차 - 측면직각충돌,안전운전불이행,맑음,0,1
2016,대구광역시 북구15,대구광역시 북구 노원동3가(팔달네거리 부근),2016-02-09,15시경,경상,남,68세,승용차,상해없음,여,37세,자전거,경상,차대차 - 측면직각충돌,기타,맑음,0,1
2016,대구광역시 북구15,대구광역시 북구 노원동3가(팔달네거리 부근),2016-03-09,16시경,경상,여,45세,화물차,상해없음,여,63세,자전거,경상,차대차 - 기타,안전운전불이행,맑음,0,1
2016,대구광역시 북구12,대구광역시 북구 대현동(경대교동편 부근),2016-06-11,02시경,경상,남,61세,승용차,상해없음,남,40세,자전거,경상,차대차 - 측면직각충돌,신호위반,맑음,0,1
2016,대구광역시 북구12,대구광역시 북구 대현동(경대교동편 부근),2016-08-13,21시경,중상,남,63세,승용차,상해없음,남,32세,자전거,중상,차대차 - 측면직각충돌,신호위반,맑음,0,1
2016,대구광역시 북구12,대구광역시 북구 대현동(경대교동편 부근),2016-01-07,08시경,경상,여,28세,승용차,상해없음,남,39세,자전거,경상,차대차 - 기타,안전운전불이행,맑음,0,1
2016,대구광역시 북구12,대구광역시 북구 대현동(경대교동편 부근),2016-11-15,13시경,경상,남,44세,자전거,경상,남,84세,자전거,경상,차대차 - 측면직각충돌,안전운전불이행,맑음,0,2
2016,대구광역시 북구10,대구광역시 북구 서변동(동서변네거리 부근),2016-10-06,10시경,사망,남,52세,승용차,상해없음,남,83세,자전거,사망,차대차 - 측면직각충돌,안전운전불이행,맑음,1,0
2016,대구광역시 북구10,대구광역시 북구 서변동(동서변네거리 부근),2016-08-01,13시경,중상,남,68세,승용차,상해없음,여,66세,자전거,중상,차대차 - 측면직각충돌,교차로운행방법위반,맑음,0,1
2016,대구광역시 북구10,대구광역시 북구 서변동(동서변네거리 부근),2016-10-02,14시경,경상,여,45세,승용차,상해없음,남,8세,자전거,경상,차대차 - 측면직각충돌,안전운전불이행,맑음,0,1
2016,대구광역시 북구10,대구광역시 북구 서변동(동서변네거리 부근),2016-12-13,19시경,경상,남,14세,자전거,상해없음,여,66세,보행자,경상,차대사람 - 횡단중,신호위반,맑음,0,1
2016,대구광역시 북구4,대구광역시 북구 읍내동(읍내삼거리 부근),2016-10-21,14시경,중상,남,50세,승용차,상해없음,여,74세,자전거,중상,차대차 - 측면직각충돌,안전운전불이행,맑음,0,1
2016,대구광역시 북구4,대구광역시 북구 읍내동(읍내삼거리 부근),2016-09-09,12시경,경상,남,64세,승용차,상해없음,남,81세,자전거,경상,차대차 - 측면직각충돌,안전운전불이행,맑음,0,1
2016,대구광역시 북구4,대구광역시 북구 읍내동(읍내삼거리 부근),2016-06-26,10시경,중상,남,41세,이륜차,상해없음,여,62세,자전거,중상,차대차 - 측면직각충돌,신호위반,맑음,0,1
2016,대구광역시 북구4,대구광역시 북구 읍내동(읍내삼거리 부근),2016-04-20,16시경,경상,남,17세,자전거,경상,남,47세,이륜차,경상,차대차 - 측면직각충돌,안전운전불이행,맑음,0,2
2016,대구광역시 북구4,대구광역시 북구 읍내동(읍내삼거리 부근),2016-07-24,08시경,중상,남,66세,자전거,중상,여,40세,승용차,상해없음,차대차 - 측면직각충돌,안전운전불이행,맑음,0,1
2016,대구광역시 북구4,대구광역시 북구 읍내동(읍내삼거리 부근),2016-08-04,13시경,부상신고,여,67세,자전거,부상신고,남,36세,승용차,상해없음,차대차 - 측면직각충돌,안전운전불이행,맑음,0,1
2016,대구광역시 북구3,대구광역시 북구 구암동(동서영남아파트 부근),2016-03-30,08시경,부상신고,남,37세,승용차,상해없음,남,13세,자전거,부상신고,차대차 - 측면직각충돌,직진우회전진행방해,맑음,0,1
2016,대구광역시 북구3,대구광역시 북구 구암동(동서영남아파트 부근),2016-05-30,15시경,중상,여,31세,승용차,상해없음,남,73세,자전거,중상,차대차 - 측면직각충돌,신호위반,맑음,0,1
2016,대구광역시 북구3,대구광역시 북구 구암동(동서영남아파트 부근),2016-12-23,05시경,중상,여,38세,승용차,상해없음,남,69세,자전거,중상,차대차 - 추돌 - 진행중,안전운전불이행,흐림,0,1
2016,대구광역시 북구3,대구광역시 북구 구암동(동서영남아파트 부근),2016-11-22,14시경,경상,여,57세,승용차,상해없음,여,36세,자전거,경상,차대차 - 기타,안전운전불이행,맑음,0,2
2016,대구광역시 북구3,대구광역시 북구 구암동(동서영남아파트 부근),2016-01-18,16시경,사망,남,41세,승합차,상해없음,남,63세,자전거,사망,차대차 - 측면직각충돌,신호위반,맑음,1,0
2016,대구광역시 북구3,대구광역시 북구 구암동(동서영남아파트 부근),2016-04-01,07시경,중상,남,73세,자전거,중상,남,26세,승용차,상해없음,차대차 - 측면직각충돌,안전운전불이행,맑음,0,1
2016,대구광역시 북구8,대구광역시 북구 구암동(오휘.칠곡지사 부근),2016-07-09,13시경,중상,기타불명,불명,불명,기타불명,남,15세,자전거,중상,차대차 - 기타,교차로운행방법위반,맑음,0,1
2016,대구광역시 북구8,대구광역시 북구 구암동(오휘.칠곡지사 부근),2016-03-24,08시경,중상,남,37세,승용차,상해없음,여,51세,자전거,중상,차대차 - 측면직각충돌,직진우회전진행방해,맑음,0,1
2016,대구광역시 북구8,대구광역시 북구 구암동(오휘.칠곡지사 부근),2016-03-26,12시경,경상,여,62세,승용차,상해없음,남,14세,자전거,경상,차대차 - 측면직각충돌,안전운전불이행,맑음,0,1
2016,대구광역시 북구8,대구광역시 북구 구암동(오휘.칠곡지사 부근),2016-09-01,15시경,중상,남,17세,자전거,상해없음,여,68세,자전거,중상,차대차 - 측면직각충돌,안전운전불이행,맑음,0,1
2016,대구광역시 북구8,대구광역시 북구 구암동(오휘.칠곡지사 부근),2016-04-17,02시경,중상,여,63세,자전거,중상,남,26세,이륜차,중상,차대차 - 측면직각충돌,안전거리미확보,비,0,2
2016,대구광역시 북구6,대구광역시 북구 태전동(칠곡네거리 부근),2016-06-04,12시경,중상,기타불명,27세,불명,기타불명,남,71세,자전거,중상,차대차 - 측면직각충돌,안전운전불이행,비,0,1
2016,대구광역시 북구6,대구광역시 북구 태전동(칠곡네거리 부근),2016-09-19,19시경,경상,남,60세,승용차,상해없음,남,68세,자전거,경상,차대차 - 측면직각충돌,안전운전불이행,맑음,0,1
2016,대구광역시 북구6,대구광역시 북구 태전동(칠곡네거리 부근),2016-08-22,20시경,경상,여,52세,승용차,상해없음,남,22세,자전거,경상,차대차 - 추돌 - 진행중,기타,맑음,0,1
2016,대구광역시 북구6,대구광역시 북구 태전동(칠곡네거리 부근),2016-05-31,12시경,부상신고,남,17세,자전거,부상신고,기타불명,불명,불명,기타불명,차대차 - 측면직각충돌,중앙선침범,맑음,0,1
2016,대구광역시 북구6,대구광역시 북구 태전동(칠곡네거리 부근),2016-08-11,15시경,경상,남,61세,자전거,경상,여,49세,승용차,상해없음,차대차 - 측면직각충돌,중앙선침범,맑음,0,1
2016,대구광역시 북구6,대구광역시 북구 태전동(칠곡네거리 부근),2016-07-25,21시경,경상,남,51세,화물차,상해없음,남,13세,자전거,경상,차대차 - 측면직각충돌,안전운전불이행,맑음,0,1
2016,대구광역시 북구9,대구광역시 북구 태전동(대구병원A 부근),2016-05-22,14시경,경상,남,10세,자전거,경상,남,53세,승용차,상해없음,차대차 - 측면직각충돌,불법유턴,맑음,0,1
2016,대구광역시 북구9,대구광역시 북구 태전동(대구병원A 부근),2016-04-19,08시경,경상,남,14세,자전거,경상,남,37세,승합차,상해없음,차대차 - 측면직각충돌,안전운전불이행,맑음,0,1
2016,대구광역시 북구9,대구광역시 북구 태전동(대구병원A 부근),2016-02-17,06시경,중상,남,61세,자전거,중상,남,64세,승용차,상해없음,차대차 - 측면직각충돌,신호위반,맑음,0,1
2016,대구광역시 북구9,대구광역시 북구 태전동(대구병원A 부근),2016-03-28,14시경,중상,남,80세,자전거,중상,남,33세,이륜차,상해없음,차대차 - 측면직각충돌,안전운전불이행,맑음,0,1
2016,대구광역시 북구9,대구광역시 북구 태전동(대구병원A 부근),2016-06-14,18시경,중상,남,45세,화물차,상해없음,여,50세,자전거,중상,차대차 - 측면직각충돌,안전운전불이행,맑음,0,1
2016,대구광역시 북구1,대구광역시 북구 팔달동(팔달새마을금고 부근),2016-05-27,20시경,부상신고,기타불명,30세,불명,기타불명,남,19세,자전거,부상신고,차대차 - 측면직각충돌,안전운전불이행,맑음,0,1
2016,대구광역시 북구1,대구광역시 북구 팔달동(팔달새마을금고 부근),2016-10-21,18시경,중상,남,51세,승용차,상해없음,남,54세,자전거,중상,차대차 - 측면직각충돌,안전운전불이행,맑음,0,1
2016,대구광역시 북구1,대구광역시 북구 팔달동(팔달새마을금고 부근),2016-03-26,10시경,경상,여,39세,승용차,상해없음,남,71세,자전거,경상,차대차 - 측면직각충돌,안전운전불이행,맑음,0,1
2016,대구광역시 북구1,대구광역시 북구 팔달동(팔달새마을금고 부근),2016-03-06,14시경,경상,남,14세,자전거,상해없음,여,60세,보행자,경상,차대사람 - 길가장자리구역통행중,안전운전불이행,맑음,0,1
2016,대구광역시 북구1,대구광역시 북구 팔달동(팔달새마을금고 부근),2016-05-05,18시경,경상,남,43세,자전거,경상,남,52세,승합차,상해없음,차대차 - 측면직각충돌,안전운전불이행,맑음,0,1
2016,대구광역시 북구1,대구광역시 북구 팔달동(팔달새마을금고 부근),2016-09-25,11시경,경상,남,62세,자전거,경상,남,68세,승용차,상해없음,차대차 - 측면직각충돌,중앙선침범,맑음,0,1
2016,대구광역시 북구1,대구광역시 북구 팔달동(팔달새마을금고 부근),2016-06-21,19시경,중상,남,67세,자전거,상해없음,여,73세,보행자,중상,차대사람 - 보도통행중,보행자보호의무위반,맑음,0,1
2016,대구광역시 북구1,대구광역시 북구 팔달동(팔달새마을금고 부근),2016-10-14,17시경,경상,여,19세,자전거,경상,남,75세,승용차,상해없음,차대차 - 정면충돌,안전운전불이행,맑음,0,1
2016,대구광역시 북구1,대구광역시 북구 팔달동(팔달새마을금고 부근),2016-05-05,13시경,중상,남,50세,화물차,상해없음,남,72세,자전거,중상,차대차 - 기타,안전운전불이행,맑음,0,1
2016,대구광역시 수성구5,대구광역시 수성구 만촌동(만촌네거리 부근),2016-04-03,03시경,사망,남,25세,승용차,사망,남,72세,자전거,상해없음,차대차 - 추돌 - 진행중,안전운전불이행,맑음,1,0
2016,대구광역시 수성구5,대구광역시 수성구 만촌동(만촌네거리 부근),2016-03-03,09시경,중상,남,31세,승용차,기타불명,남,71세,자전거,중상,차대차 - 측면직각충돌,안전운전불이행,맑음,0,1
2016,대구광역시 수성구5,대구광역시 수성구 만촌동(만촌네거리 부근),2016-06-06,17시경,경상,남,55세,승용차,상해없음,남,14세,자전거,경상,차대차 - 측면직각충돌,안전거리미확보,맑음,0,1
2016,대구광역시 수성구5,대구광역시 수성구 만촌동(만촌네거리 부근),2016-06-28,07시경,경상,기타불명,불명,자전거,기타불명,남,25세,보행자,경상,차대사람 - 횡단중,안전운전불이행,맑음,0,1
2016,대구광역시 수성구8,대구광역시 수성구 수성동1가(동성학교네거리 부근),2016-08-01,19시경,중상,기타불명,불명,승용차,기타불명,여,35세,자전거,중상,차대차 - 측면직각충돌,안전운전불이행,맑음,0,1
2016,대구광역시 수성구8,대구광역시 수성구 수성동1가(동성학교네거리 부근),2016-10-19,08시경,중상,남,65세,승용차,상해없음,남,43세,자전거,중상,차대차 - 기타,안전운전불이행,맑음,0,1
2016,대구광역시 수성구8,대구광역시 수성구 수성동1가(동성학교네거리 부근),2016-06-14,15시경,경상,남,51세,승합차,상해없음,여,63세,자전거,경상,차대차 - 측면직각충돌,안전운전불이행,맑음,0,1
2016,대구광역시 수성구8,대구광역시 수성구 수성동1가(동성학교네거리 부근),2016-08-18,08시경,부상신고,남,62세,자전거,부상신고,남,27세,승용차,상해없음,차대차 - 측면직각충돌,안전운전불이행,맑음,0,1
2016,대구광역시 수성구3,대구광역시 수성구 수성동3가(수성네거리 부근),2016-01-31,18시경,경상,남,33세,승용차,상해없음,여,37세,자전거,경상,차대차 - 측면직각충돌,불법유턴,맑음,0,1
2016,대구광역시 수성구3,대구광역시 수성구 수성동3가(수성네거리 부근),2016-07-17,06시경,경상,남,51세,승용차,상해없음,남,55세,자전거,경상,차대차 - 측면직각충돌,안전운전불이행,맑음,0,1
2016,대구광역시 수성구3,대구광역시 수성구 수성동3가(수성네거리 부근),2016-08-30,07시경,경상,여,29세,승용차,상해없음,남,13세,자전거,경상,차대차 - 측면직각충돌,안전운전불이행,맑음,0,1
2016,대구광역시 수성구3,대구광역시 수성구 수성동3가(수성네거리 부근),2016-04-05,08시경,중상,여,37세,승용차,상해없음,남,73세,자전거,중상,차대차 - 측면직각충돌,신호위반,맑음,0,1
2016,대구광역시 수성구3,대구광역시 수성구 수성동3가(수성네거리 부근),2016-01-12,13시경,경상,여,51세,승용차,상해없음,남,9세,자전거,경상,차대차 - 측면직각충돌,신호위반,맑음,0,1
2016,대구광역시 수성구3,대구광역시 수성구 수성동3가(수성네거리 부근),2016-06-17,20시경,경상,남,28세,자전거,경상,남,56세,승용차,상해없음,차대차 - 기타,안전운전불이행,맑음,0,1
2016,대구광역시 수성구9,대구광역시 수성구 수성동4가(대구은행네거리 부근),2016-07-19,20시경,중상,여,19세,승용차,상해없음,남,13세,자전거,중상,차대차 - 측면직각충돌,신호위반,맑음,0,1
2016,대구광역시 수성구9,대구광역시 수성구 수성동4가(대구은행네거리 부근),2016-05-12,21시경,경상,여,30세,승용차,상해없음,남,60세,자전거,경상,차대차 - 측면직각충돌,안전운전불이행,맑음,0,1
2016,대구광역시 수성구9,대구광역시 수성구 수성동4가(대구은행네거리 부근),2016-04-19,23시경,경상,남,53세,자전거,경상,남,41세,승용차,상해없음,차대차 - 측면직각충돌,안전운전불이행,맑음,0,1
2016,대구광역시 수성구9,대구광역시 수성구 수성동4가(대구은행네거리 부근),2016-10-07,14시경,부상신고,남,73세,자전거,부상신고,여,53세,승용차,상해없음,차대차 - 측면직각충돌,안전운전불이행,맑음,0,1
2016,대구광역시 수성구10,대구광역시 수성구 중동(북중동네거리 부근),2016-07-27,15시경,경상,남,37세,승용차,상해없음,여,30세,자전거,경상,차대차 - 측면직각충돌,안전운전불이행,맑음,0,1
2016,대구광역시 수성구10,대구광역시 수성구 중동(북중동네거리 부근),2016-01-12,12시경,경상,남,57세,승용차,상해없음,남,16세,자전거,경상,차대차 - 측면직각충돌,안전거리미확보,맑음,0,1
2016,대구광역시 수성구10,대구광역시 수성구 중동(북중동네거리 부근),2016-05-07,13시경,경상,여,27세,승용차,상해없음,남,53세,자전거,경상,차대차 - 기타,신호위반,맑음,0,1
2016,대구광역시 수성구10,대구광역시 수성구 중동(북중동네거리 부근),2016-07-21,15시경,경상,여,57세,승용차,상해없음,남,24세,자전거,경상,차대차 - 측면직각충돌,안전운전불이행,맑음,0,1
2016,대구광역시 수성구1,대구광역시 수성구 상동(중동네거리 부근),2016-09-30,00시경,경상,기타불명,불명,불명,기타불명,여,56세,자전거,경상,차대차 - 측면직각충돌,안전운전불이행,맑음,0,1
2016,대구광역시 수성구1,대구광역시 수성구 상동(중동네거리 부근),2016-12-10,23시경,중상,남,47세,승용차,상해없음,여,42세,자전거,중상,차대차 - 측면직각충돌,안전운전불이행,맑음,0,1
2016,대구광역시 수성구1,대구광역시 수성구 상동(중동네거리 부근),2016-08-30,10시경,중상,여,45세,승용차,상해없음,남,65세,자전거,중상,차대차 - 측면직각충돌,안전운전불이행,맑음,0,1
2016,대구광역시 수성구1,대구광역시 수성구 상동(중동네거리 부근),2016-07-22,12시경,경상,여,70세,승용차,상해없음,남,50세,자전거,경상,차대차 - 기타,안전운전불이행,맑음,0,1
2016,대구광역시 수성구1,대구광역시 수성구 상동(중동네거리 부근),2016-06-29,17시경,중상,남,72세,승합차,상해없음,여,9세,자전거,중상,차대차 - 측면직각충돌,안전운전불이행,맑음,0,1
2016,대구광역시 수성구1,대구광역시 수성구 상동(중동네거리 부근),2016-09-10,23시경,경상,남,38세,이륜차,상해없음,남,25세,자전거,경상,차대차 - 정면충돌,안전운전불이행,맑음,0,1
2016,대구광역시 수성구1,대구광역시 수성구 상동(중동네거리 부근),2016-09-27,17시경,부상신고,여,52세,자전거,부상신고,남,31세,승용차,상해없음,차대차 - 측면직각충돌,신호위반,맑음,0,1
2016,대구광역시 수성구2,대구광역시 수성구 두산동(두산오거리 부근),2016-01-05,16시경,부상신고,기타불명,불명,불명,기타불명,여,26세,자전거,부상신고,차대차 - 기타,안전운전불이행,맑음,0,1
2016,대구광역시 수성구2,대구광역시 수성구 두산동(두산오거리 부근),2016-08-14,14시경,경상,기타불명,불명,불명,기타불명,여,74세,자전거,경상,차대차 - 기타,안전운전불이행,맑음,0,1
2016,대구광역시 수성구2,대구광역시 수성구 두산동(두산오거리 부근),2016-10-13,18시경,중상,여,29세,승용차,상해없음,남,57세,자전거,중상,차대차 - 측면직각충돌,안전운전불이행,맑음,0,1
2016,대구광역시 수성구2,대구광역시 수성구 두산동(두산오거리 부근),2016-10-26,20시경,중상,여,39세,승용차,상해없음,여,45세,자전거,중상,차대차 - 기타,안전운전불이행,맑음,0,1
2016,대구광역시 수성구2,대구광역시 수성구 두산동(두산오거리 부근),2016-05-01,11시경,중상,남,27세,이륜차,상해없음,여,63세,자전거,중상,차대차 - 측면직각충돌,신호위반,맑음,0,1
2016,대구광역시 수성구2,대구광역시 수성구 두산동(두산오거리 부근),2016-05-15,16시경,부상신고,남,10세,자전거,부상신고,남,28세,승용차,상해없음,차대차 - 기타,안전운전불이행,맑음,0,1
2016,대구광역시 수성구2,대구광역시 수성구 두산동(두산오거리 부근),2016-04-30,18시경,부상신고,남,78세,자전거,부상신고,남,31세,자전거,상해없음,차대차 - 측면직각충돌,안전운전불이행,맑음,0,1
2016,대구광역시 수성구4,대구광역시 수성구 지산동(황금네거리 부근),2016-06-26,21시경,경상,남,33세,승용차,상해없음,남,17세,자전거,경상,차대차 - 측면직각충돌,안전운전불이행,맑음,0,1
2016,대구광역시 수성구4,대구광역시 수성구 지산동(황금네거리 부근),2016-07-06,09시경,중상,남,61세,승용차,상해없음,남,71세,자전거,중상,차대차 - 측면직각충돌,안전운전불이행,맑음,0,1
2016,대구광역시 수성구4,대구광역시 수성구 지산동(황금네거리 부근),2016-10-22,12시경,중상,여,41세,승용차,상해없음,여,59세,자전거,중상,차대차 - 기타,안전운전불이행,맑음,0,1
2016,대구광역시 수성구4,대구광역시 수성구 지산동(황금네거리 부근),2016-05-19,08시경,부상신고,남,12세,자전거,부상신고,여,40세,승용차,상해없음,차대차 - 측면직각충돌,안전운전불이행,맑음,0,1
2016,대구광역시 수성구4,대구광역시 수성구 지산동(황금네거리 부근),2016-06-03,15시경,경상,남,67세,자전거,경상,여,39세,승용차,상해없음,차대차 - 기타,안전거리미확보,맑음,0,1
2016,대구광역시 수성구6,대구광역시 수성구 지산동(미라지 부근),2016-02-20,15시경,중상,기타불명,불명,불명,기타불명,남,19세,자전거,중상,차대차 - 측면직각충돌,안전운전불이행,맑음,0,1
2016,대구광역시 수성구6,대구광역시 수성구 지산동(미라지 부근),2016-05-04,09시경,중상,남,37세,승용차,상해없음,남,78세,자전거,중상,차대차 - 측면직각충돌,안전운전불이행,맑음,0,1
2016,대구광역시 수성구6,대구광역시 수성구 지산동(미라지 부근),2016-11-04,09시경,부상신고,여,53세,자전거,부상신고,남,64세,승용차,상해없음,차대차 - 측면직각충돌,불법유턴,맑음,0,1
2016,대구광역시 수성구6,대구광역시 수성구 지산동(미라지 부근),2016-03-11,15시경,중상,여,67세,자전거,중상,남,43세,승용차,상해없음,차대차 - 측면직각충돌,안전운전불이행,맑음,0,1
2016,대구광역시 수성구7,대구광역시 수성구 지산동(서한청산맨션 부근),2016-06-28,18시경,중상,남,54세,승용차,상해없음,여,60세,자전거,중상,차대차 - 정면충돌,안전운전불이행,맑음,0,1
2016,대구광역시 수성구7,대구광역시 수성구 지산동(서한청산맨션 부근),2016-11-17,15시경,경상,여,31세,승용차,상해없음,남,12세,자전거,경상,차대차 - 측면직각충돌,안전운전불이행,맑음,0,1