사고년도,다발시군구,지점명,사고일시,사고시간대,사고등급,가해자성별,가해자연령,가해차종,가해자신체상해정도,피해자성별,피해자연령,피해차종,피해자신체상해정도,사고유형,가해자법규위반,기상상태,사망자수,부상자수
2016,경기도 안산시 단원구10,경기도 안산시 단원구 고잔동(경기종합관리(주) 부근),2016-07-03,14시경,경상,남,12세,자전거,상해없음,남,51세,자전거,경상,차대차 - 측면직각충돌,안전운전불이행,맑음,0,1
2016,경기도 안산시 단원구12,경기도 안산시 단원구 고잔동(삼성빌라삼거리 부근),2016-09-17,18시경,경상,남,44세,승용차,상해없음,남,57세,자전거,경상,차대차 - 측면직각충돌,교차로운행방법위반,맑음,0,1
2016,경기도 안산시 단원구12,경기도 안산시 단원구 고잔동(삼성빌라삼거리 부근),2016-07-09,17시경,중상,남,54세,승용차,상해없음,남,12세,자전거,중상,차대차 - 측면직각충돌,교차로운행방법위반,맑음,0,1
2016,경기도 안산시 단원구12,경기도 안산시 단원구 고잔동(삼성빌라삼거리 부근),2016-05-23,13시경,경상,남,54세,승용차,상해없음,남,71세,자전거,경상,차대차 - 측면직각충돌,안전운전불이행,맑음,0,1
2016,경기도 안산시 단원구12,경기도 안산시 단원구 고잔동(삼성빌라삼거리 부근),2016-08-06,14시경,중상,여,46세,승용차,상해없음,남,13세,자전거,중상,차대차 - 기타,안전운전불이행,맑음,0,1
2016,경기도 안산시 단원구15,경기도 안산시 단원구 고잔동(현대연립3차 부근),2016-09-23,16시경,중상,여,54세,승합차,상해없음,남,20세,자전거,중상,차대차 - 정면충돌,안전운전불이행,맑음,0,1
2016,경기도 안산시 단원구15,경기도 안산시 단원구 고잔동(현대연립3차 부근),2016-03-03,17시경,경상,남,13세,자전거,상해없음,여,59세,보행자,경상,차대사람 - 보도통행중,안전운전불이행,맑음,0,1
2016,경기도 안산시 단원구15,경기도 안산시 단원구 고잔동(현대연립3차 부근),2016-04-24,21시경,경상,남,41세,자전거,상해없음,남,41세,보행자,경상,차대사람 - 기타,안전운전불이행,맑음,0,1
2016,경기도 안산시 단원구15,경기도 안산시 단원구 고잔동(현대연립3차 부근),2016-08-30,17시경,경상,남,82세,자전거,경상,남,48세,화물차,상해없음,차대차 - 기타,안전운전불이행,맑음,0,1
2016,경기도 안산시 단원구8,경기도 안산시 단원구 와동(화랑초교사거리 부근),2016-06-14,18시경,중상,남,58세,승용차,상해없음,남,7세,자전거,중상,차대차 - 측면직각충돌,안전운전불이행,맑음,0,1
2016,경기도 안산시 단원구8,경기도 안산시 단원구 와동(화랑초교사거리 부근),2016-02-09,11시경,경상,남,11세,자전거,상해없음,여,56세,보행자,경상,차대사람 - 횡단중,안전운전불이행,맑음,0,1
2016,경기도 안산시 단원구8,경기도 안산시 단원구 와동(화랑초교사거리 부근),2016-04-14,16시경,경상,남,15세,자전거,경상,남,45세,승용차,상해없음,차대차 - 기타,중앙선침범,맑음,0,1
2016,경기도 안산시 단원구8,경기도 안산시 단원구 와동(화랑초교사거리 부근),2016-07-27,19시경,경상,남,72세,자전거,경상,남,39세,자전거,부상신고,차대차 - 측면직각충돌,교차로운행방법위반,맑음,0,2
2016,경기도 안산시 단원구8,경기도 안산시 단원구 와동(화랑초교사거리 부근),2016-06-09,12시경,경상,남,87세,자전거,경상,남,43세,승용차,상해없음,차대차 - 측면직각충돌,불법유턴,맑음,0,1
2016,경기도 안산시 단원구9,경기도 안산시 단원구 와동(속셈전문학원 부근),2016-04-24,13시경,경상,남,35세,승용차,상해없음,남,10세,자전거,경상,차대차 - 측면직각충돌,안전운전불이행,맑음,0,1
2016,경기도 안산시 단원구9,경기도 안산시 단원구 와동(속셈전문학원 부근),2016-11-06,20시경,중상,남,38세,승용차,상해없음,여,17세,자전거,중상,차대차 - 측면직각충돌,교차로운행방법위반,맑음,0,1
2016,경기도 안산시 단원구9,경기도 안산시 단원구 와동(속셈전문학원 부근),2016-09-25,12시경,경상,여,58세,승용차,상해없음,남,16세,자전거,경상,차대차 - 정면충돌,안전운전불이행,맑음,0,1
2016,경기도 안산시 단원구9,경기도 안산시 단원구 와동(속셈전문학원 부근),2016-03-17,08시경,경상,남,16세,자전거,경상,남,29세,승용차,상해없음,차대차 - 측면직각충돌,불법유턴,맑음,0,1
2016,경기도 안산시 단원구9,경기도 안산시 단원구 와동(속셈전문학원 부근),2016-08-30,11시경,경상,남,67세,자전거,경상,남,56세,승합차,상해없음,차대차 - 정면충돌,불법유턴,맑음,0,1
2016,경기도 안산시 단원구4,경기도 안산시 단원구 초지동(화정교동사거리 부근),2016-06-14,20시경,중상,기타불명,불명,불명,기타불명,남,45세,자전거,중상,차대차 - 기타,기타,맑음,0,1
2016,경기도 안산시 단원구4,경기도 안산시 단원구 초지동(화정교동사거리 부근),2016-05-18,23시경,중상,남,58세,승용차,상해없음,남,36세,자전거,중상,차대차 - 측면직각충돌,신호위반,맑음,0,1
2016,경기도 안산시 단원구4,경기도 안산시 단원구 초지동(화정교동사거리 부근),2016-09-10,16시경,경상,남,59세,승용차,상해없음,남,59세,자전거,경상,차대차 - 정면충돌,신호위반,맑음,0,1
2016,경기도 안산시 단원구4,경기도 안산시 단원구 초지동(화정교동사거리 부근),2016-06-20,13시경,경상,남,66세,승용차,상해없음,남,60세,자전거,경상,차대차 - 측면직각충돌,신호위반,맑음,0,1
2016,경기도 안산시 단원구4,경기도 안산시 단원구 초지동(화정교동사거리 부근),2016-03-03,16시경,경상,남,72세,자전거,경상,남,51세,승용차,상해없음,차대차 - 측면직각충돌,신호위반,맑음,0,1
2016,경기도 안산시 단원구4,경기도 안산시 단원구 초지동(화정교동사거리 부근),2016-10-12,17시경,중상,남,73세,자전거,상해없음,남,67세,보행자,중상,차대사람 - 기타,안전운전불이행,맑음,0,1
2016,경기도 안산시 단원구6,경기도 안산시 단원구 초지동(화정1교사거리 부근),2016-09-17,21시경,중상,남,24세,승용차,상해없음,여,22세,자전거,중상,차대차 - 측면직각충돌,신호위반,맑음,0,1
2016,경기도 안산시 단원구6,경기도 안산시 단원구 초지동(화정1교사거리 부근),2016-06-15,06시경,중상,남,44세,승용차,기타불명,여,59세,자전거,중상,차대차 - 측면직각충돌,신호위반,맑음,0,1
2016,경기도 안산시 단원구6,경기도 안산시 단원구 초지동(화정1교사거리 부근),2016-08-09,10시경,경상,여,44세,승용차,상해없음,남,61세,자전거,경상,차대차 - 측면직각충돌,안전운전불이행,맑음,0,1
2016,경기도 안산시 단원구6,경기도 안산시 단원구 초지동(화정1교사거리 부근),2016-09-30,18시경,중상,남,32세,자전거,상해없음,여,46세,자전거,중상,차대차 - 정면충돌,안전운전불이행,맑음,0,2
2016,경기도 안산시 단원구6,경기도 안산시 단원구 초지동(화정1교사거리 부근),2016-01-25,16시경,중상,남,77세,자전거,중상,남,51세,승용차,상해없음,차대차 - 측면직각충돌,중앙선침범,맑음,0,4
2016,경기도 안산시 단원구11,경기도 안산시 단원구 초지동(전원주택삼거리 부근),2016-09-01,13시경,중상,남,69세,승용차,상해없음,남,63세,자전거,중상,차대차 - 측면직각충돌,안전운전불이행,맑음,0,1
2016,경기도 안산시 단원구11,경기도 안산시 단원구 초지동(전원주택삼거리 부근),2016-10-04,10시경,경상,여,56세,승용차,상해없음,남,66세,자전거,경상,차대차 - 측면직각충돌,신호위반,맑음,0,1
2016,경기도 안산시 단원구11,경기도 안산시 단원구 초지동(전원주택삼거리 부근),2016-05-19,12시경,중상,여,65세,자전거,중상,여,48세,승용차,상해없음,차대차 - 측면직각충돌,안전운전불이행,맑음,0,1
2016,경기도 안산시 단원구11,경기도 안산시 단원구 초지동(전원주택삼거리 부근),2016-04-09,07시경,경상,남,39세,화물차,상해없음,남,67세,자전거,경상,차대차 - 기타,안전운전불이행,맑음,0,1
2016,경기도 안산시 단원구2,경기도 안산시 단원구 원곡동(다사랑선교회 부근),2016-10-26,07시경,경상,기타불명,불명,불명,기타불명,남,14세,자전거,경상,차대차 - 기타,안전운전불이행,맑음,0,1
2016,경기도 안산시 단원구2,경기도 안산시 단원구 원곡동(다사랑선교회 부근),2016-09-19,20시경,경상,남,31세,승용차,상해없음,남,38세,자전거,경상,차대차 - 측면직각충돌,신호위반,맑음,0,1
2016,경기도 안산시 단원구2,경기도 안산시 단원구 원곡동(다사랑선교회 부근),2016-03-24,13시경,경상,남,44세,승용차,상해없음,남,24세,자전거,경상,차대차 - 기타,안전운전불이행,맑음,0,1
2016,경기도 안산시 단원구2,경기도 안산시 단원구 원곡동(다사랑선교회 부근),2016-06-12,18시경,경상,남,26세,자전거,경상,남,60세,승합차,기타불명,차대차 - 기타,안전운전불이행,맑음,0,1
2016,경기도 안산시 단원구2,경기도 안산시 단원구 원곡동(다사랑선교회 부근),2016-03-24,06시경,부상신고,남,46세,자전거,부상신고,여,43세,승용차,상해없음,차대차 - 기타,중앙선침범,맑음,0,1
2016,경기도 안산시 단원구2,경기도 안산시 단원구 원곡동(다사랑선교회 부근),2016-10-01,16시경,경상,남,78세,자전거,경상,남,52세,승용차,상해없음,차대차 - 기타,안전운전불이행,맑음,0,1
2016,경기도 안산시 단원구2,경기도 안산시 단원구 원곡동(다사랑선교회 부근),2016-10-19,13시경,경상,여,35세,자전거,상해없음,남,31세,보행자,경상,차대사람 - 기타,기타,맑음,0,1
2016,경기도 안산시 단원구16,경기도 안산시 단원구 원곡동(일성신약삼거리 부근),2016-06-02,17시경,중상,기타불명,16세,자전거,기타불명,여,53세,자전거,중상,차대차 - 기타,안전운전불이행,맑음,0,1
2016,경기도 안산시 단원구16,경기도 안산시 단원구 원곡동(일성신약삼거리 부근),2016-03-28,20시경,사망,남,46세,자전거,사망,여,51세,승용차,상해없음,차대차 - 측면직각충돌,불법유턴,맑음,1,0
2016,경기도 안산시 단원구16,경기도 안산시 단원구 원곡동(일성신약삼거리 부근),2016-03-22,20시경,부상신고,여,56세,자전거,부상신고,남,50세,승용차,상해없음,차대차 - 측면직각충돌,안전운전불이행,맑음,0,1
2016,경기도 안산시 단원구3,경기도 안산시 단원구 선부동(두손병원 부근),2016-05-04,15시경,경상,남,56세,승용차,상해없음,남,55세,자전거,경상,차대차 - 기타,기타,맑음,0,1
2016,경기도 안산시 단원구3,경기도 안산시 단원구 선부동(두손병원 부근),2016-04-02,18시경,경상,남,19세,이륜차,상해없음,남,17세,자전거,경상,차대차 - 측면직각충돌,안전운전불이행,맑음,0,1
2016,경기도 안산시 단원구3,경기도 안산시 단원구 선부동(두손병원 부근),2016-01-15,22시경,중상,남,43세,자전거,중상,남,47세,승용차,상해없음,차대차 - 정면충돌,안전운전불이행,맑음,0,1
2016,경기도 안산시 단원구3,경기도 안산시 단원구 선부동(두손병원 부근),2016-08-22,14시경,경상,남,64세,자전거,경상,여,48세,승용차,상해없음,차대차 - 측면직각충돌,안전운전불이행,맑음,0,1
2016,경기도 안산시 단원구3,경기도 안산시 단원구 선부동(두손병원 부근),2016-09-03,16시경,경상,남,68세,자전거,상해없음,남,54세,보행자,경상,차대사람 - 기타,안전운전불이행,맑음,0,1
2016,경기도 안산시 단원구3,경기도 안산시 단원구 선부동(두손병원 부근),2016-07-23,10시경,사망,남,49세,화물차,상해없음,남,85세,자전거,사망,차대차 - 측면직각충돌,안전운전불이행,맑음,1,0
2016,경기도 안산시 단원구13,경기도 안산시 단원구 선부동(근청아파트입구삼거리 부근),2016-07-11,15시경,중상,기타불명,불명,승용차,기타불명,남,14세,자전거,중상,차대차 - 정면충돌,교차로운행방법위반,맑음,0,1
2016,경기도 안산시 단원구13,경기도 안산시 단원구 선부동(근청아파트입구삼거리 부근),2016-05-14,16시경,경상,여,59세,승용차,상해없음,남,49세,자전거,경상,차대차 - 측면직각충돌,교차로운행방법위반,맑음,0,1
2016,경기도 안산시 단원구13,경기도 안산시 단원구 선부동(근청아파트입구삼거리 부근),2016-09-28,16시경,중상,여,50세,승합차,상해없음,남,81세,자전거,중상,차대차 - 정면충돌,교차로운행방법위반,맑음,0,1
2016,경기도 안산시 단원구13,경기도 안산시 단원구 선부동(근청아파트입구삼거리 부근),2016-08-24,16시경,부상신고,남,16세,자전거,부상신고,남,65세,화물차,상해없음,차대차 - 정면충돌,안전운전불이행,맑음,0,1
2016,경기도 안산시 단원구14,경기도 안산시 단원구 선부동(기사촌사거리 부근),2016-08-14,23시경,경상,남,28세,승용차,상해없음,남,52세,자전거,경상,차대차 - 측면직각충돌,안전운전불이행,맑음,0,1
2016,경기도 안산시 단원구14,경기도 안산시 단원구 선부동(기사촌사거리 부근),2016-04-12,17시경,부상신고,남,13세,자전거,부상신고,남,42세,승용차,상해없음,차대차 - 측면직각충돌,안전운전불이행,맑음,0,1
2016,경기도 안산시 단원구14,경기도 안산시 단원구 선부동(기사촌사거리 부근),2016-06-10,03시경,경상,남,78세,자전거,기타불명,남,57세,승용차,상해없음,차대차 - 측면직각충돌,신호위반,맑음,0,4
2016,경기도 안산시 단원구14,경기도 안산시 단원구 선부동(기사촌사거리 부근),2016-04-14,17시경,중상,남,49세,화물차,기타불명,남,17세,자전거,중상,차대차 - 측면직각충돌,교차로운행방법위반,맑음,0,1
2016,경기도 고양시 덕양구1,경기도 고양시 덕양구 행신동(금성전자판매(주) 부근),2016-12-08,16시경,중상,남,39세,이륜차,상해없음,남,82세,자전거,중상,차대차 - 기타,신호위반,맑음,0,1
2016,경기도 고양시 덕양구1,경기도 고양시 덕양구 행신동(금성전자판매(주) 부근),2016-04-22,20시경,중상,남,53세,이륜차,중상,남,42세,자전거,상해없음,차대차 - 측면직각충돌,교차로운행방법위반,맑음,0,1
2016,경기도 고양시 덕양구1,경기도 고양시 덕양구 행신동(금성전자판매(주) 부근),2016-09-14,16시경,부상신고,남,49세,자전거,부상신고,여,55세,승용차,상해없음,차대차 - 기타,안전운전불이행,맑음,0,1
2016,경기도 고양시 덕양구1,경기도 고양시 덕양구 행신동(금성전자판매(주) 부근),2016-04-01,18시경,경상,남,70세,자전거,경상,남,41세,화물차,상해없음,차대차 - 측면직각충돌,안전운전불이행,맑음,0,1
2016,경기도 고양시 덕양구1,경기도 고양시 덕양구 행신동(금성전자판매(주) 부근),2016-02-01,05시경,중상,남,53세,화물차,상해없음,남,73세,자전거,중상,차대차 - 측면직각충돌,안전운전불이행,맑음,0,1
2016,경기도 고양시 일산동구4,경기도 고양시 일산동구 식사동(세원고교앞 부근),2016-05-02,07시경,중상,남,55세,승용차,상해없음,남,16세,자전거,중상,차대차 - 기타,교차로운행방법위반,맑음,0,1
2016,경기도 고양시 일산동구4,경기도 고양시 일산동구 식사동(세원고교앞 부근),2016-09-12,19시경,경상,여,40세,승용차,상해없음,남,18세,자전거,경상,차대차 - 추돌 - 진행중,안전운전불이행,맑음,0,1
2016,경기도 고양시 일산동구4,경기도 고양시 일산동구 식사동(세원고교앞 부근),2016-05-04,13시경,경상,여,42세,승용차,상해없음,남,13세,자전거,경상,차대차 - 기타,안전운전불이행,맑음,0,1
2016,경기도 고양시 일산동구4,경기도 고양시 일산동구 식사동(세원고교앞 부근),2016-08-22,18시경,경상,여,46세,승용차,상해없음,남,51세,자전거,경상,차대차 - 기타,안전운전불이행,맑음,0,1
2016,경기도 고양시 일산동구1,경기도 고양시 일산동구 정발산동(일산경찰서사거리 부근),2016-02-16,23시경,중상,남,40세,승용차,상해없음,여,60세,자전거,중상,차대차 - 기타,신호위반,기타,0,1
2016,경기도 고양시 일산동구1,경기도 고양시 일산동구 정발산동(일산경찰서사거리 부근),2016-08-12,02시경,경상,남,65세,승용차,상해없음,여,52세,자전거,경상,차대차 - 기타,기타,맑음,0,1
2016,경기도 고양시 일산동구1,경기도 고양시 일산동구 정발산동(일산경찰서사거리 부근),2016-05-10,17시경,부상신고,기타불명,16세,자전거,기타불명,여,68세,보행자,부상신고,차대사람 - 횡단중,안전운전불이행,맑음,0,1
2016,경기도 고양시 일산동구1,경기도 고양시 일산동구 정발산동(일산경찰서사거리 부근),2016-08-26,01시경,중상,기타불명,불명,자전거,기타불명,남,41세,자전거,중상,차대차 - 측면직각충돌,안전운전불이행,맑음,0,1
2016,경기도 고양시 일산동구1,경기도 고양시 일산동구 정발산동(일산경찰서사거리 부근),2016-06-05,01시경,경상,남,21세,자전거,경상,남,22세,승용차,상해없음,차대차 - 측면직각충돌,안전운전불이행,맑음,0,1
2016,경기도 고양시 일산동구1,경기도 고양시 일산동구 정발산동(일산경찰서사거리 부근),2016-08-30,01시경,중상,남,25세,자전거,상해없음,남,49세,승용차,상해없음,차대차 - 측면직각충돌,신호위반,맑음,0,1
2016,경기도 고양시 일산동구1,경기도 고양시 일산동구 정발산동(일산경찰서사거리 부근),2016-02-14,14시경,경상,남,78세,자전거,경상,남,9세,자전거,상해없음,차대차 - 기타,안전운전불이행,맑음,0,1
2016,경기도 고양시 일산동구1,경기도 고양시 일산동구 정발산동(일산경찰서사거리 부근),2016-09-01,16시경,경상,남,79세,자전거,경상,남,40세,승용차,상해없음,차대차 - 측면직각충돌,안전운전불이행,맑음,0,1
2016,경기도 고양시 일산동구3,경기도 고양시 일산동구 마두동(마두1동사거리 부근),2016-08-10,12시경,중상,남,44세,승용차,상해없음,남,56세,자전거,중상,차대차 - 측면직각충돌,교차로운행방법위반,맑음,0,1
2016,경기도 고양시 일산동구3,경기도 고양시 일산동구 마두동(마두1동사거리 부근),2016-12-08,10시경,경상,남,64세,승용차,상해없음,여,24세,자전거,경상,차대차 - 기타,안전운전불이행,맑음,0,1
2016,경기도 고양시 일산동구3,경기도 고양시 일산동구 마두동(마두1동사거리 부근),2016-07-06,19시경,경상,여,34세,승용차,상해없음,여,44세,자전거,경상,차대차 - 기타,안전운전불이행,맑음,0,1
2016,경기도 고양시 일산동구3,경기도 고양시 일산동구 마두동(마두1동사거리 부근),2016-10-28,17시경,경상,여,54세,자전거,상해없음,남,39세,보행자,경상,차대사람 - 횡단중,안전운전불이행,맑음,0,1
2016,경기도 고양시 일산동구3,경기도 고양시 일산동구 마두동(마두1동사거리 부근),2016-09-29,18시경,경상,남,56세,화물차,상해없음,남,11세,자전거,경상,차대차 - 측면직각충돌,신호위반,맑음,0,1
2016,경기도 고양시 일산동구2,경기도 고양시 일산동구 백석동(백석동백석초교A 부근),2016-10-29,15시경,경상,남,43세,승용차,상해없음,남,16세,자전거,경상,차대차 - 측면직각충돌,안전운전불이행,맑음,0,1
2016,경기도 고양시 일산동구2,경기도 고양시 일산동구 백석동(백석동백석초교A 부근),2016-06-01,09시경,경상,남,49세,승용차,상해없음,여,34세,자전거,경상,차대차 - 측면직각충돌,안전운전불이행,맑음,0,1
2016,경기도 고양시 일산동구2,경기도 고양시 일산동구 백석동(백석동백석초교A 부근),2016-06-14,08시경,경상,남,51세,승용차,상해없음,남,16세,자전거,경상,차대차 - 기타,신호위반,맑음,0,1
2016,경기도 고양시 일산동구2,경기도 고양시 일산동구 백석동(백석동백석초교A 부근),2016-09-02,18시경,중상,남,15세,자전거,상해없음,여,60세,보행자,중상,차대사람 - 횡단중,안전운전불이행,맑음,0,1
2016,경기도 고양시 일산동구2,경기도 고양시 일산동구 백석동(백석동백석초교A 부근),2016-08-10,14시경,중상,남,69세,자전거,중상,여,48세,승용차,상해없음,차대차 - 측면직각충돌,중앙선침범,맑음,0,2
2016,경기도 고양시 일산서구1,경기도 고양시 일산서구 대화동((벽산아파트앞 삼거리) 부근),2016-04-12,07시경,중상,남,44세,승용차,상해없음,남,16세,자전거,중상,차대차 - 기타,기타,맑음,0,1
2016,경기도 고양시 일산서구1,경기도 고양시 일산서구 대화동((벽산아파트앞 삼거리) 부근),2016-09-26,07시경,중상,남,44세,승용차,상해없음,남,46세,자전거,중상,차대차 - 기타,안전운전불이행,맑음,0,1
2016,경기도 고양시 일산서구1,경기도 고양시 일산서구 대화동((벽산아파트앞 삼거리) 부근),2016-10-13,07시경,중상,여,38세,승용차,상해없음,여,61세,자전거,중상,차대차 - 측면직각충돌,안전운전불이행,맑음,0,1
2016,경기도 고양시 일산서구1,경기도 고양시 일산서구 대화동((벽산아파트앞 삼거리) 부근),2016-03-22,17시경,사망,남,50세,승합차,상해없음,남,12세,자전거,사망,차대차 - 기타,안전운전불이행,맑음,1,0
2016,경기도 구리시1,경기도 구리시 수택동(구리역사(백화점)앞 부근),2016-10-08,14시경,중상,남,58세,승용차,상해없음,남,55세,자전거,중상,차대차 - 측면직각충돌,안전운전불이행,맑음,0,1
2016,경기도 구리시1,경기도 구리시 수택동(구리역사(백화점)앞 부근),2016-04-12,19시경,중상,남,17세,원동기장치자전거,상해없음,남,73세,자전거,중상,차대차 - 측면직각충돌,직진우회전진행방해,맑음,0,1
2016,경기도 구리시1,경기도 구리시 수택동(구리역사(백화점)앞 부근),2016-10-24,15시경,부상신고,남,14세,자전거,상해없음,여,65세,보행자,부상신고,차대사람 - 차도통행중,안전운전불이행,맑음,0,1
2016,경기도 구리시1,경기도 구리시 수택동(구리역사(백화점)앞 부근),2016-10-09,12시경,경상,남,9세,자전거,상해없음,남,43세,승합차,상해없음,차대차 - 측면직각충돌,안전운전불이행,맑음,0,1
2016,경기도 남양주시1,경기도 남양주시 도농동(도농사거리 부근),2016-06-05,16시경,경상,남,52세,승용차,상해없음,여,12세,자전거,경상,차대차 - 추돌 - 진행중,안전운전불이행,맑음,0,1
2016,경기도 남양주시1,경기도 남양주시 도농동(도농사거리 부근),2016-12-27,05시경,중상,남,56세,승용차,상해없음,남,69세,자전거,중상,차대차 - 기타,신호위반,맑음,0,1
2016,경기도 남양주시1,경기도 남양주시 도농동(도농사거리 부근),2016-06-12,21시경,중상,남,10세,자전거,중상,남,58세,승용차,상해없음,차대차 - 측면직각충돌,신호위반,맑음,0,1
2016,경기도 남양주시1,경기도 남양주시 도농동(도농사거리 부근),2016-07-27,12시경,경상,여,49세,자전거,경상,여,38세,승합차,기타불명,차대차 - 기타,안전운전불이행,흐림,0,1
2016,경기도 남양주시2,경기도 남양주시 진접읍(신원부동산 부근),2016-03-13,15시경,경상,남,62세,승합차,상해없음,남,21세,자전거,경상,차대차 - 기타,안전운전불이행,맑음,0,1
2016,경기도 남양주시2,경기도 남양주시 진접읍(신원부동산 부근),2016-04-05,22시경,중상,남,16세,원동기장치자전거,상해없음,여,53세,자전거,중상,차대차 - 기타,신호위반,맑음,0,1
2016,경기도 남양주시2,경기도 남양주시 진접읍(신원부동산 부근),2016-07-08,14시경,경상,남,20세,이륜차,상해없음,여,35세,자전거,경상,차대차 - 정면충돌,신호위반,맑음,0,1
2016,경기도 남양주시2,경기도 남양주시 진접읍(신원부동산 부근),2016-12-30,07시경,부상신고,남,74세,자전거,부상신고,남,53세,화물차,상해없음,차대차 - 기타,신호위반,맑음,0,1
2016,경기도 오산시2,경기도 오산시 오산동(남촌지하도 부근),2016-08-08,18시경,경상,여,61세,승용차,상해없음,남,7세,자전거,경상,차대차 - 정면충돌,안전운전불이행,맑음,0,1
2016,경기도 오산시2,경기도 오산시 오산동(남촌지하도 부근),2016-12-20,21시경,경상,남,58세,승합차,상해없음,남,18세,자전거,경상,차대차 - 측면직각충돌,신호위반,맑음,0,1
2016,경기도 오산시2,경기도 오산시 오산동(남촌지하도 부근),2016-10-04,08시경,중상,기타불명,불명,자전거,기타불명,여,71세,보행자,중상,차대사람 - 보도통행중,안전운전불이행,맑음,0,1
2016,경기도 오산시2,경기도 오산시 오산동(남촌지하도 부근),2016-07-10,05시경,경상,남,69세,자전거,경상,남,75세,승용차,상해없음,차대차 - 측면직각충돌,안전운전불이행,맑음,0,1
2016,경기도 오산시2,경기도 오산시 오산동(남촌지하도 부근),2016-08-28,17시경,경상,여,65세,자전거,경상,여,55세,보행자,경상,차대사람 - 차도통행중,안전운전불이행,흐림,0,2
2016,경기도 오산시2,경기도 오산시 오산동(남촌지하도 부근),2016-11-23,09시경,경상,남,48세,화물차,상해없음,여,71세,자전거,경상,차대차 - 측면직각충돌,기타,맑음,0,1
2016,경기도 오산시3,경기도 오산시 수청동((금성자동차공업사앞교차로) 부근),2016-03-15,08시경,중상,남,53세,승용차,상해없음,여,64세,자전거,중상,차대차 - 기타,교차로운행방법위반,맑음,0,1
2016,경기도 오산시3,경기도 오산시 수청동((금성자동차공업사앞교차로) 부근),2016-10-10,15시경,경상,여,52세,승용차,상해없음,남,33세,자전거,경상,차대차 - 측면직각충돌,안전운전불이행,맑음,0,1
2016,경기도 오산시3,경기도 오산시 수청동((금성자동차공업사앞교차로) 부근),2016-07-20,15시경,중상,여,69세,승용차,상해없음,남,17세,자전거,중상,차대차 - 기타,안전운전불이행,맑음,0,2
2016,경기도 오산시3,경기도 오산시 수청동((금성자동차공업사앞교차로) 부근),2016-05-23,08시경,경상,남,16세,자전거,경상,여,28세,승용차,상해없음,차대차 - 측면직각충돌,중앙선침범,맑음,0,1
2016,경기도 오산시1,경기도 오산시 가수동(남촌오거리 부근),2016-10-22,19시경,경상,기타불명,불명,불명,기타불명,남,13세,자전거,경상,차대차 - 측면직각충돌,신호위반,맑음,0,1
2016,경기도 오산시1,경기도 오산시 가수동(남촌오거리 부근),2016-10-15,20시경,경상,남,33세,승용차,상해없음,남,71세,자전거,경상,차대차 - 추돌 - 진행중,안전운전불이행,맑음,0,1
2016,경기도 오산시1,경기도 오산시 가수동(남촌오거리 부근),2016-06-17,06시경,중상,남,30세,자전거,중상,남,48세,화물차,상해없음,차대차 - 측면직각충돌,안전운전불이행,맑음,0,1
2016,경기도 오산시1,경기도 오산시 가수동(남촌오거리 부근),2016-08-19,07시경,중상,남,49세,자전거,중상,여,48세,승용차,상해없음,차대차 - 측면직각충돌,중앙선침범,맑음,0,1
2016,경기도 오산시1,경기도 오산시 가수동(남촌오거리 부근),2016-06-26,19시경,중상,남,50세,자전거,상해없음,남,61세,자전거,중상,차대차 - 측면직각충돌,안전운전불이행,맑음,0,1
2016,경기도 오산시1,경기도 오산시 가수동(남촌오거리 부근),2016-10-12,10시경,사망,여,69세,자전거,사망,남,23세,승용차,상해없음,차대차 - 측면직각충돌,안전운전불이행,맑음,1,0
2016,경기도 시흥시1,경기도 시흥시 정왕동(정와전수관택견 부근),2016-09-02,14시경,중상,남,27세,승용차,상해없음,남,64세,자전거,중상,차대차 - 측면직각충돌,신호위반,맑음,0,1
2016,경기도 시흥시1,경기도 시흥시 정왕동(정와전수관택견 부근),2016-02-25,14시경,중상,여,41세,승용차,상해없음,여,81세,자전거,중상,차대차 - 측면직각충돌,안전운전불이행,맑음,0,1
2016,경기도 시흥시1,경기도 시흥시 정왕동(정와전수관택견 부근),2016-08-17,08시경,경상,여,47세,승용차,상해없음,여,60세,자전거,경상,차대차 - 기타,안전운전불이행,맑음,0,1
2016,경기도 시흥시1,경기도 시흥시 정왕동(정와전수관택견 부근),2016-11-21,20시경,경상,남,70세,승합차,상해없음,남,21세,자전거,경상,차대차 - 측면직각충돌,안전운전불이행,맑음,0,1
2016,경기도 시흥시1,경기도 시흥시 정왕동(정와전수관택견 부근),2016-05-05,18시경,경상,남,28세,원동기장치자전거,상해없음,남,64세,자전거,경상,차대차 - 추돌 - 진행중,안전운전불이행,비,0,1
2016,경기도 시흥시1,경기도 시흥시 정왕동(정와전수관택견 부근),2016-02-01,19시경,경상,남,42세,이륜차,상해없음,남,39세,자전거,경상,차대차 - 추돌 - 진행중,안전거리미확보,맑음,0,1
2016,경기도 시흥시1,경기도 시흥시 정왕동(정와전수관택견 부근),2016-08-05,17시경,중상,남,45세,화물차,상해없음,남,51세,자전거,중상,차대차 - 측면직각충돌,안전운전불이행,맑음,0,1
2016,경기도 시흥시2,경기도 시흥시 정왕동(시화대성주유소 부근),2016-09-19,17시경,경상,남,51세,승합차,상해없음,남,16세,자전거,경상,차대차 - 기타,안전운전불이행,맑음,0,1