사고년도,다발시군구,지점명,사고일시,사고시간대,사고등급,가해자성별,가해자연령,가해차종,가해자신체상해정도,피해자성별,피해자연령,피해차종,피해자신체상해정도,사고유형,가해자법규위반,기상상태,사망자수,부상자수
2017,서울특별시 중랑구2,서울특별시 중랑구 중화동(이화교옆 중랑천로 부근),2017-09-21,06시경,중상,남,53세,자전거,상해없음,남,66세,자전거,중상,차대차 - 측면충돌,안전운전불이행,맑음,0,1
2017,서울특별시 중랑구2,서울특별시 중랑구 중화동(이화교옆 중랑천로 부근),2017-11-24,15시경,부상신고,여,49세,자전거,부상신고,남,75세,승용차,상해없음,차대차 - 기타,안전운전불이행,맑음,0,1
2017,서울특별시 중랑구2,서울특별시 중랑구 중화동(이화교옆 중랑천로 부근),2017-07-20,08시경,부상신고,여,49세,자전거,부상신고,남,47세,화물차,상해없음,차대차 - 기타,안전운전불이행,맑음,0,1
2017,서울특별시 중랑구2,서울특별시 중랑구 중화동(이화교옆 중랑천로 부근),2017-06-22,17시경,중상,남,66세,화물차,상해없음,남,69세,자전거,중상,차대차 - 정면충돌,안전운전불이행,맑음,0,1
2017,서울특별시 중랑구10,서울특별시 중랑구 중화동(봉화공원 부근),2017-03-16,12시경,경상,남,30세,승용차,상해없음,남,58세,자전거,경상,차대차 - 정면충돌,안전운전불이행,맑음,0,1
2017,서울특별시 중랑구10,서울특별시 중랑구 중화동(봉화공원 부근),2017-06-13,19시경,경상,남,63세,승용차,상해없음,여,56세,자전거,경상,차대차 - 측면충돌,기타,흐림,0,1
2017,서울특별시 중랑구10,서울특별시 중랑구 중화동(봉화공원 부근),2017-08-30,17시경,경상,남,69세,승용차,상해없음,여,60세,자전거,경상,차대차 - 기타,기타,맑음,0,1
2017,서울특별시 중랑구10,서울특별시 중랑구 중화동(봉화공원 부근),2017-07-07,20시경,경상,남,62세,자전거,경상,남,40세,승용차,상해없음,차대차 - 정면충돌,안전운전불이행,비,0,1
2017,서울특별시 중랑구10,서울특별시 중랑구 중화동(봉화공원 부근),2017-07-20,07시경,중상,여,55세,자전거,중상,여,39세,승용차,상해없음,차대차 - 정면충돌,안전운전불이행,맑음,0,1
2017,서울특별시 중랑구9,서울특별시 중랑구 망우동(신내지하차도사거리 부근),2017-11-07,06시경,경상,남,52세,승용차,상해없음,남,67세,자전거,경상,차대차 - 기타,기타,맑음,0,1
2017,서울특별시 중랑구9,서울특별시 중랑구 망우동(신내지하차도사거리 부근),2017-06-04,10시경,경상,남,73세,승용차,상해없음,남,66세,자전거,경상,차대차 - 추돌,안전운전불이행,맑음,0,1
2017,서울특별시 중랑구9,서울특별시 중랑구 망우동(신내지하차도사거리 부근),2017-02-27,12시경,부상신고,남,68세,자전거,부상신고,남,58세,승용차,상해없음,차대차 - 정면충돌,안전운전불이행,맑음,0,1
2017,서울특별시 중랑구9,서울특별시 중랑구 망우동(신내지하차도사거리 부근),2017-11-29,14시경,중상,남,77세,자전거,상해없음,남,59세,승합차,기타불명,차대차 - 기타,안전운전불이행,맑음,0,8
2017,서울특별시 중랑구9,서울특별시 중랑구 망우동(신내지하차도사거리 부근),2017-05-04,07시경,부상신고,여,25세,자전거,부상신고,남,57세,화물차,상해없음,차대차 - 정면충돌,안전운전불이행,맑음,0,1
2017,서울특별시 성북구2,서울특별시 성북구 하월곡동(GS칼텍스 효성주유소 부근),2017-08-02,17시경,경상,남,36세,승용차,상해없음,남,23세,자전거,경상,차대차 - 측면충돌,신호위반,맑음,0,1
2017,서울특별시 성북구2,서울특별시 성북구 하월곡동(GS칼텍스 효성주유소 부근),2017-03-23,19시경,경상,남,19세,원동기장치자전거,상해없음,여,46세,자전거,경상,차대차 - 기타,신호위반,맑음,0,1
2017,서울특별시 성북구2,서울특별시 성북구 하월곡동(GS칼텍스 효성주유소 부근),2017-04-03,12시경,부상신고,남,66세,자전거,부상신고,남,43세,승용차,상해없음,차대차 - 정면충돌,안전운전불이행,맑음,0,1
2017,서울특별시 성북구2,서울특별시 성북구 하월곡동(GS칼텍스 효성주유소 부근),2017-04-15,15시경,경상,남,71세,자전거,경상,남,61세,승용차,상해없음,차대차 - 측면충돌,불법유턴,맑음,0,1
2017,서울특별시 성북구2,서울특별시 성북구 하월곡동(GS칼텍스 효성주유소 부근),2017-05-29,10시경,중상,남,46세,화물차,상해없음,남,55세,자전거,중상,차대차 - 측면충돌,신호위반,맑음,0,1
2017,서울특별시 성북구4,서울특별시 성북구 하월곡동(월곡연세가정의학과의원 부근),2017-07-27,09시경,경상,남,57세,승용차,상해없음,남,30세,자전거,경상,차대차 - 기타,안전운전불이행,맑음,0,1
2017,서울특별시 성북구4,서울특별시 성북구 하월곡동(월곡연세가정의학과의원 부근),2017-01-07,17시경,경상,남,62세,승용차,상해없음,여,57세,자전거,경상,차대차 - 측면충돌,기타,맑음,0,1
2017,서울특별시 성북구4,서울특별시 성북구 하월곡동(월곡연세가정의학과의원 부근),2017-02-23,10시경,부상신고,남,54세,자전거,부상신고,남,32세,승용차,상해없음,차대차 - 측면충돌,중앙선침범,맑음,0,1
2017,서울특별시 성북구4,서울특별시 성북구 하월곡동(월곡연세가정의학과의원 부근),2017-06-04,23시경,경상,남,63세,자전거,경상,남,34세,승용차,상해없음,차대차 - 측면충돌,안전거리미확보,맑음,0,1
2017,서울특별시 성북구1,서울특별시 성북구 장위동(장위사거리 부근),2017-09-12,07시경,중상,남,55세,승용차,상해없음,남,69세,자전거,중상,차대차 - 측면충돌,교차로운행방법위반,맑음,0,1
2017,서울특별시 성북구1,서울특별시 성북구 장위동(장위사거리 부근),2017-09-28,08시경,경상,남,64세,승용차,상해없음,여,44세,자전거,경상,차대차 - 측면충돌,기타,맑음,0,1
2017,서울특별시 성북구1,서울특별시 성북구 장위동(장위사거리 부근),2017-04-11,08시경,중상,여,61세,승용차,상해없음,남,74세,자전거,중상,차대차 - 측면충돌,안전운전불이행,맑음,0,1
2017,서울특별시 성북구1,서울특별시 성북구 장위동(장위사거리 부근),2017-07-19,20시경,경상,남,47세,자전거,경상,남,54세,승용차,상해없음,차대차 - 정면충돌,안전운전불이행,맑음,0,1
2017,서울특별시 성북구1,서울특별시 성북구 장위동(장위사거리 부근),2017-11-08,04시경,사망,남,59세,자전거,사망,남,75세,화물차,상해없음,차대차 - 측면충돌,중앙선침범,맑음,1,0
2017,서울특별시 성북구1,서울특별시 성북구 장위동(장위사거리 부근),2017-02-09,15시경,경상,여,53세,자전거,경상,남,61세,승용차,상해없음,차대차 - 측면충돌,중앙선침범,맑음,0,1
2017,서울특별시 성북구1,서울특별시 성북구 장위동(장위사거리 부근),2017-04-03,09시경,중상,여,63세,자전거,중상,남,55세,승합차,상해없음,차대차 - 기타,안전운전불이행,맑음,0,1
2017,서울특별시 성북구1,서울특별시 성북구 장위동(장위사거리 부근),2017-07-11,18시경,경상,남,66세,화물차,상해없음,남,21세,자전거,경상,차대차 - 정면충돌,안전운전불이행,맑음,0,1
2017,서울특별시 성북구1,서울특별시 성북구 장위동(장위사거리 부근),2017-03-13,13시경,경상,여,58세,화물차,상해없음,남,61세,자전거,경상,차대차 - 측면충돌,안전운전불이행,맑음,0,1
2017,서울특별시 성북구3,서울특별시 성북구 석관동(돌곶이역 부근),2017-04-29,09시경,부상신고,기타불명,불명,불명,기타불명,남,69세,자전거,부상신고,차대차 - 기타,안전운전불이행,맑음,0,1
2017,서울특별시 성북구3,서울특별시 성북구 석관동(돌곶이역 부근),2017-08-12,06시경,중상,남,25세,승용차,상해없음,남,65세,자전거,중상,차대차 - 측면충돌,직진우회전진행방해,맑음,0,1
2017,서울특별시 성북구3,서울특별시 성북구 석관동(돌곶이역 부근),2017-07-22,14시경,경상,남,12세,자전거,경상,남,29세,승용차,상해없음,차대차 - 기타,중앙선침범,맑음,0,1
2017,서울특별시 성북구3,서울특별시 성북구 석관동(돌곶이역 부근),2017-07-05,09시경,경상,남,29세,자전거,상해없음,여,69세,보행자,경상,차대사람 - 보도통행중,기타,맑음,0,1
2017,서울특별시 성북구3,서울특별시 성북구 석관동(돌곶이역 부근),2017-11-06,14시경,경상,남,59세,자전거,상해없음,여,71세,보행자,경상,차대사람 - 횡단중,보행자보호의무위반,맑음,0,1
2017,서울특별시 강북구4,서울특별시 강북구 미아동(한국전력공사 강북성북지사 부근),2017-05-10,17시경,부상신고,남,56세,승용차,상해없음,남,45세,자전거,부상신고,차대차 - 기타,기타,맑음,0,1
2017,서울특별시 강북구4,서울특별시 강북구 미아동(한국전력공사 강북성북지사 부근),2017-07-04,14시경,경상,남,13세,자전거,상해없음,여,58세,보행자,경상,차대사람 - 횡단중,신호위반,맑음,0,1
2017,서울특별시 강북구4,서울특별시 강북구 미아동(한국전력공사 강북성북지사 부근),2017-10-09,16시경,경상,남,54세,자전거,상해없음,여,56세,보행자,경상,차대사람 - 기타,안전운전불이행,맑음,0,1
2017,서울특별시 강북구4,서울특별시 강북구 미아동(한국전력공사 강북성북지사 부근),2017-02-18,13시경,경상,남,51세,화물차,상해없음,남,57세,자전거,경상,차대차 - 추돌,안전운전불이행,맑음,0,1
2017,서울특별시 강북구4,서울특별시 강북구 미아동(한국전력공사 강북성북지사 부근),2017-06-26,13시경,경상,남,67세,화물차,상해없음,남,77세,자전거,경상,차대차 - 후진중충돌,안전운전불이행,맑음,0,1
2017,서울특별시 강북구9,서울특별시 강북구 미아동(삼양입구사거리 부근),2017-05-22,22시경,경상,남,29세,이륜차,경상,남,17세,자전거,경상,차대차 - 측면충돌,신호위반,맑음,0,2
2017,서울특별시 강북구9,서울특별시 강북구 미아동(삼양입구사거리 부근),2017-09-05,17시경,경상,남,49세,자전거,경상,남,45세,승합차,상해없음,차대차 - 기타,중앙선침범,맑음,0,2
2017,서울특별시 강북구9,서울특별시 강북구 미아동(삼양입구사거리 부근),2017-06-24,13시경,경상,남,58세,자전거,기타불명,남,35세,이륜차,경상,차대차 - 기타,중앙선침범,맑음,0,1
2017,서울특별시 강북구9,서울특별시 강북구 미아동(삼양입구사거리 부근),2017-08-09,20시경,경상,여,32세,자전거,경상,여,51세,승용차,상해없음,차대차 - 기타,안전운전불이행,맑음,0,1
2017,서울특별시 강북구3,서울특별시 강북구 번동(모아한의원 수유점 부근),2017-01-23,08시경,경상,여,48세,승용차,상해없음,여,49세,자전거,경상,차대차 - 측면충돌,안전운전불이행,맑음,0,1
2017,서울특별시 강북구3,서울특별시 강북구 번동(모아한의원 수유점 부근),2017-10-21,14시경,경상,남,37세,자전거,경상,남,30세,원동기장치자전거,경상,차대차 - 측면충돌,안전거리미확보,맑음,0,2
2017,서울특별시 강북구3,서울특별시 강북구 번동(모아한의원 수유점 부근),2017-04-10,15시경,경상,남,74세,자전거,경상,남,66세,승용차,상해없음,차대차 - 기타,신호위반,맑음,0,1
2017,서울특별시 강북구3,서울특별시 강북구 번동(모아한의원 수유점 부근),2017-11-25,11시경,경상,남,74세,자전거,경상,남,74세,승용차,상해없음,차대차 - 기타,안전운전불이행,눈,0,1
2017,서울특별시 강북구3,서울특별시 강북구 번동(모아한의원 수유점 부근),2017-07-01,06시경,경상,남,50세,화물차,상해없음,남,83세,자전거,경상,차대차 - 기타,안전운전불이행,맑음,0,1
2017,서울특별시 강북구7,서울특별시 강북구 번동(번동중학교정문 부근),2017-08-19,07시경,중상,남,40세,승용차,상해없음,남,68세,자전거,중상,차대차 - 측면충돌,안전운전불이행,맑음,0,1
2017,서울특별시 강북구7,서울특별시 강북구 번동(번동중학교정문 부근),2017-06-10,14시경,경상,남,67세,승용차,상해없음,남,17세,자전거,경상,차대차 - 측면충돌,교차로운행방법위반,맑음,0,1
2017,서울특별시 강북구7,서울특별시 강북구 번동(번동중학교정문 부근),2017-11-07,11시경,중상,남,48세,승합차,상해없음,남,66세,자전거,중상,차대차 - 기타,직진우회전진행방해,맑음,0,1
2017,서울특별시 강북구7,서울특별시 강북구 번동(번동중학교정문 부근),2017-11-14,09시경,경상,여,23세,자전거,상해없음,여,60세,보행자,경상,차대사람 - 횡단중,신호위반,맑음,0,1
2017,서울특별시 강북구1,서울특별시 강북구 수유동(수유사거리 부근),2017-03-23,12시경,경상,기타불명,불명,불명,기타불명,남,82세,자전거,경상,차대차 - 기타,안전운전불이행,맑음,0,1
2017,서울특별시 강북구1,서울특별시 강북구 수유동(수유사거리 부근),2017-07-19,06시경,경상,기타불명,불명,불명,기타불명,여,62세,자전거,경상,차대차 - 측면충돌,기타,맑음,0,1
2017,서울특별시 강북구1,서울특별시 강북구 수유동(수유사거리 부근),2017-03-23,06시경,중상,남,70세,승용차,상해없음,남,70세,자전거,중상,차대차 - 측면충돌,안전운전불이행,맑음,0,1
2017,서울특별시 강북구1,서울특별시 강북구 수유동(수유사거리 부근),2017-07-27,13시경,경상,여,52세,승용차,상해없음,남,70세,자전거,경상,차대차 - 추돌,안전운전불이행,맑음,0,1
2017,서울특별시 강북구1,서울특별시 강북구 수유동(수유사거리 부근),2017-05-24,18시경,중상,남,33세,이륜차,상해없음,남,14세,자전거,중상,차대차 - 기타,중앙선침범,맑음,0,1
2017,서울특별시 강북구1,서울특별시 강북구 수유동(수유사거리 부근),2017-01-25,09시경,중상,남,70세,자전거,중상,남,48세,승용차,상해없음,차대차 - 측면충돌,안전운전불이행,맑음,0,1
2017,서울특별시 강북구2,서울특별시 강북구 수유동(선아트빌 부근),2017-06-16,22시경,경상,남,63세,승용차,상해없음,남,14세,자전거,경상,차대차 - 기타,기타,흐림,0,1
2017,서울특별시 강북구2,서울특별시 강북구 수유동(선아트빌 부근),2017-07-02,13시경,경상,남,38세,원동기장치자전거,상해없음,남,14세,자전거,경상,차대차 - 기타,안전운전불이행,맑음,0,1
2017,서울특별시 강북구2,서울특별시 강북구 수유동(선아트빌 부근),2017-10-20,09시경,경상,남,38세,원동기장치자전거,상해없음,남,56세,자전거,경상,차대차 - 측면충돌,안전운전불이행,맑음,0,1
2017,서울특별시 강북구2,서울특별시 강북구 수유동(선아트빌 부근),2017-06-05,08시경,경상,남,12세,자전거,경상,남,57세,승용차,상해없음,차대차 - 측면충돌,안전운전불이행,맑음,0,1
2017,서울특별시 강북구2,서울특별시 강북구 수유동(선아트빌 부근),2017-08-09,18시경,중상,남,13세,자전거,경상,여,67세,보행자,중상,차대사람 - 차도통행중,안전운전불이행,흐림,0,2
2017,서울특별시 강북구2,서울특별시 강북구 수유동(선아트빌 부근),2017-11-29,12시경,경상,여,67세,자전거,경상,남,63세,원동기장치자전거,상해없음,차대차 - 측면충돌,신호위반,맑음,0,1
2017,서울특별시 강북구5,서울특별시 강북구 수유동(한신대사거리 부근),2017-03-18,18시경,중상,남,31세,승용차,상해없음,남,11세,자전거,중상,차대차 - 측면충돌,안전운전불이행,맑음,0,1
2017,서울특별시 강북구5,서울특별시 강북구 수유동(한신대사거리 부근),2017-10-17,00시경,중상,남,38세,자전거,상해없음,남,15세,자전거,중상,차대차 - 측면충돌,안전운전불이행,맑음,0,1
2017,서울특별시 강북구5,서울특별시 강북구 수유동(한신대사거리 부근),2017-11-09,15시경,경상,남,59세,자전거,경상,남,60세,승합차,상해없음,차대차 - 측면충돌,기타,맑음,0,1
2017,서울특별시 강북구5,서울특별시 강북구 수유동(한신대사거리 부근),2017-07-12,09시경,중상,남,84세,자전거,상해없음,남,51세,승합차,상해없음,차대차 - 기타,중앙선침범,맑음,0,4
2017,서울특별시 강북구6,서울특별시 강북구 수유동(서울수유3동우체국 부근),2017-04-20,09시경,중상,남,32세,승용차,상해없음,남,83세,자전거,중상,차대차 - 측면충돌,안전운전불이행,맑음,0,1
2017,서울특별시 강북구6,서울특별시 강북구 수유동(서울수유3동우체국 부근),2017-02-16,13시경,중상,남,51세,승용차,상해없음,남,78세,자전거,중상,차대차 - 측면충돌,안전운전불이행,맑음,0,1
2017,서울특별시 강북구6,서울특별시 강북구 수유동(서울수유3동우체국 부근),2017-06-23,09시경,경상,남,25세,원동기장치자전거,부상신고,남,79세,자전거,경상,차대차 - 측면충돌,신호위반,맑음,0,2
2017,서울특별시 강북구6,서울특별시 강북구 수유동(서울수유3동우체국 부근),2017-04-09,01시경,경상,여,45세,자전거,상해없음,남,22세,보행자,경상,차대사람 - 차도통행중,안전운전불이행,비,0,1
2017,서울특별시 강북구8,서울특별시 강북구 수유동(광산교회 부근),2017-03-08,16시경,경상,남,70세,승용차,상해없음,남,48세,자전거,경상,차대차 - 측면충돌,안전운전불이행,맑음,0,1
2017,서울특별시 강북구8,서울특별시 강북구 수유동(광산교회 부근),2017-05-06,22시경,중상,남,25세,자전거,경상,남,40세,이륜차,중상,차대차 - 측면충돌,중앙선침범,맑음,0,2
2017,서울특별시 강북구8,서울특별시 강북구 수유동(광산교회 부근),2017-08-29,12시경,경상,남,61세,자전거,상해없음,남,21세,원동기장치자전거,경상,차대차 - 측면충돌,안전거리미확보,흐림,0,1
2017,서울특별시 강북구8,서울특별시 강북구 수유동(광산교회 부근),2017-02-22,08시경,경상,여,49세,자전거,경상,남,67세,승용차,상해없음,차대차 - 측면충돌,기타,눈,0,1
2017,서울특별시 도봉구1,서울특별시 도봉구 방학동(서울문화고교 부근),2017-06-05,20시경,중상,남,63세,승용차,상해없음,남,15세,자전거,중상,차대차 - 측면충돌,교차로운행방법위반,맑음,0,1
2017,서울특별시 도봉구1,서울특별시 도봉구 방학동(서울문화고교 부근),2017-09-08,14시경,중상,남,67세,승용차,상해없음,남,77세,자전거,중상,차대차 - 측면충돌,직진우회전진행방해,맑음,0,1
2017,서울특별시 도봉구1,서울특별시 도봉구 방학동(서울문화고교 부근),2017-08-25,06시경,경상,여,51세,승용차,상해없음,여,57세,자전거,경상,차대차 - 측면충돌,안전운전불이행,맑음,0,1
2017,서울특별시 도봉구1,서울특별시 도봉구 방학동(서울문화고교 부근),2017-11-09,10시경,경상,남,17세,이륜차,상해없음,남,67세,자전거,경상,차대차 - 측면충돌,신호위반,맑음,0,1
2017,서울특별시 도봉구1,서울특별시 도봉구 방학동(서울문화고교 부근),2017-10-14,19시경,중상,남,60세,자전거,중상,남,17세,원동기장치자전거,상해없음,차대차 - 측면충돌,안전운전불이행,맑음,0,1
2017,서울특별시 도봉구1,서울특별시 도봉구 방학동(서울문화고교 부근),2017-08-31,15시경,중상,남,72세,자전거,중상,남,65세,화물차,상해없음,차대차 - 측면충돌,신호위반,맑음,0,1
2017,서울특별시 도봉구1,서울특별시 도봉구 방학동(서울문화고교 부근),2017-02-23,15시경,경상,남,86세,자전거,경상,남,69세,승용차,상해없음,차대차 - 측면충돌,교차로운행방법위반,맑음,0,1
2017,서울특별시 도봉구2,서울특별시 도봉구 방학동(로뎀감리교회 부근),2017-02-09,18시경,경상,여,51세,승용차,상해없음,여,34세,자전거,경상,차대차 - 측면충돌,중앙선침범,맑음,0,2
2017,서울특별시 도봉구2,서울특별시 도봉구 방학동(로뎀감리교회 부근),2017-11-01,07시경,경상,여,62세,승용차,상해없음,남,61세,자전거,경상,차대차 - 측면충돌,직진우회전진행방해,맑음,0,1
2017,서울특별시 도봉구2,서울특별시 도봉구 방학동(로뎀감리교회 부근),2017-10-11,10시경,중상,여,65세,승용차,상해없음,남,82세,자전거,중상,차대차 - 추돌,안전운전불이행,맑음,0,1
2017,서울특별시 도봉구2,서울특별시 도봉구 방학동(로뎀감리교회 부근),2017-07-05,19시경,중상,남,54세,원동기장치자전거,상해없음,남,23세,자전거,중상,차대차 - 정면충돌,안전운전불이행,맑음,0,1
2017,서울특별시 도봉구2,서울특별시 도봉구 방학동(로뎀감리교회 부근),2017-09-18,11시경,부상신고,남,15세,자전거,부상신고,여,44세,승용차,상해없음,차대차 - 측면충돌,직진우회전진행방해,맑음,0,1
2017,서울특별시 도봉구2,서울특별시 도봉구 방학동(로뎀감리교회 부근),2017-11-15,11시경,부상신고,남,76세,자전거,부상신고,남,65세,승용차,상해없음,차대차 - 측면충돌,안전운전불이행,맑음,0,1
2017,서울특별시 도봉구2,서울특별시 도봉구 방학동(로뎀감리교회 부근),2017-08-21,10시경,경상,여,35세,자전거,경상,남,63세,승용차,상해없음,차대차 - 측면충돌,중앙선침범,흐림,0,1
2017,서울특별시 도봉구3,서울특별시 도봉구 도봉동(도봉1교 부근),2017-12-28,11시경,중상,여,58세,승용차,상해없음,남,69세,자전거,중상,차대차 - 측면충돌,안전운전불이행,맑음,0,1
2017,서울특별시 도봉구3,서울특별시 도봉구 도봉동(도봉1교 부근),2017-04-22,12시경,중상,남,11세,자전거,상해없음,여,63세,보행자,중상,차대사람 - 횡단중,안전운전불이행,맑음,0,1
2017,서울특별시 도봉구3,서울특별시 도봉구 도봉동(도봉1교 부근),2017-05-29,21시경,경상,남,14세,자전거,상해없음,여,54세,보행자,경상,차대사람 - 횡단중,신호위반,맑음,0,1
2017,서울특별시 도봉구3,서울특별시 도봉구 도봉동(도봉1교 부근),2017-08-29,19시경,중상,남,34세,자전거,상해없음,여,46세,자전거,중상,차대차 - 정면충돌,안전운전불이행,맑음,0,1
2017,서울특별시 도봉구3,서울특별시 도봉구 도봉동(도봉1교 부근),2017-08-22,13시경,경상,남,39세,자전거,상해없음,남,57세,자전거,경상,차대차 - 정면충돌,직진우회전진행방해,맑음,0,1
2017,서울특별시 도봉구3,서울특별시 도봉구 도봉동(도봉1교 부근),2017-07-27,06시경,중상,남,52세,자전거,상해없음,남,75세,자전거,중상,차대차 - 정면충돌,안전운전불이행,맑음,0,1
2017,서울특별시 도봉구4,서울특별시 도봉구 도봉동(신도봉사거리 부근),2017-06-08,20시경,중상,여,52세,승용차,상해없음,남,42세,자전거,중상,차대차 - 측면충돌,안전운전불이행,맑음,0,1
2017,서울특별시 도봉구4,서울특별시 도봉구 도봉동(신도봉사거리 부근),2017-04-29,09시경,중상,여,55세,승용차,상해없음,여,62세,자전거,중상,차대차 - 측면충돌,직진우회전진행방해,맑음,0,1
2017,서울특별시 도봉구4,서울특별시 도봉구 도봉동(신도봉사거리 부근),2017-12-01,14시경,중상,남,63세,자전거,중상,남,72세,승용차,상해없음,차대차 - 측면충돌,안전운전불이행,맑음,0,1
2017,서울특별시 도봉구4,서울특별시 도봉구 도봉동(신도봉사거리 부근),2017-11-02,09시경,중상,남,77세,자전거,상해없음,여,79세,자전거,중상,차대차 - 기타,안전운전불이행,맑음,0,1
2017,서울특별시 도봉구4,서울특별시 도봉구 도봉동(신도봉사거리 부근),2017-11-01,11시경,경상,여,62세,자전거,경상,남,51세,승용차,상해없음,차대차 - 측면충돌,안전운전불이행,맑음,0,1
2017,서울특별시 노원구1,서울특별시 노원구 공릉동(노원문화원 부근),2017-10-21,17시경,경상,남,54세,승용차,상해없음,남,10세,자전거,부상신고,차대차 - 측면충돌,신호위반,맑음,0,2
2017,서울특별시 노원구1,서울특별시 노원구 공릉동(노원문화원 부근),2017-01-04,15시경,경상,남,11세,자전거,경상,여,33세,승용차,상해없음,차대차 - 정면충돌,신호위반,맑음,0,1
2017,서울특별시 노원구1,서울특별시 노원구 공릉동(노원문화원 부근),2017-06-01,21시경,중상,남,17세,자전거,중상,남,21세,원동기장치자전거,상해없음,차대차 - 기타,중앙선침범,맑음,0,1
2017,서울특별시 노원구1,서울특별시 노원구 공릉동(노원문화원 부근),2017-03-17,08시경,부상신고,여,54세,자전거,부상신고,남,45세,승용차,상해없음,차대차 - 측면충돌,안전운전불이행,맑음,0,1
2017,서울특별시 노원구3,서울특별시 노원구 상계동(상계11-13단지사거리 부근),2017-07-03,16시경,경상,기타불명,불명,불명,기타불명,여,36세,자전거,경상,차대차 - 기타,안전운전불이행,맑음,0,1
2017,서울특별시 노원구3,서울특별시 노원구 상계동(상계11-13단지사거리 부근),2017-10-13,19시경,경상,남,58세,승용차,상해없음,남,17세,자전거,경상,차대차 - 측면충돌,기타,맑음,0,1
2017,서울특별시 노원구3,서울특별시 노원구 상계동(상계11-13단지사거리 부근),2017-06-16,21시경,부상신고,남,20세,이륜차,상해없음,남,12세,자전거,부상신고,차대차 - 기타,중앙선침범,맑음,0,1
2017,서울특별시 노원구3,서울특별시 노원구 상계동(상계11-13단지사거리 부근),2017-01-04,22시경,경상,남,40세,자전거,상해없음,여,44세,보행자,경상,차대사람 - 기타,안전운전불이행,맑음,0,1
2017,서울특별시 노원구2,서울특별시 노원구 중계동(수암초교앞삼거리 부근),2017-06-03,14시경,경상,남,42세,승용차,상해없음,남,16세,자전거,경상,차대차 - 기타,신호위반,맑음,0,1
2017,서울특별시 노원구2,서울특별시 노원구 중계동(수암초교앞삼거리 부근),2017-03-30,16시경,중상,여,42세,승용차,기타불명,남,75세,자전거,중상,차대차 - 측면충돌,안전운전불이행,맑음,0,1
2017,서울특별시 노원구2,서울특별시 노원구 중계동(수암초교앞삼거리 부근),2017-04-21,19시경,부상신고,남,10세,자전거,부상신고,여,39세,승용차,상해없음,차대차 - 측면충돌,안전운전불이행,맑음,0,1
2017,서울특별시 노원구2,서울특별시 노원구 중계동(수암초교앞삼거리 부근),2017-04-02,16시경,경상,남,62세,자전거,상해없음,남,77세,자전거,경상,차대차 - 기타,안전운전불이행,맑음,0,1
2017,서울특별시 은평구2,서울특별시 은평구 불광동(불광역6호선 부근),2017-01-17,12시경,중상,남,36세,승용차,상해없음,남,84세,자전거,중상,차대차 - 기타,안전운전불이행,맑음,0,1
2017,서울특별시 은평구2,서울특별시 은평구 불광동(불광역6호선 부근),2017-03-18,10시경,경상,남,54세,승용차,상해없음,남,72세,자전거,경상,차대차 - 측면충돌,기타,맑음,0,1
2017,서울특별시 은평구2,서울특별시 은평구 불광동(불광역6호선 부근),2017-10-24,16시경,경상,남,60세,원동기장치자전거,상해없음,여,41세,자전거,경상,차대차 - 추돌,안전운전불이행,맑음,0,1
2017,서울특별시 은평구2,서울특별시 은평구 불광동(불광역6호선 부근),2017-04-23,11시경,중상,남,21세,이륜차,부상신고,남,9세,자전거,중상,차대차 - 측면충돌,신호위반,맑음,0,2
2017,서울특별시 은평구2,서울특별시 은평구 불광동(불광역6호선 부근),2017-06-04,12시경,부상신고,남,56세,자전거,부상신고,남,32세,승용차,상해없음,차대차 - 기타,안전운전불이행,맑음,0,1
2017,서울특별시 은평구2,서울특별시 은평구 불광동(불광역6호선 부근),2017-02-03,06시경,경상,여,52세,자전거,경상,남,52세,승용차,상해없음,차대차 - 측면충돌,안전운전불이행,맑음,0,1
2017,서울특별시 은평구2,서울특별시 은평구 불광동(불광역6호선 부근),2017-04-11,16시경,중상,남,63세,화물차,상해없음,남,77세,자전거,중상,차대차 - 측면충돌,신호위반,맑음,0,1
2017,서울특별시 은평구3,서울특별시 은평구 응암동(응암오거리 부근),2017-04-12,21시경,경상,여,45세,승용차,상해없음,여,53세,자전거,경상,차대차 - 기타,안전운전불이행,맑음,0,1
2017,서울특별시 은평구3,서울특별시 은평구 응암동(응암오거리 부근),2017-04-10,07시경,중상,남,16세,자전거,상해없음,여,86세,보행자,중상,차대사람 - 기타,안전운전불이행,맑음,0,1
2017,서울특별시 은평구3,서울특별시 은평구 응암동(응암오거리 부근),2017-11-21,03시경,부상신고,남,59세,자전거,부상신고,남,31세,승용차,상해없음,차대차 - 측면충돌,중앙선침범,맑음,0,1
2017,서울특별시 은평구3,서울특별시 은평구 응암동(응암오거리 부근),2017-08-23,10시경,부상신고,남,71세,자전거,부상신고,남,63세,승합차,상해없음,차대차 - 측면충돌,교차로운행방법위반,흐림,0,1
2017,서울특별시 은평구3,서울특별시 은평구 응암동(응암오거리 부근),2017-09-22,15시경,경상,여,72세,자전거,경상,남,47세,승용차,상해없음,차대차 - 기타,안전운전불이행,맑음,0,1
2017,서울특별시 은평구1,서울특별시 은평구 신사동(신사오거리 부근),2017-05-25,16시경,경상,여,34세,승용차,상해없음,남,62세,자전거,경상,차대차 - 측면충돌,기타,맑음,0,1
2017,서울특별시 은평구1,서울특별시 은평구 신사동(신사오거리 부근),2017-06-25,18시경,중상,남,15세,자전거,중상,남,46세,보행자,중상,차대사람 - 횡단중,신호위반,맑음,0,2