사고년도,다발시군구,지점명,사고일시,사고시간대,사고등급,가해자성별,가해자연령,가해차종,가해자신체상해정도,피해자성별,피해자연령,피해차종,피해자신체상해정도,사고유형,가해자법규위반,기상상태,사망자수,부상자수
2017,대구광역시 동구2,대구광역시 동구 율하동(성도약국 부근),2017-04-20,08시경,경상,여,25세,승용차,상해없음,남,26세,자전거,경상,차대차 - 측면충돌,안전운전불이행,맑음,0,1
2017,대구광역시 동구2,대구광역시 동구 율하동(성도약국 부근),2017-11-04,22시경,경상,남,55세,이륜차,경상,여,58세,자전거,경상,차대차 - 측면충돌,직진우회전진행방해,맑음,0,2
2017,대구광역시 동구2,대구광역시 동구 율하동(성도약국 부근),2017-06-29,16시경,부상신고,남,8세,자전거,부상신고,여,40세,승용차,상해없음,차대차 - 측면충돌,안전운전불이행,맑음,0,1
2017,대구광역시 동구2,대구광역시 동구 율하동(성도약국 부근),2017-08-01,12시경,경상,남,39세,화물차,상해없음,남,53세,자전거,경상,차대차 - 측면충돌,안전운전불이행,맑음,0,1
2017,대구광역시 동구5,대구광역시 동구 율하동(율하교 부근),2017-10-16,05시경,중상,남,71세,승용차,상해없음,남,80세,자전거,중상,차대차 - 측면충돌,신호위반,맑음,0,1
2017,대구광역시 동구5,대구광역시 동구 율하동(율하교 부근),2017-09-09,16시경,중상,여,35세,자전거,중상,남,74세,승용차,상해없음,차대차 - 기타,안전운전불이행,맑음,0,1
2017,대구광역시 동구5,대구광역시 동구 율하동(율하교 부근),2017-11-01,07시경,부상신고,여,64세,자전거,부상신고,남,50세,승합차,상해없음,차대차 - 기타,안전운전불이행,맑음,0,1
2017,대구광역시 동구5,대구광역시 동구 율하동(율하교 부근),2017-08-25,11시경,경상,남,59세,화물차,상해없음,여,53세,자전거,경상,차대차 - 기타,안전운전불이행,맑음,0,1
2017,대구광역시 동구4,대구광역시 동구 용계동(반야월삼거리 부근),2017-05-15,13시경,중상,남,29세,승용차,상해없음,남,15세,자전거,경상,차대차 - 측면충돌,안전운전불이행,맑음,0,2
2017,대구광역시 동구4,대구광역시 동구 용계동(반야월삼거리 부근),2017-09-01,20시경,경상,여,26세,승용차,상해없음,남,20세,자전거,경상,차대차 - 정면충돌,안전운전불이행,맑음,0,1
2017,대구광역시 동구4,대구광역시 동구 용계동(반야월삼거리 부근),2017-09-23,18시경,중상,여,32세,승용차,상해없음,여,58세,자전거,중상,차대차 - 측면충돌,안전운전불이행,맑음,0,1
2017,대구광역시 동구4,대구광역시 동구 용계동(반야월삼거리 부근),2017-08-22,09시경,경상,남,60세,자전거,상해없음,남,41세,보행자,경상,차대사람 - 보도통행중,안전운전불이행,맑음,0,1
2017,대구광역시 서구6,대구광역시 서구 내당동(두류네거리 부근),2017-05-06,10시경,경상,남,24세,이륜차,기타불명,남,13세,자전거,경상,차대차 - 측면충돌,신호위반,맑음,0,1
2017,대구광역시 서구6,대구광역시 서구 내당동(두류네거리 부근),2017-09-14,23시경,중상,남,31세,자전거,중상,남,25세,승용차,상해없음,차대차 - 측면충돌,안전운전불이행,맑음,0,1
2017,대구광역시 서구6,대구광역시 서구 내당동(두류네거리 부근),2017-01-31,16시경,부상신고,남,39세,자전거,부상신고,남,20세,이륜차,상해없음,차대차 - 측면충돌,신호위반,맑음,0,1
2017,대구광역시 서구6,대구광역시 서구 내당동(두류네거리 부근),2017-10-01,13시경,부상신고,남,56세,자전거,부상신고,여,36세,승용차,상해없음,차대차 - 측면충돌,안전운전불이행,맑음,0,1
2017,대구광역시 서구6,대구광역시 서구 내당동(두류네거리 부근),2017-09-30,22시경,경상,남,76세,자전거,경상,남,54세,승용차,상해없음,차대차 - 측면충돌,안전운전불이행,맑음,0,1
2017,대구광역시 서구1,대구광역시 서구 비산동(북비산네거리 부근),2017-09-20,22시경,경상,남,47세,승용차,상해없음,남,58세,자전거,경상,차대차 - 측면충돌,안전운전불이행,맑음,0,1
2017,대구광역시 서구1,대구광역시 서구 비산동(북비산네거리 부근),2017-09-12,07시경,부상신고,남,49세,승용차,상해없음,여,58세,자전거,부상신고,차대차 - 측면충돌,안전운전불이행,맑음,0,1
2017,대구광역시 서구1,대구광역시 서구 비산동(북비산네거리 부근),2017-04-21,12시경,중상,남,56세,승용차,상해없음,여,65세,자전거,중상,차대차 - 측면충돌,안전운전불이행,맑음,0,1
2017,대구광역시 서구1,대구광역시 서구 비산동(북비산네거리 부근),2017-11-27,16시경,경상,여,56세,승용차,상해없음,남,11세,자전거,경상,차대차 - 측면충돌,기타,맑음,0,1
2017,대구광역시 서구1,대구광역시 서구 비산동(북비산네거리 부근),2017-02-24,08시경,경상,남,74세,원동기장치자전거,상해없음,여,50세,자전거,경상,차대차 - 측면충돌,안전운전불이행,맑음,0,1
2017,대구광역시 서구1,대구광역시 서구 비산동(북비산네거리 부근),2017-05-31,18시경,부상신고,남,36세,자전거,부상신고,남,45세,승용차,상해없음,차대차 - 측면충돌,안전운전불이행,맑음,0,1
2017,대구광역시 서구1,대구광역시 서구 비산동(북비산네거리 부근),2017-08-18,08시경,중상,남,58세,자전거,중상,남,65세,화물차,상해없음,차대차 - 측면충돌,안전운전불이행,맑음,0,1
2017,대구광역시 서구1,대구광역시 서구 비산동(북비산네거리 부근),2017-05-25,16시경,경상,남,68세,자전거,경상,남,62세,승합차,상해없음,차대차 - 측면충돌,안전운전불이행,맑음,0,1
2017,대구광역시 서구1,대구광역시 서구 비산동(북비산네거리 부근),2017-12-29,14시경,경상,남,77세,자전거,경상,남,61세,승용차,상해없음,차대차 - 측면충돌,안전운전불이행,맑음,0,1
2017,대구광역시 서구1,대구광역시 서구 비산동(북비산네거리 부근),2017-03-22,10시경,경상,남,35세,화물차,상해없음,남,29세,자전거,경상,차대차 - 측면충돌,교차로운행방법위반,맑음,0,1
2017,대구광역시 서구1,대구광역시 서구 비산동(북비산네거리 부근),2017-05-30,08시경,경상,남,49세,화물차,상해없음,남,48세,자전거,경상,차대차 - 측면충돌,안전운전불이행,맑음,0,1
2017,대구광역시 서구1,대구광역시 서구 비산동(북비산네거리 부근),2017-12-28,13시경,부상신고,남,61세,화물차,상해없음,남,81세,자전거,부상신고,차대차 - 측면충돌,안전운전불이행,맑음,0,1
2017,대구광역시 서구2,대구광역시 서구 비산동(원대네거리 부근),2017-01-05,02시경,경상,남,18세,승용차,상해없음,여,55세,자전거,경상,차대차 - 측면충돌,안전운전불이행,맑음,0,1
2017,대구광역시 서구2,대구광역시 서구 비산동(원대네거리 부근),2017-12-18,11시경,경상,남,30세,승용차,상해없음,남,72세,자전거,경상,차대차 - 측면충돌,직진우회전진행방해,맑음,0,1
2017,대구광역시 서구2,대구광역시 서구 비산동(원대네거리 부근),2017-11-15,14시경,경상,남,32세,승용차,상해없음,남,72세,자전거,경상,차대차 - 측면충돌,안전운전불이행,맑음,0,1
2017,대구광역시 서구2,대구광역시 서구 비산동(원대네거리 부근),2017-02-17,08시경,경상,남,43세,승용차,상해없음,여,31세,자전거,경상,차대차 - 측면충돌,안전운전불이행,맑음,0,1
2017,대구광역시 서구2,대구광역시 서구 비산동(원대네거리 부근),2017-09-23,19시경,경상,남,50세,승용차,기타불명,남,58세,자전거,경상,차대차 - 측면충돌,안전운전불이행,맑음,0,1
2017,대구광역시 서구2,대구광역시 서구 비산동(원대네거리 부근),2017-08-14,11시경,경상,남,53세,승용차,상해없음,남,11세,자전거,경상,차대차 - 측면충돌,안전운전불이행,비,0,1
2017,대구광역시 서구2,대구광역시 서구 비산동(원대네거리 부근),2017-07-22,01시경,경상,남,61세,승용차,상해없음,남,68세,자전거,경상,차대차 - 측면충돌,안전운전불이행,맑음,0,1
2017,대구광역시 서구2,대구광역시 서구 비산동(원대네거리 부근),2017-09-07,21시경,경상,여,52세,승용차,상해없음,남,67세,자전거,경상,차대차 - 측면충돌,기타,맑음,0,1
2017,대구광역시 서구2,대구광역시 서구 비산동(원대네거리 부근),2017-06-02,13시경,경상,남,54세,승합차,상해없음,남,30세,자전거,경상,차대차 - 측면충돌,신호위반,맑음,0,1
2017,대구광역시 서구2,대구광역시 서구 비산동(원대네거리 부근),2017-10-30,07시경,경상,남,18세,자전거,경상,남,56세,승용차,상해없음,차대차 - 측면충돌,안전운전불이행,맑음,0,1
2017,대구광역시 서구2,대구광역시 서구 비산동(원대네거리 부근),2017-11-22,11시경,중상,남,78세,자전거,중상,여,50세,승용차,상해없음,차대차 - 측면충돌,안전운전불이행,맑음,0,1
2017,대구광역시 서구4,대구광역시 서구 비산동(비산네거리 부근),2017-06-20,16시경,중상,남,50세,승용차,상해없음,남,68세,자전거,중상,차대차 - 측면충돌,안전운전불이행,맑음,0,1
2017,대구광역시 서구4,대구광역시 서구 비산동(비산네거리 부근),2017-05-29,00시경,중상,남,68세,승용차,상해없음,남,47세,자전거,중상,차대차 - 측면충돌,신호위반,맑음,0,1
2017,대구광역시 서구4,대구광역시 서구 비산동(비산네거리 부근),2017-08-01,17시경,경상,여,64세,승용차,상해없음,남,61세,자전거,경상,차대차 - 기타,불법유턴,맑음,0,1
2017,대구광역시 서구4,대구광역시 서구 비산동(비산네거리 부근),2017-06-17,17시경,중상,남,56세,승합차,상해없음,남,11세,자전거,중상,차대차 - 측면충돌,안전운전불이행,맑음,0,1
2017,대구광역시 서구4,대구광역시 서구 비산동(비산네거리 부근),2017-03-23,20시경,경상,남,13세,자전거,경상,남,64세,승용차,상해없음,차대차 - 측면충돌,안전운전불이행,맑음,0,1
2017,대구광역시 서구4,대구광역시 서구 비산동(비산네거리 부근),2017-05-30,19시경,경상,남,39세,자전거,상해없음,여,46세,보행자,경상,차대사람 - 보도통행중,기타,맑음,0,1
2017,대구광역시 서구4,대구광역시 서구 비산동(비산네거리 부근),2017-11-11,07시경,경상,남,54세,자전거,경상,남,38세,승용차,상해없음,차대차 - 기타,중앙선침범,맑음,0,1
2017,대구광역시 서구7,대구광역시 서구 비산동(북부정류장사거리 부근),2017-04-12,08시경,중상,남,50세,승용차,상해없음,여,43세,자전거,중상,차대차 - 측면충돌,기타,맑음,0,1
2017,대구광역시 서구7,대구광역시 서구 비산동(북부정류장사거리 부근),2017-10-11,07시경,경상,남,64세,승용차,상해없음,여,57세,자전거,부상신고,차대차 - 측면충돌,기타,맑음,0,3
2017,대구광역시 서구7,대구광역시 서구 비산동(북부정류장사거리 부근),2017-10-31,17시경,부상신고,남,49세,자전거,부상신고,남,62세,화물차,상해없음,차대차 - 측면충돌,안전운전불이행,맑음,0,1
2017,대구광역시 서구7,대구광역시 서구 비산동(북부정류장사거리 부근),2017-11-20,17시경,경상,남,79세,자전거,경상,남,73세,승용차,상해없음,차대차 - 측면충돌,안전운전불이행,맑음,0,1
2017,대구광역시 서구8,대구광역시 서구 평리동(서도초교 부근),2017-03-18,15시경,경상,남,39세,승용차,상해없음,남,69세,자전거,경상,차대차 - 측면충돌,안전운전불이행,맑음,0,1
2017,대구광역시 서구8,대구광역시 서구 평리동(서도초교 부근),2017-10-20,21시경,경상,남,10세,자전거,경상,남,62세,승용차,상해없음,차대차 - 측면충돌,안전운전불이행,맑음,0,1
2017,대구광역시 서구8,대구광역시 서구 평리동(서도초교 부근),2017-04-16,23시경,경상,남,46세,자전거,경상,남,50세,승합차,상해없음,차대차 - 측면충돌,안전운전불이행,맑음,0,1
2017,대구광역시 서구8,대구광역시 서구 평리동(서도초교 부근),2017-06-03,18시경,경상,여,73세,자전거,경상,여,40세,승용차,기타불명,차대차 - 측면충돌,안전운전불이행,맑음,0,1
2017,대구광역시 서구5,대구광역시 서구 중리동(중리공원 부근),2017-08-04,17시경,부상신고,남,12세,자전거,부상신고,여,53세,승용차,상해없음,차대차 - 측면충돌,안전운전불이행,맑음,0,1
2017,대구광역시 서구5,대구광역시 서구 중리동(중리공원 부근),2017-01-13,07시경,경상,남,69세,자전거,경상,여,49세,승용차,기타불명,차대차 - 추돌,차로위반,맑음,0,1
2017,대구광역시 서구5,대구광역시 서구 중리동(중리공원 부근),2017-11-01,12시경,경상,남,76세,자전거,경상,남,56세,화물차,상해없음,차대차 - 기타,안전운전불이행,맑음,0,1
2017,대구광역시 서구5,대구광역시 서구 중리동(중리공원 부근),2017-04-24,09시경,경상,남,82세,자전거,경상,남,27세,승용차,상해없음,차대차 - 측면충돌,안전운전불이행,맑음,0,1
2017,대구광역시 서구5,대구광역시 서구 중리동(중리공원 부근),2017-07-26,08시경,중상,남,85세,자전거,중상,남,40세,승용차,상해없음,차대차 - 측면충돌,안전운전불이행,맑음,0,1
2017,대구광역시 서구3,대구광역시 서구 원대동3가(코리아마트 부근),2017-09-29,09시경,중상,남,24세,승용차,상해없음,여,65세,자전거,중상,차대차 - 측면충돌,안전운전불이행,맑음,0,1
2017,대구광역시 서구3,대구광역시 서구 원대동3가(코리아마트 부근),2017-11-15,14시경,경상,남,32세,승용차,상해없음,남,72세,자전거,경상,차대차 - 측면충돌,안전운전불이행,맑음,0,1
2017,대구광역시 서구3,대구광역시 서구 원대동3가(코리아마트 부근),2017-08-14,11시경,경상,남,53세,승용차,상해없음,남,11세,자전거,경상,차대차 - 측면충돌,안전운전불이행,비,0,1
2017,대구광역시 서구3,대구광역시 서구 원대동3가(코리아마트 부근),2017-02-12,09시경,중상,남,55세,승용차,상해없음,여,63세,자전거,중상,차대차 - 측면충돌,안전운전불이행,맑음,0,1
2017,대구광역시 서구3,대구광역시 서구 원대동3가(코리아마트 부근),2017-07-16,11시경,경상,남,61세,승용차,상해없음,남,58세,자전거,경상,차대차 - 측면충돌,안전운전불이행,맑음,0,1
2017,대구광역시 서구3,대구광역시 서구 원대동3가(코리아마트 부근),2017-04-19,14시경,중상,여,54세,승용차,상해없음,남,68세,자전거,중상,차대차 - 측면충돌,안전운전불이행,맑음,0,1
2017,대구광역시 서구3,대구광역시 서구 원대동3가(코리아마트 부근),2017-09-21,07시경,경상,남,57세,자전거,경상,남,62세,화물차,상해없음,차대차 - 측면충돌,안전운전불이행,맑음,0,1
2017,대구광역시 서구3,대구광역시 서구 원대동3가(코리아마트 부근),2017-05-26,06시경,부상신고,남,57세,자전거,부상신고,남,50세,승용차,상해없음,차대차 - 측면충돌,기타,맑음,0,1
2017,대구광역시 서구3,대구광역시 서구 원대동3가(코리아마트 부근),2017-11-24,11시경,경상,남,63세,자전거,상해없음,남,26세,보행자,경상,차대사람 - 보도통행중,기타,맑음,0,1
2017,대구광역시 서구3,대구광역시 서구 원대동3가(코리아마트 부근),2017-03-06,17시경,경상,여,51세,자전거,경상,여,54세,승용차,상해없음,차대차 - 측면충돌,안전운전불이행,맑음,0,1
2017,대구광역시 남구2,대구광역시 남구 봉덕동(남구청네거리 부근),2017-11-09,18시경,경상,남,29세,승용차,상해없음,남,25세,자전거,경상,차대차 - 측면충돌,안전운전불이행,맑음,0,1
2017,대구광역시 남구2,대구광역시 남구 봉덕동(남구청네거리 부근),2017-11-19,14시경,중상,남,69세,승용차,상해없음,남,68세,자전거,중상,차대차 - 측면충돌,안전운전불이행,맑음,0,1
2017,대구광역시 남구2,대구광역시 남구 봉덕동(남구청네거리 부근),2017-06-17,11시경,경상,남,53세,자전거,경상,남,61세,승합차,상해없음,차대차 - 측면충돌,차로위반,맑음,0,1
2017,대구광역시 남구2,대구광역시 남구 봉덕동(남구청네거리 부근),2017-10-15,10시경,중상,남,77세,자전거,중상,남,65세,화물차,상해없음,차대차 - 측면충돌,신호위반,맑음,0,1
2017,대구광역시 남구1,대구광역시 남구 대명동(대구남부경찰서 앞 부근),2017-05-25,13시경,중상,여,31세,승용차,상해없음,남,65세,자전거,중상,차대차 - 측면충돌,안전운전불이행,맑음,0,1
2017,대구광역시 남구1,대구광역시 남구 대명동(대구남부경찰서 앞 부근),2017-07-14,15시경,중상,남,13세,자전거,상해없음,여,52세,보행자,중상,차대사람 - 기타,신호위반,맑음,0,1
2017,대구광역시 남구1,대구광역시 남구 대명동(대구남부경찰서 앞 부근),2017-09-08,22시경,경상,남,15세,자전거,경상,남,50세,승용차,상해없음,차대차 - 정면충돌,신호위반,맑음,0,1
2017,대구광역시 남구1,대구광역시 남구 대명동(대구남부경찰서 앞 부근),2017-05-14,19시경,경상,남,15세,자전거,경상,남,25세,원동기장치자전거,상해없음,차대차 - 측면충돌,신호위반,맑음,0,1
2017,대구광역시 남구1,대구광역시 남구 대명동(대구남부경찰서 앞 부근),2017-09-19,21시경,부상신고,남,56세,자전거,부상신고,여,64세,화물차,상해없음,차대차 - 측면충돌,안전운전불이행,맑음,0,1
2017,대구광역시 남구3,대구광역시 남구 대명동(리더스재활의학병원 부근),2017-09-15,08시경,경상,남,23세,승용차,상해없음,여,26세,자전거,경상,차대차 - 측면충돌,안전운전불이행,맑음,0,1
2017,대구광역시 남구3,대구광역시 남구 대명동(리더스재활의학병원 부근),2017-04-15,05시경,중상,남,44세,승용차,상해없음,남,84세,자전거,중상,차대차 - 측면충돌,안전운전불이행,맑음,0,1
2017,대구광역시 남구3,대구광역시 남구 대명동(리더스재활의학병원 부근),2017-09-18,09시경,경상,여,26세,승용차,상해없음,남,63세,자전거,경상,차대차 - 측면충돌,안전운전불이행,맑음,0,1
2017,대구광역시 남구3,대구광역시 남구 대명동(리더스재활의학병원 부근),2017-11-16,15시경,부상신고,남,82세,자전거,부상신고,여,74세,승용차,상해없음,차대차 - 측면충돌,안전운전불이행,맑음,0,1
2017,대구광역시 남구4,대구광역시 남구 대명동(명덕시장사거리 부근),2017-09-19,19시경,경상,남,70세,승용차,상해없음,남,16세,자전거,경상,차대차 - 측면충돌,신호위반,맑음,0,1
2017,대구광역시 남구4,대구광역시 남구 대명동(명덕시장사거리 부근),2017-02-08,13시경,경상,남,58세,이륜차,상해없음,남,55세,자전거,경상,차대차 - 측면충돌,신호위반,맑음,0,1
2017,대구광역시 남구4,대구광역시 남구 대명동(명덕시장사거리 부근),2017-03-24,19시경,경상,남,12세,자전거,경상,남,23세,이륜차,경상,차대차 - 측면충돌,안전운전불이행,맑음,0,2
2017,대구광역시 남구4,대구광역시 남구 대명동(명덕시장사거리 부근),2017-04-09,17시경,경상,남,17세,자전거,경상,남,31세,승용차,상해없음,차대차 - 측면충돌,안전운전불이행,맑음,0,1
2017,대구광역시 북구8,대구광역시 북구 칠성동2가(칠성시장역 부근),2017-12-28,15시경,경상,기타불명,불명,불명,기타불명,여,70세,자전거,경상,차대차 - 추돌,안전운전불이행,맑음,0,1
2017,대구광역시 북구8,대구광역시 북구 칠성동2가(칠성시장역 부근),2017-03-17,12시경,경상,남,59세,승용차,상해없음,남,61세,자전거,경상,차대차 - 측면충돌,기타,맑음,0,1
2017,대구광역시 북구8,대구광역시 북구 칠성동2가(칠성시장역 부근),2017-08-27,21시경,부상신고,남,53세,자전거,부상신고,없음,불명,없음,없음,차량단독 - 기타,안전운전불이행,맑음,0,1
2017,대구광역시 북구8,대구광역시 북구 칠성동2가(칠성시장역 부근),2017-10-14,14시경,경상,남,58세,자전거,부상신고,남,61세,자전거,경상,차대차 - 정면충돌,안전운전불이행,맑음,0,2
2017,대구광역시 북구8,대구광역시 북구 칠성동2가(칠성시장역 부근),2017-07-14,14시경,중상,남,67세,자전거,상해없음,여,75세,보행자,중상,차대사람 - 횡단중,기타,맑음,0,1
2017,대구광역시 북구8,대구광역시 북구 칠성동2가(칠성시장역 부근),2017-09-20,16시경,부상신고,남,84세,자전거,부상신고,여,46세,승용차,상해없음,차대차 - 측면충돌,안전운전불이행,맑음,0,1
2017,대구광역시 북구5,대구광역시 북구 고성동3가(대구광역시립북부도서관입구 부근),2017-05-01,19시경,중상,남,37세,승용차,상해없음,남,60세,자전거,중상,차대차 - 기타,안전운전불이행,맑음,0,1
2017,대구광역시 북구5,대구광역시 북구 고성동3가(대구광역시립북부도서관입구 부근),2017-09-21,08시경,중상,여,55세,승용차,상해없음,남,79세,자전거,중상,차대차 - 측면충돌,안전운전불이행,맑음,0,1
2017,대구광역시 북구5,대구광역시 북구 고성동3가(대구광역시립북부도서관입구 부근),2017-03-23,21시경,부상신고,남,15세,자전거,부상신고,남,41세,승용차,상해없음,차대차 - 측면충돌,중앙선침범,맑음,0,1
2017,대구광역시 북구5,대구광역시 북구 고성동3가(대구광역시립북부도서관입구 부근),2017-03-24,08시경,중상,남,17세,자전거,상해없음,남,67세,보행자,중상,차대사람 - 횡단중,안전운전불이행,맑음,0,1
2017,대구광역시 북구5,대구광역시 북구 고성동3가(대구광역시립북부도서관입구 부근),2017-09-14,10시경,중상,여,44세,자전거,상해없음,여,77세,보행자,중상,차대사람 - 기타,기타,맑음,0,1
2017,대구광역시 북구5,대구광역시 북구 고성동3가(대구광역시립북부도서관입구 부근),2017-06-02,14시경,중상,여,70세,자전거,중상,남,65세,승용차,상해없음,차대차 - 측면충돌,안전운전불이행,맑음,0,1
2017,대구광역시 북구2,대구광역시 북구 침산동(성덕빌딩 부근),2017-07-29,13시경,중상,남,27세,승용차,상해없음,남,21세,자전거,중상,차대차 - 측면충돌,안전운전불이행,흐림,0,1
2017,대구광역시 북구2,대구광역시 북구 침산동(성덕빌딩 부근),2017-09-07,13시경,경상,여,34세,승용차,상해없음,여,68세,자전거,경상,차대차 - 기타,안전운전불이행,맑음,0,1
2017,대구광역시 북구2,대구광역시 북구 침산동(성덕빌딩 부근),2017-10-11,08시경,중상,여,36세,승용차,상해없음,여,57세,자전거,중상,차대차 - 측면충돌,교차로운행방법위반,맑음,0,1
2017,대구광역시 북구2,대구광역시 북구 침산동(성덕빌딩 부근),2017-05-05,11시경,경상,남,22세,자전거,경상,여,46세,승용차,상해없음,차대차 - 측면충돌,중앙선침범,맑음,0,1
2017,대구광역시 북구2,대구광역시 북구 침산동(성덕빌딩 부근),2017-09-28,08시경,중상,남,26세,자전거,상해없음,여,49세,보행자,중상,차대사람 - 횡단중,중앙선침범,맑음,0,1
2017,대구광역시 북구2,대구광역시 북구 침산동(성덕빌딩 부근),2017-12-23,23시경,경상,남,37세,자전거,상해없음,남,21세,이륜차,경상,차대차 - 기타,신호위반,맑음,0,1
2017,대구광역시 북구2,대구광역시 북구 침산동(성덕빌딩 부근),2017-06-29,20시경,중상,여,51세,자전거,중상,남,65세,화물차,상해없음,차대차 - 측면충돌,불법유턴,맑음,0,1
2017,대구광역시 북구6,대구광역시 북구 침산동(삼익아파트 입구 부근),2017-09-19,18시경,경상,남,27세,승용차,상해없음,남,85세,자전거,경상,차대차 - 측면충돌,안전운전불이행,맑음,0,1
2017,대구광역시 북구6,대구광역시 북구 침산동(삼익아파트 입구 부근),2017-03-22,22시경,중상,남,43세,승용차,상해없음,여,57세,자전거,중상,차대차 - 측면충돌,중앙선침범,맑음,0,1
2017,대구광역시 북구6,대구광역시 북구 침산동(삼익아파트 입구 부근),2017-08-17,16시경,중상,남,51세,승용차,상해없음,남,63세,자전거,중상,차대차 - 측면충돌,신호위반,맑음,0,1
2017,대구광역시 북구6,대구광역시 북구 침산동(삼익아파트 입구 부근),2017-12-29,17시경,경상,남,62세,승용차,상해없음,남,24세,자전거,경상,차대차 - 측면충돌,교차로운행방법위반,맑음,0,1
2017,대구광역시 북구6,대구광역시 북구 침산동(삼익아파트 입구 부근),2017-10-12,06시경,경상,여,62세,승용차,상해없음,남,63세,자전거,경상,차대차 - 측면충돌,안전운전불이행,맑음,0,1
2017,대구광역시 북구6,대구광역시 북구 침산동(삼익아파트 입구 부근),2017-03-05,11시경,경상,남,36세,자전거,경상,여,37세,승용차,상해없음,차대차 - 측면충돌,중앙선침범,맑음,0,1
2017,대구광역시 북구1,대구광역시 북구 노원동1가(원대오거리 부근),2017-09-12,20시경,경상,기타불명,불명,불명,기타불명,남,13세,자전거,경상,차대차 - 기타,안전운전불이행,맑음,0,1
2017,대구광역시 북구1,대구광역시 북구 노원동1가(원대오거리 부근),2017-01-06,06시경,경상,남,24세,승용차,상해없음,남,62세,자전거,경상,차대차 - 측면충돌,안전운전불이행,기타,0,1
2017,대구광역시 북구1,대구광역시 북구 노원동1가(원대오거리 부근),2017-05-27,09시경,경상,남,55세,승용차,상해없음,여,58세,자전거,경상,차대차 - 측면충돌,안전운전불이행,맑음,0,1
2017,대구광역시 북구1,대구광역시 북구 노원동1가(원대오거리 부근),2017-09-29,18시경,경상,남,57세,승용차,상해없음,여,50세,자전거,경상,차대차 - 기타,안전운전불이행,맑음,0,1
2017,대구광역시 북구1,대구광역시 북구 노원동1가(원대오거리 부근),2017-03-10,20시경,중상,남,58세,승용차,상해없음,남,60세,자전거,중상,차대차 - 측면충돌,기타,맑음,0,1
2017,대구광역시 북구1,대구광역시 북구 노원동1가(원대오거리 부근),2017-04-02,18시경,중상,남,56세,이륜차,상해없음,남,42세,자전거,중상,차대차 - 측면충돌,안전운전불이행,맑음,0,1
2017,대구광역시 북구1,대구광역시 북구 노원동1가(원대오거리 부근),2017-08-25,14시경,중상,남,20세,자전거,상해없음,여,44세,원동기장치자전거,중상,차대차 - 기타,중앙선침범,맑음,0,1
2017,대구광역시 북구1,대구광역시 북구 노원동1가(원대오거리 부근),2017-08-27,23시경,중상,남,49세,자전거,중상,없음,불명,없음,없음,차량단독 - 전도전복 - 전도,안전운전불이행,맑음,0,1
2017,대구광역시 북구1,대구광역시 북구 노원동1가(원대오거리 부근),2017-12-04,13시경,경상,남,82세,자전거,경상,남,31세,화물차,상해없음,차대차 - 측면충돌,안전운전불이행,맑음,0,1
2017,대구광역시 북구1,대구광역시 북구 노원동1가(원대오거리 부근),2017-04-18,11시경,경상,여,55세,자전거,경상,남,36세,승용차,상해없음,차대차 - 측면충돌,안전운전불이행,맑음,0,1
2017,대구광역시 북구3,대구광역시 북구 노원동1가(오봉오거리 부근),2017-11-13,18시경,부상신고,남,58세,자전거,부상신고,남,28세,자전거,상해없음,차대차 - 정면충돌,중앙선침범,맑음,0,1
2017,대구광역시 북구3,대구광역시 북구 노원동1가(오봉오거리 부근),2017-09-10,02시경,경상,남,73세,자전거,경상,남,64세,승용차,상해없음,차대차 - 측면충돌,불법유턴,맑음,0,1
2017,대구광역시 북구3,대구광역시 북구 노원동1가(오봉오거리 부근),2017-03-15,17시경,경상,남,76세,자전거,경상,여,39세,승용차,상해없음,차대차 - 측면충돌,불법유턴,맑음,0,1
2017,대구광역시 북구3,대구광역시 북구 노원동1가(오봉오거리 부근),2017-11-11,12시경,사망,남,86세,자전거,사망,남,65세,승용차,상해없음,차대차 - 측면충돌,불법유턴,맑음,1,0
2017,대구광역시 북구3,대구광역시 북구 노원동1가(오봉오거리 부근),2017-10-21,07시경,사망,남,46세,화물차,상해없음,남,73세,자전거,사망,차대차 - 측면충돌,신호위반,맑음,1,0
2017,대구광역시 북구3,대구광역시 북구 노원동1가(오봉오거리 부근),2017-11-17,17시경,중상,남,48세,화물차,상해없음,남,67세,자전거,중상,차대차 - 측면충돌,안전거리미확보,맑음,0,1
2017,대구광역시 북구4,대구광역시 북구 노원동3가(팔달교 부근),2017-05-30,19시경,중상,남,36세,자전거,부상신고,남,48세,자전거,중상,차대차 - 측면충돌,안전운전불이행,맑음,0,2
2017,대구광역시 북구4,대구광역시 북구 노원동3가(팔달교 부근),2017-06-18,20시경,부상신고,남,47세,자전거,부상신고,남,45세,자전거,상해없음,차대차 - 기타,안전운전불이행,맑음,0,1
2017,대구광역시 북구4,대구광역시 북구 노원동3가(팔달교 부근),2017-08-22,17시경,사망,남,52세,자전거,사망,없음,불명,없음,없음,차량단독 - 전도전복,안전운전불이행,흐림,1,0
2017,대구광역시 북구4,대구광역시 북구 노원동3가(팔달교 부근),2017-06-10,08시경,경상,남,53세,자전거,상해없음,남,46세,보행자,경상,차대사람 - 길가장자리구역통행중,안전운전불이행,맑음,0,1