사고년도,다발시군구,지점명,사고일시,사고시간대,사고등급,가해자성별,가해자연령,가해차종,가해자신체상해정도,피해자성별,피해자연령,피해차종,피해자신체상해정도,사고유형,가해자법규위반,기상상태,사망자수,부상자수
2017,대구광역시 달서구1,대구광역시 달서구 신당동(나우테크 부근),2017-02-16,08시경,중상,남,74세,승용차,상해없음,여,27세,자전거,중상,차대차 - 측면충돌,안전운전불이행,맑음,0,1
2017,대구광역시 달서구1,대구광역시 달서구 신당동(나우테크 부근),2017-12-20,07시경,경상,여,48세,승용차,상해없음,남,22세,자전거,경상,차대차 - 측면충돌,안전운전불이행,맑음,0,1
2017,대구광역시 달서구1,대구광역시 달서구 신당동(나우테크 부근),2017-09-18,17시경,중상,여,52세,승용차,상해없음,남,45세,자전거,중상,차대차 - 측면충돌,안전운전불이행,맑음,0,1
2017,대구광역시 달서구1,대구광역시 달서구 신당동(나우테크 부근),2017-01-03,17시경,경상,남,43세,화물차,상해없음,남,30세,자전거,경상,차대차 - 기타,안전운전불이행,맑음,0,1
2017,대구광역시 달서구9,대구광역시 달서구 신당동(월드광고 부근),2017-09-15,07시경,부상신고,남,50세,승용차,상해없음,남,53세,자전거,부상신고,차대차 - 측면충돌,안전운전불이행,맑음,0,1
2017,대구광역시 달서구9,대구광역시 달서구 신당동(월드광고 부근),2017-09-14,15시경,경상,남,53세,승용차,상해없음,여,59세,자전거,경상,차대차 - 측면충돌,안전운전불이행,맑음,0,1
2017,대구광역시 달서구9,대구광역시 달서구 신당동(월드광고 부근),2017-06-13,08시경,중상,여,27세,승용차,상해없음,남,54세,자전거,중상,차대차 - 측면충돌,안전운전불이행,맑음,0,1
2017,대구광역시 달서구9,대구광역시 달서구 신당동(월드광고 부근),2017-01-13,13시경,경상,여,58세,승용차,상해없음,남,29세,자전거,경상,차대차 - 측면충돌,안전운전불이행,맑음,0,1
2017,대구광역시 달서구5,대구광역시 달서구 죽전동(대구축산농협 죽전지점 부근),2017-01-21,10시경,중상,남,34세,승용차,상해없음,남,78세,자전거,중상,차대차 - 측면충돌,신호위반,맑음,0,1
2017,대구광역시 달서구5,대구광역시 달서구 죽전동(대구축산농협 죽전지점 부근),2017-11-03,16시경,중상,남,54세,승용차,상해없음,남,51세,자전거,중상,차대차 - 측면충돌,신호위반,맑음,0,1
2017,대구광역시 달서구5,대구광역시 달서구 죽전동(대구축산농협 죽전지점 부근),2017-03-09,09시경,경상,여,47세,승합차,상해없음,여,73세,자전거,경상,차대차 - 기타,안전운전불이행,맑음,0,1
2017,대구광역시 달서구5,대구광역시 달서구 죽전동(대구축산농협 죽전지점 부근),2017-01-01,16시경,경상,남,13세,자전거,경상,남,38세,승용차,상해없음,차대차 - 측면충돌,신호위반,맑음,0,1
2017,대구광역시 달서구8,대구광역시 달서구 감삼동(CU참미소점 부근),2017-11-09,19시경,경상,남,53세,승용차,상해없음,남,43세,자전거,경상,차대차 - 기타,안전운전불이행,맑음,0,1
2017,대구광역시 달서구8,대구광역시 달서구 감삼동(CU참미소점 부근),2017-04-17,08시경,중상,여,58세,승용차,상해없음,남,72세,자전거,중상,차대차 - 측면충돌,신호위반,비,0,1
2017,대구광역시 달서구8,대구광역시 달서구 감삼동(CU참미소점 부근),2017-11-13,23시경,경상,남,49세,자전거,경상,남,47세,승용차,기타불명,차대차 - 기타,안전운전불이행,맑음,0,1
2017,대구광역시 달서구8,대구광역시 달서구 감삼동(CU참미소점 부근),2017-05-07,08시경,경상,남,48세,화물차,상해없음,남,74세,자전거,경상,차대차 - 기타,안전운전불이행,맑음,0,1
2017,대구광역시 달서구6,대구광역시 달서구 상인동(찜나라 부근),2017-06-26,19시경,중상,남,34세,승용차,상해없음,남,19세,자전거,중상,차대차 - 기타,안전운전불이행,비,0,1
2017,대구광역시 달서구6,대구광역시 달서구 상인동(찜나라 부근),2017-04-12,19시경,경상,남,34세,승용차,상해없음,남,55세,자전거,경상,차대차 - 측면충돌,안전운전불이행,맑음,0,1
2017,대구광역시 달서구6,대구광역시 달서구 상인동(찜나라 부근),2017-02-06,15시경,경상,남,56세,승용차,상해없음,남,75세,자전거,경상,차대차 - 측면충돌,안전운전불이행,맑음,0,1
2017,대구광역시 달서구6,대구광역시 달서구 상인동(찜나라 부근),2017-07-02,11시경,경상,여,36세,승용차,상해없음,남,13세,자전거,경상,차대차 - 측면충돌,안전운전불이행,맑음,0,1
2017,대구광역시 달서구10,대구광역시 달서구 상인동(생고기대학교 상인점 부근),2017-01-07,16시경,경상,남,47세,승용차,상해없음,남,53세,자전거,경상,차대차 - 측면충돌,안전운전불이행,맑음,0,1
2017,대구광역시 달서구10,대구광역시 달서구 상인동(생고기대학교 상인점 부근),2017-08-23,18시경,중상,남,62세,승용차,상해없음,남,13세,자전거,중상,차대차 - 측면충돌,안전운전불이행,맑음,0,1
2017,대구광역시 달서구10,대구광역시 달서구 상인동(생고기대학교 상인점 부근),2017-10-17,07시경,부상신고,여,34세,승용차,상해없음,남,17세,자전거,부상신고,차대차 - 측면충돌,안전운전불이행,맑음,0,1
2017,대구광역시 달서구10,대구광역시 달서구 상인동(생고기대학교 상인점 부근),2017-11-10,18시경,경상,여,64세,승용차,상해없음,남,25세,자전거,경상,차대차 - 측면충돌,안전운전불이행,맑음,0,1
2017,대구광역시 달서구4,대구광역시 달서구 진천동(유천네거리 부근),2017-05-20,10시경,경상,남,52세,승용차,상해없음,여,73세,자전거,경상,차대차 - 측면충돌,안전운전불이행,맑음,0,1
2017,대구광역시 달서구4,대구광역시 달서구 진천동(유천네거리 부근),2017-10-09,15시경,경상,여,53세,승용차,상해없음,여,26세,자전거,경상,차대차 - 기타,안전운전불이행,맑음,0,1
2017,대구광역시 달서구4,대구광역시 달서구 진천동(유천네거리 부근),2017-03-29,18시경,부상신고,남,18세,자전거,부상신고,없음,불명,없음,없음,차량단독 - 기타,안전운전불이행,맑음,0,1
2017,대구광역시 달서구4,대구광역시 달서구 진천동(유천네거리 부근),2017-03-08,21시경,부상신고,여,14세,자전거,부상신고,여,43세,승용차,상해없음,차대차 - 측면충돌,불법유턴,맑음,0,1
2017,대구광역시 달서구4,대구광역시 달서구 진천동(유천네거리 부근),2017-02-25,17시경,경상,남,58세,화물차,상해없음,남,56세,자전거,경상,차대차 - 측면충돌,안전운전불이행,맑음,0,1
2017,대구광역시 달서구12,대구광역시 달서구 진천동(진천남네거리 부근),2017-06-12,23시경,사망,남,28세,승용차,상해없음,남,26세,자전거,사망,차대차 - 측면충돌,과속,맑음,1,0
2017,대구광역시 달서구12,대구광역시 달서구 진천동(진천남네거리 부근),2017-06-22,08시경,경상,남,54세,자전거,경상,여,48세,승용차,상해없음,차대차 - 측면충돌,안전운전불이행,맑음,0,1
2017,대구광역시 달서구12,대구광역시 달서구 진천동(진천남네거리 부근),2017-07-26,17시경,경상,여,11세,자전거,경상,남,26세,승용차,상해없음,차대차 - 기타,신호위반,맑음,0,1
2017,대구광역시 달서구3,대구광역시 달서구 월성동(SK엔크린 남대구IC주유소 부근),2017-09-25,19시경,경상,남,54세,승용차,상해없음,남,43세,자전거,경상,차대차 - 측면충돌,안전운전불이행,맑음,0,1
2017,대구광역시 달서구3,대구광역시 달서구 월성동(SK엔크린 남대구IC주유소 부근),2017-02-15,22시경,경상,여,60세,승용차,상해없음,남,52세,자전거,경상,차대차 - 측면충돌,안전운전불이행,맑음,0,1
2017,대구광역시 달서구3,대구광역시 달서구 월성동(SK엔크린 남대구IC주유소 부근),2017-07-14,08시경,경상,여,47세,자전거,경상,여,37세,승용차,상해없음,차대차 - 측면충돌,안전운전불이행,맑음,0,1
2017,대구광역시 달서구3,대구광역시 달서구 월성동(SK엔크린 남대구IC주유소 부근),2017-01-18,07시경,경상,남,31세,화물차,상해없음,남,36세,자전거,경상,차대차 - 기타,안전운전불이행,맑음,0,1
2017,대구광역시 달서구3,대구광역시 달서구 월성동(SK엔크린 남대구IC주유소 부근),2017-07-11,15시경,중상,남,61세,화물차,상해없음,남,54세,자전거,중상,차대차 - 측면충돌,안전운전불이행,맑음,0,1
2017,대구광역시 달서구11,대구광역시 달서구 송현동(IBK기업은행 송현동지점 부근),2017-09-30,11시경,경상,남,58세,승용차,상해없음,남,91세,자전거,경상,차대차 - 측면충돌,안전운전불이행,맑음,0,1
2017,대구광역시 달서구11,대구광역시 달서구 송현동(IBK기업은행 송현동지점 부근),2017-11-02,17시경,경상,여,52세,승용차,상해없음,여,9세,자전거,경상,차대차 - 측면충돌,직진우회전진행방해,맑음,0,1
2017,대구광역시 달서구11,대구광역시 달서구 송현동(IBK기업은행 송현동지점 부근),2017-09-21,05시경,부상신고,남,67세,자전거,부상신고,남,61세,승용차,상해없음,차대차 - 측면충돌,불법유턴,맑음,0,1
2017,대구광역시 달서구11,대구광역시 달서구 송현동(IBK기업은행 송현동지점 부근),2017-01-23,11시경,경상,남,79세,자전거,경상,남,71세,승용차,상해없음,차대차 - 기타,신호위반,맑음,0,1
2017,대구광역시 달성군1,대구광역시 달성군 다사읍(대실역 부근),2017-09-28,17시경,경상,기타불명,17세,불명,기타불명,남,25세,자전거,경상,차대차 - 기타,안전운전불이행,맑음,0,1
2017,대구광역시 달성군1,대구광역시 달성군 다사읍(대실역 부근),2017-06-17,12시경,부상신고,기타불명,불명,불명,기타불명,남,12세,자전거,부상신고,차대차 - 정면충돌,기타,맑음,0,1
2017,대구광역시 달성군1,대구광역시 달성군 다사읍(대실역 부근),2017-06-09,22시경,중상,남,13세,자전거,기타불명,여,43세,보행자,중상,차대사람 - 횡단중,안전운전불이행,맑음,0,1
2017,대구광역시 달성군1,대구광역시 달성군 다사읍(대실역 부근),2017-09-28,19시경,중상,남,47세,자전거,중상,남,44세,원동기장치자전거,중상,차대차 - 정면충돌,불법유턴,맑음,0,2
2017,인천광역시 남동구2,인천광역시 남동구 구월동(누들팟 부근),2017-10-07,06시경,중상,기타불명,불명,불명,기타불명,남,76세,자전거,중상,차대차 - 추돌,안전운전불이행,기타,0,1
2017,인천광역시 남동구2,인천광역시 남동구 구월동(누들팟 부근),2017-10-31,07시경,중상,남,35세,승용차,상해없음,남,72세,자전거,중상,차대차 - 기타,기타,맑음,0,1
2017,인천광역시 남동구2,인천광역시 남동구 구월동(누들팟 부근),2017-01-18,18시경,경상,여,44세,승용차,상해없음,남,14세,자전거,경상,차대차 - 측면충돌,안전운전불이행,맑음,0,1
2017,인천광역시 남동구2,인천광역시 남동구 구월동(누들팟 부근),2017-04-24,08시경,중상,여,45세,승용차,상해없음,남,66세,자전거,중상,차대차 - 측면충돌,안전운전불이행,맑음,0,1
2017,인천광역시 남동구1,인천광역시 남동구 논현동(라피에스타 앞 교차로 부근),2017-06-22,20시경,경상,남,54세,승용차,상해없음,남,12세,자전거,경상,차대차 - 측면충돌,안전운전불이행,맑음,0,1
2017,인천광역시 남동구1,인천광역시 남동구 논현동(라피에스타 앞 교차로 부근),2017-04-30,15시경,경상,남,71세,승용차,상해없음,남,8세,자전거,경상,차대차 - 측면충돌,안전운전불이행,맑음,0,1
2017,인천광역시 남동구1,인천광역시 남동구 논현동(라피에스타 앞 교차로 부근),2017-09-16,09시경,중상,남,76세,승용차,상해없음,남,55세,자전거,중상,차대차 - 측면충돌,안전운전불이행,맑음,0,1
2017,인천광역시 남동구1,인천광역시 남동구 논현동(라피에스타 앞 교차로 부근),2017-03-06,12시경,중상,여,41세,승용차,상해없음,남,77세,자전거,중상,차대차 - 측면충돌,신호위반,맑음,0,1
2017,인천광역시 남동구1,인천광역시 남동구 논현동(라피에스타 앞 교차로 부근),2017-05-22,08시경,중상,남,55세,화물차,상해없음,여,23세,자전거,중상,차대차 - 정면충돌,안전운전불이행,맑음,0,1
2017,인천광역시 부평구1,인천광역시 부평구 부평동(부평구청사거리 부근),2017-11-15,17시경,중상,남,71세,승용차,상해없음,남,13세,자전거,중상,차대차 - 기타,신호위반,맑음,0,1
2017,인천광역시 부평구1,인천광역시 부평구 부평동(부평구청사거리 부근),2017-02-24,13시경,중상,남,27세,원동기장치자전거,상해없음,남,29세,자전거,중상,차대차 - 측면충돌,신호위반,맑음,0,1
2017,인천광역시 부평구1,인천광역시 부평구 부평동(부평구청사거리 부근),2017-04-22,17시경,경상,남,49세,자전거,경상,남,31세,승용차,상해없음,차대차 - 측면충돌,안전운전불이행,맑음,0,1
2017,인천광역시 부평구1,인천광역시 부평구 부평동(부평구청사거리 부근),2017-02-01,11시경,경상,남,24세,화물차,상해없음,여,50세,자전거,경상,차대차 - 측면충돌,안전운전불이행,맑음,0,1
2017,인천광역시 부평구1,인천광역시 부평구 부평동(부평구청사거리 부근),2017-03-30,07시경,중상,남,60세,화물차,상해없음,여,66세,자전거,중상,차대차 - 기타,안전운전불이행,맑음,0,1
2017,인천광역시 부평구2,인천광역시 부평구 부평동(고기카페 부평점 부근),2017-10-11,12시경,경상,기타불명,불명,불명,기타불명,여,57세,자전거,경상,차대차 - 측면충돌,기타,흐림,0,1
2017,인천광역시 부평구2,인천광역시 부평구 부평동(고기카페 부평점 부근),2017-04-28,15시경,경상,남,45세,승용차,상해없음,여,80세,자전거,경상,차대차 - 후진중충돌,안전운전불이행,맑음,0,1
2017,인천광역시 부평구2,인천광역시 부평구 부평동(고기카페 부평점 부근),2017-12-02,15시경,중상,남,18세,이륜차,상해없음,남,49세,자전거,중상,차대차 - 측면충돌,직진우회전진행방해,맑음,0,1
2017,인천광역시 부평구2,인천광역시 부평구 부평동(고기카페 부평점 부근),2017-02-01,11시경,경상,남,74세,자전거,경상,남,65세,승용차,상해없음,차대차 - 측면충돌,안전운전불이행,맑음,0,1
2017,인천광역시 부평구3,인천광역시 부평구 부평동(부원초입구삼거리 부근),2017-08-18,09시경,중상,기타불명,불명,불명,기타불명,남,65세,자전거,중상,차대차 - 기타,안전운전불이행,맑음,0,1
2017,인천광역시 부평구3,인천광역시 부평구 부평동(부원초입구삼거리 부근),2017-10-20,18시경,경상,남,54세,승용차,상해없음,남,12세,자전거,경상,차대차 - 기타,신호위반,맑음,0,1
2017,인천광역시 부평구3,인천광역시 부평구 부평동(부원초입구삼거리 부근),2017-11-06,18시경,경상,남,61세,승용차,상해없음,여,49세,자전거,경상,차대차 - 기타,신호위반,맑음,0,1
2017,인천광역시 부평구3,인천광역시 부평구 부평동(부원초입구삼거리 부근),2017-10-21,16시경,경상,여,70세,승용차,상해없음,남,10세,자전거,경상,차대차 - 측면충돌,신호위반,맑음,0,1
2017,인천광역시 부평구4,인천광역시 부평구 청천동(산곡사거리 부근),2017-08-18,23시경,경상,여,25세,승용차,상해없음,남,22세,자전거,경상,차대차 - 측면충돌,안전운전불이행,맑음,0,1
2017,인천광역시 부평구4,인천광역시 부평구 청천동(산곡사거리 부근),2017-06-05,08시경,경상,남,17세,자전거,기타불명,여,42세,보행자,경상,차대사람 - 기타,안전운전불이행,맑음,0,1
2017,인천광역시 부평구4,인천광역시 부평구 청천동(산곡사거리 부근),2017-09-15,15시경,경상,남,32세,화물차,상해없음,남,16세,자전거,경상,차대차 - 기타,안전운전불이행,맑음,0,1
2017,인천광역시 부평구4,인천광역시 부평구 청천동(산곡사거리 부근),2017-04-05,13시경,경상,남,49세,화물차,상해없음,남,58세,자전거,경상,차대차 - 측면충돌,신호위반,비,0,1
2017,인천광역시 서구1,인천광역시 서구 연희동(우미린스트리우스 104동앞 교차로 부근),2017-04-24,09시경,중상,남,77세,승용차,상해없음,여,65세,자전거,중상,차대차 - 측면충돌,신호위반,맑음,0,1
2017,인천광역시 서구1,인천광역시 서구 연희동(우미린스트리우스 104동앞 교차로 부근),2017-09-22,19시경,경상,남,17세,자전거,경상,남,27세,자전거,경상,차대차 - 정면충돌,안전운전불이행,맑음,0,2
2017,인천광역시 서구1,인천광역시 서구 연희동(우미린스트리우스 104동앞 교차로 부근),2017-08-07,16시경,부상신고,남,69세,자전거,부상신고,남,20세,승용차,상해없음,차대차 - 추돌,안전운전불이행,맑음,0,1
2017,인천광역시 서구1,인천광역시 서구 연희동(우미린스트리우스 104동앞 교차로 부근),2017-09-08,20시경,경상,남,68세,화물차,상해없음,여,42세,자전거,경상,차대차 - 측면충돌,교차로운행방법위반,맑음,0,2
2017,인천광역시 서구2,인천광역시 서구 연희동(더사랑청라교회 앞 부근),2017-09-02,16시경,경상,기타불명,불명,불명,기타불명,남,10세,자전거,경상,차대차 - 기타,안전운전불이행,맑음,0,1
2017,인천광역시 서구2,인천광역시 서구 연희동(더사랑청라교회 앞 부근),2017-10-14,19시경,경상,여,42세,승용차,상해없음,남,20세,자전거,경상,차대차 - 측면충돌,안전운전불이행,맑음,0,1
2017,인천광역시 서구2,인천광역시 서구 연희동(더사랑청라교회 앞 부근),2017-07-19,06시경,경상,여,45세,승용차,상해없음,여,53세,자전거,경상,차대차 - 측면충돌,안전운전불이행,맑음,0,1
2017,인천광역시 서구2,인천광역시 서구 연희동(더사랑청라교회 앞 부근),2017-03-22,09시경,부상신고,여,54세,승용차,기타불명,남,30세,자전거,부상신고,차대차 - 측면충돌,안전운전불이행,맑음,0,1
2017,광주광역시 동구1,광주광역시 동구 산수동(통통문화마을 부근),2017-07-22,15시경,경상,남,30세,승용차,상해없음,여,67세,자전거,경상,차대차 - 기타,안전운전불이행,맑음,0,1
2017,광주광역시 동구1,광주광역시 동구 산수동(통통문화마을 부근),2017-09-03,16시경,경상,남,49세,승용차,상해없음,남,10세,자전거,경상,차대차 - 측면충돌,교차로운행방법위반,맑음,0,1
2017,광주광역시 동구1,광주광역시 동구 산수동(통통문화마을 부근),2017-02-25,17시경,중상,여,27세,승용차,경상,남,14세,자전거,중상,차대차 - 측면충돌,신호위반,맑음,0,2
2017,광주광역시 동구1,광주광역시 동구 산수동(통통문화마을 부근),2017-02-17,11시경,중상,여,54세,승용차,상해없음,남,81세,자전거,중상,차대차 - 측면충돌,직진우회전진행방해,맑음,0,1
2017,광주광역시 동구1,광주광역시 동구 산수동(통통문화마을 부근),2017-03-15,14시경,경상,남,82세,자전거,경상,남,58세,승용차,상해없음,차대차 - 측면충돌,교차로운행방법위반,맑음,0,1
2017,광주광역시 서구1,광주광역시 서구 쌍촌동(상무지구입구사거리 부근),2017-07-31,17시경,경상,남,20세,승용차,상해없음,남,60세,자전거,경상,차대차 - 측면충돌,안전운전불이행,비,0,1
2017,광주광역시 서구1,광주광역시 서구 쌍촌동(상무지구입구사거리 부근),2017-03-24,20시경,경상,남,63세,승용차,상해없음,남,13세,자전거,경상,차대차 - 기타,교차로운행방법위반,맑음,0,1
2017,광주광역시 서구1,광주광역시 서구 쌍촌동(상무지구입구사거리 부근),2017-08-26,00시경,중상,여,19세,승용차,상해없음,남,65세,자전거,중상,차대차 - 기타,신호위반,맑음,0,1
2017,광주광역시 서구1,광주광역시 서구 쌍촌동(상무지구입구사거리 부근),2017-09-02,08시경,경상,남,53세,자전거,상해없음,여,53세,보행자,경상,차대사람 - 보도통행중,기타,맑음,0,1
2017,광주광역시 서구1,광주광역시 서구 쌍촌동(상무지구입구사거리 부근),2017-07-21,14시경,경상,남,76세,자전거,경상,기타불명,불명,불명,기타불명,차대차 - 측면충돌,안전운전불이행,맑음,0,1
2017,광주광역시 북구1,광주광역시 북구 신안동(전대사거리 부근),2017-08-05,00시경,경상,남,36세,승용차,상해없음,남,41세,자전거,경상,차대차 - 기타,교차로운행방법위반,맑음,0,1
2017,광주광역시 북구1,광주광역시 북구 신안동(전대사거리 부근),2017-08-05,11시경,중상,여,44세,승용차,상해없음,남,79세,자전거,중상,차대차 - 측면충돌,안전운전불이행,맑음,0,1
2017,광주광역시 북구1,광주광역시 북구 신안동(전대사거리 부근),2017-05-25,09시경,부상신고,남,62세,자전거,부상신고,남,69세,승용차,상해없음,차대차 - 측면충돌,중앙선침범,맑음,0,1
2017,광주광역시 북구1,광주광역시 북구 신안동(전대사거리 부근),2017-10-03,17시경,경상,남,71세,자전거,경상,남,50세,승용차,상해없음,차대차 - 기타,안전운전불이행,맑음,0,1
2017,광주광역시 광산구4,광주광역시 광산구 도산동(장록교종점 부근),2017-08-29,19시경,경상,기타불명,불명,불명,기타불명,남,20세,자전거,경상,차대차 - 기타,안전운전불이행,맑음,0,1
2017,광주광역시 광산구4,광주광역시 광산구 도산동(장록교종점 부근),2017-05-05,14시경,경상,남,39세,승용차,상해없음,남,14세,자전거,경상,차대차 - 측면충돌,안전운전불이행,맑음,0,1
2017,광주광역시 광산구4,광주광역시 광산구 도산동(장록교종점 부근),2017-09-30,08시경,경상,남,44세,승용차,상해없음,남,67세,자전거,경상,차대차 - 측면충돌,안전운전불이행,맑음,0,1
2017,광주광역시 광산구4,광주광역시 광산구 도산동(장록교종점 부근),2017-12-15,11시경,중상,남,42세,화물차,상해없음,여,79세,자전거,중상,차대차 - 측면충돌,교차로운행방법위반,맑음,0,1
2017,광주광역시 광산구2,광주광역시 광산구 소촌동(은성약국 부근),2017-12-29,15시경,경상,남,24세,승용차,상해없음,여,76세,자전거,경상,차대차 - 측면충돌,신호위반,맑음,0,1
2017,광주광역시 광산구2,광주광역시 광산구 소촌동(은성약국 부근),2017-08-30,13시경,중상,남,25세,승용차,상해없음,여,58세,자전거,중상,차대차 - 측면충돌,신호위반,맑음,0,1
2017,광주광역시 광산구2,광주광역시 광산구 소촌동(은성약국 부근),2017-11-20,11시경,중상,남,47세,승용차,상해없음,여,67세,자전거,중상,차대차 - 기타,안전운전불이행,맑음,0,1
2017,광주광역시 광산구2,광주광역시 광산구 소촌동(은성약국 부근),2017-09-07,17시경,경상,남,45세,이륜차,상해없음,여,46세,자전거,경상,차대차 - 측면충돌,안전운전불이행,맑음,0,1
2017,광주광역시 광산구2,광주광역시 광산구 소촌동(은성약국 부근),2017-12-19,10시경,경상,남,83세,자전거,경상,남,46세,화물차,상해없음,차대차 - 측면충돌,안전운전불이행,눈,0,1
2017,광주광역시 광산구3,광주광역시 광산구 신창동(명성한의원 부근),2017-06-14,08시경,경상,기타불명,불명,불명,기타불명,여,51세,자전거,경상,차대차 - 기타,안전운전불이행,맑음,0,1
2017,광주광역시 광산구3,광주광역시 광산구 신창동(명성한의원 부근),2017-10-20,07시경,중상,남,46세,승용차,상해없음,남,25세,자전거,중상,차대차 - 측면충돌,안전운전불이행,맑음,0,1
2017,광주광역시 광산구3,광주광역시 광산구 신창동(명성한의원 부근),2017-09-15,16시경,경상,남,13세,자전거,경상,남,40세,승용차,상해없음,차대차 - 기타,안전운전불이행,맑음,0,1
2017,광주광역시 광산구3,광주광역시 광산구 신창동(명성한의원 부근),2017-09-13,14시경,경상,남,9세,자전거,경상,남,56세,승용차,상해없음,차대차 - 측면충돌,안전운전불이행,맑음,0,1
2017,광주광역시 광산구1,광주광역시 광산구 신가동(하나로마트광주점 앞사거리 부근),2017-08-24,21시경,중상,남,60세,승용차,상해없음,남,70세,자전거,중상,차대차 - 측면충돌,안전운전불이행,맑음,0,1
2017,광주광역시 광산구1,광주광역시 광산구 신가동(하나로마트광주점 앞사거리 부근),2017-03-29,17시경,경상,남,62세,승용차,상해없음,남,9세,자전거,경상,차대차 - 추돌,안전운전불이행,맑음,0,1
2017,광주광역시 광산구1,광주광역시 광산구 신가동(하나로마트광주점 앞사거리 부근),2017-12-16,12시경,중상,여,35세,승용차,상해없음,남,23세,자전거,중상,차대차 - 측면충돌,신호위반,흐림,0,1
2017,광주광역시 광산구1,광주광역시 광산구 신가동(하나로마트광주점 앞사거리 부근),2017-11-09,08시경,중상,여,36세,승용차,상해없음,여,63세,자전거,중상,차대차 - 측면충돌,안전운전불이행,맑음,0,1
2017,광주광역시 광산구1,광주광역시 광산구 신가동(하나로마트광주점 앞사거리 부근),2017-06-21,21시경,경상,여,41세,승용차,상해없음,남,13세,자전거,경상,차대차 - 기타,신호위반,맑음,0,1
2017,광주광역시 광산구1,광주광역시 광산구 신가동(하나로마트광주점 앞사거리 부근),2017-08-10,20시경,경상,여,41세,승용차,상해없음,남,42세,자전거,경상,차대차 - 측면충돌,신호위반,맑음,0,1
2017,광주광역시 광산구1,광주광역시 광산구 신가동(하나로마트광주점 앞사거리 부근),2017-03-27,14시경,중상,남,45세,화물차,상해없음,남,68세,자전거,중상,차대차 - 측면충돌,신호위반,맑음,0,1
2017,대전광역시 동구2,대전광역시 동구 원동(원동네거리 부근),2017-01-25,15시경,경상,남,62세,승용차,상해없음,남,64세,자전거,경상,차대차 - 측면충돌,안전운전불이행,맑음,0,1
2017,대전광역시 동구2,대전광역시 동구 원동(원동네거리 부근),2017-03-28,14시경,경상,남,74세,승용차,상해없음,남,48세,자전거,경상,차대차 - 측면충돌,안전운전불이행,맑음,0,1
2017,대전광역시 동구2,대전광역시 동구 원동(원동네거리 부근),2017-11-13,15시경,중상,남,69세,승합차,상해없음,여,58세,자전거,중상,차대차 - 측면충돌,안전운전불이행,맑음,0,1
2017,대전광역시 동구2,대전광역시 동구 원동(원동네거리 부근),2017-01-03,13시경,중상,기타불명,불명,자전거,기타불명,여,73세,보행자,중상,차대사람 - 보도통행중,기타,맑음,0,1
2017,대전광역시 동구1,대전광역시 동구 가양동(동부네거리 부근),2017-05-14,10시경,경상,남,26세,승용차,상해없음,남,75세,자전거,경상,차대차 - 측면충돌,안전운전불이행,맑음,0,1
2017,대전광역시 동구1,대전광역시 동구 가양동(동부네거리 부근),2017-04-10,13시경,경상,남,46세,승용차,상해없음,남,70세,자전거,경상,차대차 - 기타,안전운전불이행,맑음,0,1
2017,대전광역시 동구1,대전광역시 동구 가양동(동부네거리 부근),2017-01-07,13시경,경상,남,52세,승용차,상해없음,남,75세,자전거,경상,차대차 - 측면충돌,교차로운행방법위반,맑음,0,1
2017,대전광역시 동구1,대전광역시 동구 가양동(동부네거리 부근),2017-08-17,11시경,경상,남,75세,승용차,상해없음,남,82세,자전거,경상,차대차 - 측면충돌,안전운전불이행,맑음,0,1
2017,대전광역시 동구1,대전광역시 동구 가양동(동부네거리 부근),2017-08-13,07시경,경상,여,49세,승용차,상해없음,남,57세,자전거,경상,차대차 - 측면충돌,안전운전불이행,흐림,0,1
2017,대전광역시 동구3,대전광역시 동구 용전동(SK에너지 행복두배주유소 부근),2017-06-15,02시경,경상,남,51세,승용차,상해없음,남,64세,자전거,경상,차대차 - 측면충돌,교차로운행방법위반,맑음,0,1
2017,대전광역시 동구3,대전광역시 동구 용전동(SK에너지 행복두배주유소 부근),2017-06-27,14시경,중상,남,54세,승용차,상해없음,남,31세,자전거,중상,차대차 - 정면충돌,안전운전불이행,맑음,0,1
2017,대전광역시 동구3,대전광역시 동구 용전동(SK에너지 행복두배주유소 부근),2017-12-22,16시경,중상,남,63세,승용차,상해없음,여,58세,자전거,중상,차대차 - 측면충돌,안전운전불이행,맑음,0,1
2017,대전광역시 동구3,대전광역시 동구 용전동(SK에너지 행복두배주유소 부근),2017-12-31,20시경,경상,남,32세,이륜차,상해없음,남,19세,자전거,경상,차대차 - 측면충돌,안전운전불이행,맑음,0,1
2017,대전광역시 서구1,대전광역시 서구 둔산동(목련네거리 부근),2017-05-24,11시경,경상,남,45세,승용차,상해없음,남,76세,자전거,경상,차대차 - 기타,안전운전불이행,맑음,0,1
2017,대전광역시 서구1,대전광역시 서구 둔산동(목련네거리 부근),2017-11-04,22시경,부상신고,여,28세,승용차,상해없음,남,17세,자전거,부상신고,차대차 - 측면충돌,안전운전불이행,맑음,0,1
2017,대전광역시 서구1,대전광역시 서구 둔산동(목련네거리 부근),2017-05-29,18시경,경상,여,36세,승용차,상해없음,남,12세,자전거,경상,차대차 - 기타,안전운전불이행,맑음,0,1
2017,대전광역시 서구1,대전광역시 서구 둔산동(목련네거리 부근),2017-11-06,16시경,경상,여,48세,승용차,상해없음,여,10세,자전거,경상,차대차 - 기타,신호위반,맑음,0,1