사고년도,다발시군구,지점명,사고일시,사고시간대,사고등급,가해자성별,가해자연령,가해차종,가해자신체상해정도,피해자성별,피해자연령,피해차종,피해자신체상해정도,사고유형,가해자법규위반,기상상태,사망자수,부상자수
2017,대전광역시 서구1,대전광역시 서구 둔산동(목련네거리 부근),2017-10-12,21시경,경상,남,57세,승합차,상해없음,남,10세,자전거,경상,차대차 - 기타,신호위반,맑음,0,1
2017,대전광역시 서구1,대전광역시 서구 둔산동(목련네거리 부근),2017-05-29,21시경,경상,남,21세,이륜차,상해없음,남,15세,자전거,경상,차대차 - 기타,안전운전불이행,맑음,0,1
2017,대전광역시 서구1,대전광역시 서구 둔산동(목련네거리 부근),2017-05-10,15시경,중상,남,34세,자전거,상해없음,여,61세,보행자,중상,차대사람 - 횡단중,안전운전불이행,맑음,0,1
2017,대전광역시 서구3,대전광역시 서구 둔산동(삼천교네거리 부근),2017-05-23,08시경,중상,남,29세,승용차,상해없음,여,31세,자전거,중상,차대차 - 측면충돌,안전운전불이행,맑음,0,1
2017,대전광역시 서구3,대전광역시 서구 둔산동(삼천교네거리 부근),2017-04-19,09시경,중상,남,52세,승용차,상해없음,남,82세,자전거,중상,차대차 - 측면충돌,안전운전불이행,맑음,0,1
2017,대전광역시 서구3,대전광역시 서구 둔산동(삼천교네거리 부근),2017-02-14,13시경,경상,남,73세,승용차,상해없음,여,54세,자전거,경상,차대차 - 측면충돌,안전운전불이행,맑음,0,1
2017,대전광역시 서구3,대전광역시 서구 둔산동(삼천교네거리 부근),2017-10-31,09시경,경상,여,76세,승용차,상해없음,남,62세,자전거,경상,차대차 - 측면충돌,안전운전불이행,맑음,0,1
2017,대전광역시 서구3,대전광역시 서구 둔산동(삼천교네거리 부근),2017-07-01,02시경,경상,남,54세,이륜차,상해없음,남,37세,자전거,경상,차대차 - 기타,안전운전불이행,흐림,0,1
2017,대전광역시 서구4,대전광역시 서구 둔산동(시청역네거리 부근),2017-11-30,20시경,중상,남,24세,승용차,상해없음,남,13세,자전거,중상,차대차 - 기타,신호위반,맑음,0,1
2017,대전광역시 서구4,대전광역시 서구 둔산동(시청역네거리 부근),2017-01-31,09시경,경상,남,27세,승용차,상해없음,여,47세,자전거,경상,차대차 - 측면충돌,안전운전불이행,맑음,0,1
2017,대전광역시 서구4,대전광역시 서구 둔산동(시청역네거리 부근),2017-05-25,11시경,경상,남,35세,승용차,상해없음,여,66세,자전거,경상,차대차 - 기타,안전운전불이행,맑음,0,1
2017,대전광역시 서구4,대전광역시 서구 둔산동(시청역네거리 부근),2017-10-31,15시경,경상,여,46세,승용차,상해없음,남,10세,자전거,경상,차대차 - 기타,신호위반,맑음,0,1
2017,대전광역시 서구2,대전광역시 서구 만년동(만년네거리 부근),2017-11-09,20시경,중상,남,27세,승용차,상해없음,여,24세,자전거,중상,차대차 - 측면충돌,안전운전불이행,맑음,0,1
2017,대전광역시 서구2,대전광역시 서구 만년동(만년네거리 부근),2017-06-16,12시경,중상,남,34세,승용차,상해없음,남,19세,자전거,중상,차대차 - 측면충돌,신호위반,맑음,0,1
2017,대전광역시 서구2,대전광역시 서구 만년동(만년네거리 부근),2017-05-26,08시경,중상,남,36세,승용차,상해없음,여,60세,자전거,중상,차대차 - 기타,안전운전불이행,맑음,0,1
2017,대전광역시 서구2,대전광역시 서구 만년동(만년네거리 부근),2017-07-14,09시경,경상,남,39세,승용차,상해없음,남,34세,자전거,경상,차대차 - 측면충돌,안전운전불이행,맑음,0,1
2017,대전광역시 서구2,대전광역시 서구 만년동(만년네거리 부근),2017-01-19,17시경,경상,남,50세,승용차,상해없음,남,74세,자전거,경상,차대차 - 측면충돌,안전운전불이행,맑음,0,1
2017,대전광역시 서구2,대전광역시 서구 만년동(만년네거리 부근),2017-06-08,07시경,중상,남,69세,승용차,상해없음,남,17세,자전거,중상,차대차 - 측면충돌,안전운전불이행,맑음,0,1
2017,대전광역시 유성구1,대전광역시 유성구 봉명동(스승의공원 부근),2017-10-25,08시경,경상,남,25세,승용차,상해없음,남,36세,자전거,경상,차대차 - 기타,신호위반,맑음,0,1
2017,대전광역시 유성구1,대전광역시 유성구 봉명동(스승의공원 부근),2017-09-10,18시경,경상,남,46세,승용차,상해없음,여,23세,자전거,경상,차대차 - 측면충돌,안전운전불이행,맑음,0,1
2017,대전광역시 유성구1,대전광역시 유성구 봉명동(스승의공원 부근),2017-03-11,15시경,경상,남,51세,승용차,상해없음,남,14세,자전거,경상,차대차 - 추돌,안전운전불이행,맑음,0,1
2017,대전광역시 유성구1,대전광역시 유성구 봉명동(스승의공원 부근),2017-02-06,16시경,중상,남,54세,승용차,상해없음,남,80세,자전거,중상,차대차 - 측면충돌,직진우회전진행방해,맑음,0,1
2017,대전광역시 유성구1,대전광역시 유성구 봉명동(스승의공원 부근),2017-05-29,13시경,경상,남,72세,승용차,상해없음,남,83세,자전거,경상,차대차 - 정면충돌,신호위반,맑음,0,1
2017,대전광역시 유성구1,대전광역시 유성구 봉명동(스승의공원 부근),2017-04-18,18시경,중상,여,65세,승용차,상해없음,남,20세,자전거,중상,차대차 - 측면충돌,안전운전불이행,맑음,0,1
2017,대전광역시 유성구1,대전광역시 유성구 봉명동(스승의공원 부근),2017-04-26,19시경,부상신고,여,29세,자전거,부상신고,여,39세,승용차,상해없음,차대차 - 측면충돌,불법유턴,맑음,0,1
2017,대전광역시 대덕구2,대전광역시 대덕구 오정동(오정네거리 부근),2017-08-18,17시경,경상,남,39세,승용차,상해없음,남,57세,자전거,경상,차대차 - 기타,신호위반,맑음,0,1
2017,대전광역시 대덕구2,대전광역시 대덕구 오정동(오정네거리 부근),2017-05-22,08시경,중상,여,63세,승용차,상해없음,여,50세,자전거,중상,차대차 - 기타,안전운전불이행,맑음,0,1
2017,대전광역시 대덕구2,대전광역시 대덕구 오정동(오정네거리 부근),2017-01-25,08시경,경상,남,33세,화물차,상해없음,여,28세,자전거,경상,차대차 - 측면충돌,안전거리미확보,맑음,0,1
2017,대전광역시 대덕구2,대전광역시 대덕구 오정동(오정네거리 부근),2017-10-24,16시경,경상,남,38세,화물차,상해없음,남,13세,자전거,경상,차대차 - 기타,안전운전불이행,맑음,0,1
2017,대전광역시 대덕구3,대전광역시 대덕구 읍내동(읍내네거리 부근),2017-03-24,16시경,경상,남,29세,승용차,상해없음,남,76세,자전거,경상,차대차 - 측면충돌,교차로운행방법위반,맑음,0,1
2017,대전광역시 대덕구3,대전광역시 대덕구 읍내동(읍내네거리 부근),2017-05-09,15시경,중상,여,52세,승용차,상해없음,남,78세,자전거,중상,차대차 - 측면충돌,안전운전불이행,맑음,0,1
2017,대전광역시 대덕구3,대전광역시 대덕구 읍내동(읍내네거리 부근),2017-10-24,18시경,경상,여,63세,승용차,상해없음,남,51세,자전거,경상,차대차 - 측면충돌,교차로운행방법위반,맑음,0,1
2017,대전광역시 대덕구3,대전광역시 대덕구 읍내동(읍내네거리 부근),2017-04-22,19시경,경상,남,59세,화물차,상해없음,남,29세,자전거,경상,차대차 - 측면충돌,안전운전불이행,맑음,0,1
2017,대전광역시 대덕구1,대전광역시 대덕구 법동(대덕프라자 앞사거리 부근),2017-08-24,11시경,중상,기타불명,불명,불명,기타불명,남,72세,자전거,중상,차대차 - 기타,안전운전불이행,맑음,0,1
2017,대전광역시 대덕구1,대전광역시 대덕구 법동(대덕프라자 앞사거리 부근),2017-10-17,08시경,경상,남,73세,승용차,상해없음,남,47세,자전거,경상,차대차 - 기타,안전운전불이행,맑음,0,1
2017,대전광역시 대덕구1,대전광역시 대덕구 법동(대덕프라자 앞사거리 부근),2017-05-25,07시경,경상,남,75세,승용차,상해없음,남,30세,자전거,경상,차대차 - 기타,안전운전불이행,맑음,0,1
2017,대전광역시 대덕구1,대전광역시 대덕구 법동(대덕프라자 앞사거리 부근),2017-07-19,08시경,중상,여,42세,승용차,상해없음,남,54세,자전거,중상,차대차 - 측면충돌,안전운전불이행,맑음,0,1
2017,울산광역시 중구1,울산광역시 중구 복산동(복산사거리 부근),2017-04-21,08시경,중상,남,57세,승용차,상해없음,남,22세,자전거,중상,차대차 - 측면충돌,신호위반,맑음,0,1
2017,울산광역시 중구1,울산광역시 중구 복산동(복산사거리 부근),2017-07-08,09시경,중상,남,60세,승용차,상해없음,남,60세,자전거,중상,차대차 - 기타,안전운전불이행,맑음,0,1
2017,울산광역시 중구1,울산광역시 중구 복산동(복산사거리 부근),2017-09-21,17시경,중상,여,50세,승용차,상해없음,남,10세,자전거,중상,차대차 - 측면충돌,안전운전불이행,맑음,0,1
2017,울산광역시 중구1,울산광역시 중구 복산동(복산사거리 부근),2017-06-09,22시경,경상,남,14세,자전거,경상,남,45세,승용차,상해없음,차대차 - 측면충돌,안전운전불이행,맑음,0,1
2017,울산광역시 중구1,울산광역시 중구 복산동(복산사거리 부근),2017-10-24,08시경,중상,남,15세,자전거,상해없음,남,70세,자전거,중상,차대차 - 기타,안전운전불이행,맑음,0,1
2017,울산광역시 중구1,울산광역시 중구 복산동(복산사거리 부근),2017-06-04,21시경,중상,여,19세,자전거,중상,남,18세,보행자,경상,차대사람 - 기타,기타,맑음,0,2
2017,울산광역시 중구2,울산광역시 중구 옥교동(안국한의원 부근),2017-05-09,01시경,중상,남,32세,승용차,상해없음,여,68세,자전거,중상,차대차 - 기타,직진우회전진행방해,맑음,0,1
2017,울산광역시 중구2,울산광역시 중구 옥교동(안국한의원 부근),2017-05-18,09시경,경상,여,31세,승용차,상해없음,남,59세,자전거,경상,차대차 - 측면충돌,직진우회전진행방해,맑음,0,1
2017,울산광역시 중구2,울산광역시 중구 옥교동(안국한의원 부근),2017-07-19,10시경,중상,남,25세,이륜차,상해없음,남,74세,자전거,중상,차대차 - 측면충돌,직진우회전진행방해,맑음,0,1
2017,울산광역시 중구2,울산광역시 중구 옥교동(안국한의원 부근),2017-06-23,21시경,부상신고,남,55세,자전거,부상신고,남,60세,화물차,상해없음,차대차 - 기타,신호위반,맑음,0,1
2017,울산광역시 중구2,울산광역시 중구 옥교동(안국한의원 부근),2017-09-16,06시경,중상,남,44세,특수차,상해없음,여,56세,자전거,중상,차대차 - 기타,교차로운행방법위반,맑음,0,1
2017,울산광역시 중구4,울산광역시 중구 약사동(병영오거리 부근),2017-03-13,06시경,중상,남,51세,승용차,상해없음,남,28세,자전거,중상,차대차 - 측면충돌,안전운전불이행,맑음,0,1
2017,울산광역시 중구4,울산광역시 중구 약사동(병영오거리 부근),2017-01-03,09시경,중상,남,55세,승용차,상해없음,남,74세,자전거,중상,차대차 - 기타,교차로운행방법위반,맑음,0,1
2017,울산광역시 중구4,울산광역시 중구 약사동(병영오거리 부근),2017-08-28,10시경,중상,남,60세,승용차,상해없음,남,77세,자전거,중상,차대차 - 측면충돌,안전운전불이행,맑음,0,1
2017,울산광역시 중구4,울산광역시 중구 약사동(병영오거리 부근),2017-02-22,11시경,경상,남,51세,승합차,상해없음,남,64세,자전거,경상,차대차 - 기타,안전운전불이행,비,0,1
2017,울산광역시 중구3,울산광역시 중구 반구동(울산연합의원 부근),2017-08-05,08시경,중상,남,60세,승용차,상해없음,남,80세,자전거,중상,차대차 - 측면충돌,안전운전불이행,맑음,0,1
2017,울산광역시 중구3,울산광역시 중구 반구동(울산연합의원 부근),2017-11-01,17시경,경상,남,67세,승용차,상해없음,남,78세,자전거,경상,차대차 - 기타,안전운전불이행,맑음,0,1
2017,울산광역시 중구3,울산광역시 중구 반구동(울산연합의원 부근),2017-10-11,11시경,경상,여,37세,승용차,상해없음,남,76세,자전거,경상,차대차 - 측면충돌,신호위반,맑음,0,1
2017,울산광역시 중구3,울산광역시 중구 반구동(울산연합의원 부근),2017-11-30,07시경,중상,남,58세,자전거,중상,여,44세,승용차,상해없음,차대차 - 측면충돌,신호위반,흐림,0,1
2017,울산광역시 중구3,울산광역시 중구 반구동(울산연합의원 부근),2017-02-17,16시경,경상,남,82세,자전거,경상,남,24세,승용차,상해없음,차대차 - 측면충돌,안전운전불이행,맑음,0,1
2017,울산광역시 중구5,울산광역시 중구 반구동(강변e편한세상아파트 101동 부근),2017-01-21,17시경,중상,남,39세,승용차,상해없음,남,51세,자전거,중상,차대차 - 측면충돌,안전운전불이행,맑음,0,1
2017,울산광역시 중구5,울산광역시 중구 반구동(강변e편한세상아파트 101동 부근),2017-07-29,17시경,중상,여,54세,승용차,상해없음,남,59세,자전거,중상,차대차 - 측면충돌,안전운전불이행,맑음,0,1
2017,울산광역시 중구5,울산광역시 중구 반구동(강변e편한세상아파트 101동 부근),2017-03-30,23시경,경상,남,26세,자전거,상해없음,여,62세,보행자,경상,차대사람 - 횡단중,안전운전불이행,맑음,0,1
2017,울산광역시 중구5,울산광역시 중구 반구동(강변e편한세상아파트 101동 부근),2017-08-01,21시경,경상,남,40세,자전거,상해없음,남,15세,자전거,경상,차대차 - 정면충돌,중앙선침범,맑음,0,1
2017,울산광역시 남구2,울산광역시 남구 무거동(신복로터리 부근),2017-07-09,00시경,경상,기타불명,불명,불명,기타불명,남,45세,자전거,경상,차대차 - 측면충돌,신호위반,맑음,0,1
2017,울산광역시 남구2,울산광역시 남구 무거동(신복로터리 부근),2017-06-11,20시경,중상,남,50세,승용차,상해없음,남,48세,자전거,중상,차대차 - 측면충돌,안전운전불이행,맑음,0,1
2017,울산광역시 남구2,울산광역시 남구 무거동(신복로터리 부근),2017-03-07,14시경,중상,여,43세,승용차,상해없음,여,54세,자전거,중상,차대차 - 기타,신호위반,맑음,0,1
2017,울산광역시 남구2,울산광역시 남구 무거동(신복로터리 부근),2017-09-30,19시경,경상,남,47세,화물차,상해없음,남,17세,자전거,경상,차대차 - 측면충돌,신호위반,맑음,0,1
2017,울산광역시 남구1,울산광역시 남구 신정동(KBS사거리 부근),2017-08-09,23시경,경상,기타불명,불명,불명,기타불명,남,42세,자전거,경상,차대차 - 측면충돌,안전운전불이행,흐림,0,1
2017,울산광역시 남구1,울산광역시 남구 신정동(KBS사거리 부근),2017-10-15,09시경,경상,남,37세,승용차,상해없음,여,52세,자전거,경상,차대차 - 기타,안전운전불이행,맑음,0,1
2017,울산광역시 남구1,울산광역시 남구 신정동(KBS사거리 부근),2017-07-15,11시경,경상,남,53세,승용차,상해없음,여,62세,자전거,경상,차대차 - 측면충돌,안전운전불이행,맑음,0,1
2017,울산광역시 남구1,울산광역시 남구 신정동(KBS사거리 부근),2017-07-14,08시경,경상,남,59세,승용차,상해없음,남,67세,자전거,경상,차대차 - 기타,안전운전불이행,맑음,0,1
2017,울산광역시 남구1,울산광역시 남구 신정동(KBS사거리 부근),2017-08-21,09시경,경상,남,60세,화물차,상해없음,남,76세,자전거,경상,차대차 - 기타,안전운전불이행,맑음,0,1
2017,울산광역시 남구3,울산광역시 남구 신정동(신정공원 부근),2017-08-24,09시경,경상,남,27세,승용차,상해없음,남,9세,자전거,경상,차대차 - 측면충돌,안전운전불이행,맑음,0,1
2017,울산광역시 남구3,울산광역시 남구 신정동(신정공원 부근),2017-04-28,16시경,경상,남,12세,자전거,경상,여,52세,승용차,기타불명,차대차 - 정면충돌,안전운전불이행,맑음,0,1
2017,울산광역시 남구3,울산광역시 남구 신정동(신정공원 부근),2017-10-22,14시경,경상,남,77세,자전거,경상,여,51세,승용차,상해없음,차대차 - 측면충돌,안전거리미확보,맑음,0,1
2017,울산광역시 남구3,울산광역시 남구 신정동(신정공원 부근),2017-09-09,16시경,경상,남,54세,화물차,상해없음,남,8세,자전거,경상,차대차 - 측면충돌,안전운전불이행,맑음,0,1
2017,울산광역시 북구1,울산광역시 북구 명촌동(명촌대교 부근),2017-11-21,06시경,경상,기타불명,불명,불명,기타불명,남,54세,자전거,경상,차대차 - 측면충돌,안전운전불이행,맑음,0,1
2017,울산광역시 북구1,울산광역시 북구 명촌동(명촌대교 부근),2017-06-20,11시경,중상,남,50세,승용차,상해없음,남,67세,자전거,중상,차대차 - 기타,안전운전불이행,맑음,0,1
2017,울산광역시 북구1,울산광역시 북구 명촌동(명촌대교 부근),2017-06-11,22시경,경상,남,54세,승용차,상해없음,남,49세,자전거,경상,차대차 - 측면충돌,안전운전불이행,맑음,0,1
2017,울산광역시 북구1,울산광역시 북구 명촌동(명촌대교 부근),2017-11-27,14시경,중상,남,40세,자전거,상해없음,여,63세,자전거,중상,차대차 - 기타,안전운전불이행,맑음,0,1
2017,울산광역시 북구1,울산광역시 북구 명촌동(명촌대교 부근),2017-09-14,06시경,부상신고,남,44세,자전거,부상신고,남,29세,승용차,상해없음,차대차 - 기타,불법유턴,맑음,0,1
2017,경기도 수원시 장안구3,경기도 수원시 장안구 파장동(명진한의원 부근),2017-11-30,18시경,부상신고,여,35세,승용차,상해없음,남,49세,자전거,부상신고,차대차 - 기타,기타,맑음,0,1
2017,경기도 수원시 장안구3,경기도 수원시 장안구 파장동(명진한의원 부근),2017-07-22,05시경,경상,여,35세,승용차,상해없음,남,57세,자전거,경상,차대차 - 측면충돌,중앙선침범,맑음,0,1
2017,경기도 수원시 장안구3,경기도 수원시 장안구 파장동(명진한의원 부근),2017-06-22,12시경,중상,남,35세,승합차,상해없음,여,65세,자전거,중상,차대차 - 기타,안전운전불이행,맑음,0,1
2017,경기도 수원시 장안구3,경기도 수원시 장안구 파장동(명진한의원 부근),2017-07-16,13시경,경상,남,17세,자전거,상해없음,남,57세,보행자,경상,차대사람 - 횡단중,보행자보호의무위반,맑음,0,1
2017,경기도 수원시 장안구3,경기도 수원시 장안구 파장동(명진한의원 부근),2017-12-17,16시경,경상,남,55세,자전거,상해없음,남,24세,보행자,경상,차대사람 - 기타,안전운전불이행,맑음,0,1
2017,경기도 수원시 장안구2,경기도 수원시 장안구 정자동(북수원신용협동조합 정자지점 부근),2017-04-10,10시경,경상,남,66세,승용차,상해없음,여,46세,자전거,경상,차대차 - 기타,안전운전불이행,맑음,0,1
2017,경기도 수원시 장안구2,경기도 수원시 장안구 정자동(북수원신용협동조합 정자지점 부근),2017-05-10,17시경,중상,여,56세,승용차,상해없음,남,10세,자전거,중상,차대차 - 측면충돌,교차로운행방법위반,맑음,0,1
2017,경기도 수원시 장안구2,경기도 수원시 장안구 정자동(북수원신용협동조합 정자지점 부근),2017-12-06,18시경,부상신고,남,17세,자전거,부상신고,남,61세,승용차,상해없음,차대차 - 측면충돌,안전운전불이행,맑음,0,1
2017,경기도 수원시 장안구2,경기도 수원시 장안구 정자동(북수원신용협동조합 정자지점 부근),2017-03-15,19시경,중상,남,19세,자전거,상해없음,여,49세,보행자,중상,차대사람 - 횡단중,안전운전불이행,맑음,0,1
2017,경기도 수원시 장안구2,경기도 수원시 장안구 정자동(북수원신용협동조합 정자지점 부근),2017-11-08,18시경,부상신고,남,25세,자전거,부상신고,남,49세,이륜차,상해없음,차대차 - 기타,안전운전불이행,맑음,0,1
2017,경기도 수원시 장안구4,경기도 수원시 장안구 정자동(정자사거리 부근),2017-12-21,23시경,경상,여,24세,승용차,상해없음,남,38세,자전거,경상,차대차 - 측면충돌,신호위반,맑음,0,1
2017,경기도 수원시 장안구4,경기도 수원시 장안구 정자동(정자사거리 부근),2017-06-13,07시경,부상신고,남,15세,자전거,부상신고,없음,불명,없음,없음,차량단독 - 도로외이탈 - 추락,안전운전불이행,비,0,1
2017,경기도 수원시 장안구4,경기도 수원시 장안구 정자동(정자사거리 부근),2017-07-25,21시경,중상,남,20세,자전거,중상,남,25세,승용차,상해없음,차대차 - 측면충돌,안전운전불이행,맑음,0,1
2017,경기도 수원시 장안구4,경기도 수원시 장안구 정자동(정자사거리 부근),2017-09-19,13시경,경상,남,76세,자전거,경상,여,56세,승용차,상해없음,차대차 - 측면충돌,안전운전불이행,맑음,0,1
2017,경기도 수원시 장안구4,경기도 수원시 장안구 정자동(정자사거리 부근),2017-11-21,14시경,경상,남,64세,화물차,상해없음,남,68세,자전거,경상,차대차 - 측면충돌,안전운전불이행,맑음,0,1
2017,경기도 수원시 장안구5,경기도 수원시 장안구 조원동(운동장사거리 부근),2017-06-26,09시경,경상,기타불명,불명,불명,기타불명,남,12세,자전거,경상,차대차 - 기타,안전운전불이행,맑음,0,1
2017,경기도 수원시 장안구5,경기도 수원시 장안구 조원동(운동장사거리 부근),2017-05-05,11시경,경상,남,35세,승용차,상해없음,남,82세,자전거,경상,차대차 - 측면충돌,안전운전불이행,맑음,0,1
2017,경기도 수원시 장안구5,경기도 수원시 장안구 조원동(운동장사거리 부근),2017-03-22,12시경,경상,남,55세,이륜차,상해없음,남,73세,자전거,경상,차대차 - 측면충돌,안전운전불이행,맑음,0,1
2017,경기도 수원시 장안구5,경기도 수원시 장안구 조원동(운동장사거리 부근),2017-05-25,18시경,경상,남,13세,자전거,경상,남,55세,승용차,상해없음,차대차 - 기타,안전운전불이행,맑음,0,1
2017,경기도 수원시 장안구1,경기도 수원시 장안구 연무동(퉁소바위사거리 부근),2017-10-22,10시경,경상,남,28세,승용차,상해없음,남,41세,자전거,경상,차대차 - 기타,교차로운행방법위반,맑음,0,1
2017,경기도 수원시 장안구1,경기도 수원시 장안구 연무동(퉁소바위사거리 부근),2017-07-19,23시경,경상,남,51세,승용차,상해없음,남,25세,자전거,경상,차대차 - 정면충돌,신호위반,흐림,0,1
2017,경기도 수원시 장안구1,경기도 수원시 장안구 연무동(퉁소바위사거리 부근),2017-02-14,12시경,경상,여,45세,승용차,상해없음,남,35세,자전거,경상,차대차 - 정면충돌,안전운전불이행,맑음,0,1
2017,경기도 수원시 장안구1,경기도 수원시 장안구 연무동(퉁소바위사거리 부근),2017-08-23,14시경,중상,여,48세,승용차,상해없음,남,61세,자전거,중상,차대차 - 정면충돌,신호위반,맑음,0,1
2017,경기도 수원시 장안구1,경기도 수원시 장안구 연무동(퉁소바위사거리 부근),2017-01-27,07시경,중상,남,60세,자전거,중상,남,68세,승용차,상해없음,차대차 - 측면충돌,안전운전불이행,맑음,0,1
2017,경기도 수원시 권선구3,경기도 수원시 권선구 세류동(미영아파트정문 부근),2017-10-03,14시경,경상,남,79세,승용차,상해없음,남,63세,자전거,경상,차대차 - 측면충돌,신호위반,맑음,0,1
2017,경기도 수원시 권선구3,경기도 수원시 권선구 세류동(미영아파트정문 부근),2017-03-24,00시경,부상신고,여,37세,승용차,상해없음,남,55세,자전거,부상신고,차대차 - 기타,안전운전불이행,맑음,0,1
2017,경기도 수원시 권선구3,경기도 수원시 권선구 세류동(미영아파트정문 부근),2017-03-13,16시경,경상,남,14세,자전거,상해없음,여,66세,보행자,경상,차대사람 - 길가장자리구역통행중,안전운전불이행,맑음,0,1
2017,경기도 수원시 권선구3,경기도 수원시 권선구 세류동(미영아파트정문 부근),2017-06-10,17시경,부상신고,남,61세,자전거,부상신고,없음,불명,없음,없음,차량단독 - 기타,안전운전불이행,맑음,0,1
2017,경기도 수원시 권선구2,경기도 수원시 권선구 금곡동(가람한의원 부근),2017-07-19,16시경,중상,남,60세,승용차,상해없음,남,10세,자전거,중상,차대차 - 측면충돌,안전운전불이행,맑음,0,1
2017,경기도 수원시 권선구2,경기도 수원시 권선구 금곡동(가람한의원 부근),2017-05-17,16시경,중상,여,29세,승용차,상해없음,남,8세,자전거,중상,차대차 - 정면충돌,신호위반,맑음,0,1
2017,경기도 수원시 권선구2,경기도 수원시 권선구 금곡동(가람한의원 부근),2017-10-15,18시경,경상,여,48세,승용차,상해없음,남,11세,자전거,경상,차대차 - 기타,안전운전불이행,맑음,0,1
2017,경기도 수원시 권선구2,경기도 수원시 권선구 금곡동(가람한의원 부근),2017-06-08,17시경,경상,여,49세,승용차,상해없음,남,43세,자전거,경상,차대차 - 기타,교차로운행방법위반,맑음,0,1
2017,경기도 수원시 권선구1,경기도 수원시 권선구 권선동(농수산시장사거리 부근),2017-05-06,10시경,경상,기타불명,불명,불명,기타불명,남,16세,자전거,경상,차대차 - 측면충돌,안전운전불이행,맑음,0,1
2017,경기도 수원시 권선구1,경기도 수원시 권선구 권선동(농수산시장사거리 부근),2017-11-05,12시경,경상,남,37세,승용차,상해없음,남,75세,자전거,경상,차대차 - 측면충돌,안전운전불이행,맑음,0,1
2017,경기도 수원시 권선구1,경기도 수원시 권선구 권선동(농수산시장사거리 부근),2017-10-19,07시경,중상,여,63세,승용차,상해없음,남,30세,자전거,중상,차대차 - 측면충돌,안전운전불이행,맑음,0,1
2017,경기도 수원시 권선구1,경기도 수원시 권선구 권선동(농수산시장사거리 부근),2017-04-23,07시경,중상,남,77세,이륜차,상해없음,남,36세,자전거,중상,차대차 - 기타,안전운전불이행,맑음,0,1
2017,경기도 수원시 권선구1,경기도 수원시 권선구 권선동(농수산시장사거리 부근),2017-06-03,13시경,부상신고,남,7세,자전거,부상신고,남,34세,화물차,상해없음,차대차 - 기타,교차로운행방법위반,맑음,0,1
2017,경기도 수원시 팔달구3,경기도 수원시 팔달구 화서동(화서문로터리 부근),2017-08-30,05시경,경상,남,55세,승용차,상해없음,남,46세,자전거,경상,차대차 - 정면충돌,안전운전불이행,맑음,0,1
2017,경기도 수원시 팔달구3,경기도 수원시 팔달구 화서동(화서문로터리 부근),2017-04-03,07시경,경상,여,50세,승합차,상해없음,남,16세,자전거,경상,차대차 - 기타,안전운전불이행,맑음,0,1
2017,경기도 수원시 팔달구3,경기도 수원시 팔달구 화서동(화서문로터리 부근),2017-03-20,17시경,경상,남,14세,자전거,상해없음,여,16세,보행자,경상,차대사람 - 횡단중,신호위반,맑음,0,1
2017,경기도 수원시 팔달구3,경기도 수원시 팔달구 화서동(화서문로터리 부근),2017-10-17,10시경,경상,남,74세,자전거,경상,남,75세,승용차,상해없음,차대차 - 측면충돌,신호위반,맑음,0,1
2017,경기도 수원시 팔달구1,경기도 수원시 팔달구 인계동(동수원사거리 부근),2017-03-01,11시경,경상,기타불명,불명,승용차,기타불명,남,26세,자전거,경상,차대차 - 기타,안전운전불이행,맑음,0,1
2017,경기도 수원시 팔달구1,경기도 수원시 팔달구 인계동(동수원사거리 부근),2017-04-02,19시경,경상,남,14세,자전거,경상,남,57세,승용차,상해없음,차대차 - 측면충돌,안전운전불이행,맑음,0,1
2017,경기도 수원시 팔달구1,경기도 수원시 팔달구 인계동(동수원사거리 부근),2017-05-01,10시경,부상신고,남,18세,자전거,부상신고,남,61세,승용차,상해없음,차대차 - 측면충돌,안전운전불이행,맑음,0,1
2017,경기도 수원시 팔달구1,경기도 수원시 팔달구 인계동(동수원사거리 부근),2017-12-14,12시경,경상,남,75세,자전거,경상,남,69세,승용차,상해없음,차대차 - 기타,안전운전불이행,맑음,0,1
2017,경기도 수원시 팔달구1,경기도 수원시 팔달구 인계동(동수원사거리 부근),2017-05-16,23시경,경상,여,23세,자전거,경상,남,32세,승용차,상해없음,차대차 - 측면충돌,안전운전불이행,맑음,0,1
2017,경기도 수원시 팔달구1,경기도 수원시 팔달구 인계동(동수원사거리 부근),2017-10-01,16시경,부상신고,여,50세,자전거,부상신고,남,64세,승용차,상해없음,차대차 - 측면충돌,안전운전불이행,맑음,0,1
2017,경기도 수원시 팔달구2,경기도 수원시 팔달구 인계동(문화의전당사거리 부근),2017-07-04,18시경,경상,기타불명,불명,불명,기타불명,남,18세,자전거,경상,차대차 - 측면충돌,안전운전불이행,맑음,0,1
2017,경기도 수원시 팔달구2,경기도 수원시 팔달구 인계동(문화의전당사거리 부근),2017-05-24,19시경,경상,남,60세,승용차,상해없음,남,19세,자전거,경상,차대차 - 기타,안전운전불이행,맑음,0,1
2017,경기도 수원시 팔달구2,경기도 수원시 팔달구 인계동(문화의전당사거리 부근),2017-06-13,17시경,경상,남,17세,자전거,상해없음,여,35세,보행자,경상,차대사람 - 보도통행중,기타,맑음,0,1
2017,경기도 수원시 팔달구2,경기도 수원시 팔달구 인계동(문화의전당사거리 부근),2017-10-11,11시경,중상,남,82세,자전거,중상,남,54세,화물차,상해없음,차대차 - 기타,중앙선침범,흐림,0,1