사고년도,다발시군구,지점명,사고일시,사고시간대,사고등급,가해자성별,가해자연령,가해차종,가해자신체상해정도,피해자성별,피해자연령,피해차종,피해자신체상해정도,사고유형,가해자법규위반,기상상태,사망자수,부상자수
2018,서울특별시 광진구1,서울특별시 광진구 구의동(우리은행 구의동지점 부근),2018-09-06,08시,경상,남,63세,화물차,상해없음,여,52세,자전거,경상,차대차 - 측면충돌,안전운전 의무 불이행,맑음,1,6
2018,서울특별시 광진구1,서울특별시 광진구 구의동(우리은행 구의동지점 부근),2018-09-19,18시,경상,남,53세,화물차,상해없음,여,67세,자전거,경상,차대차 - 추돌,안전운전 의무 불이행,맑음,1,6
2018,서울특별시 광진구1,서울특별시 광진구 구의동(우리은행 구의동지점 부근),2018-12-01,17시,사망,남,54세,자전거,사망,남,52세,건설기계,상해없음,차대차 - 측면충돌,안전운전 의무 불이행,맑음,1,6
2018,서울특별시 광진구2,서울특별시 광진구 자양동(송파예술마루 부근),2018-03-25,14시,중상,여,50세,자전거,상해없음,남,57세,자전거,중상,차대차 - 정면충돌,안전운전 의무 불이행,맑음,1,6
2018,서울특별시 광진구2,서울특별시 광진구 자양동(송파예술마루 부근),2018-04-16,07시,부상신고,여,24세,자전거,부상신고,남,46세,승용차,상해없음,차대차 - 측면충돌,안전운전 의무 불이행,맑음,1,6
2018,서울특별시 광진구2,서울특별시 광진구 자양동(송파예술마루 부근),2018-06-11,17시,경상,남,36세,승용차,상해없음,남,35세,자전거,경상,차대차 - 측면충돌,안전운전 의무 불이행,맑음,1,6
2018,서울특별시 광진구2,서울특별시 광진구 자양동(송파예술마루 부근),2018-06-19,20시,경상,남,15세,자전거,부상신고,남,33세,자전거,경상,차대차 - 측면충돌,안전운전 의무 불이행,맑음,1,6
2018,서울특별시 광진구2,서울특별시 광진구 자양동(송파예술마루 부근),2018-07-04,09시,경상,남,19세,자전거,상해없음,남,71세,자전거,경상,차대차 - 측면충돌,기타,맑음,1,6
2018,서울특별시 광진구2,서울특별시 광진구 자양동(송파예술마루 부근),2018-11-14,12시,사망,남,76세,자전거,사망,여,49세,승용차,상해없음,차대차 - 측면충돌,안전운전 의무 불이행,맑음,1,6
2018,서울특별시 광진구3,서울특별시 광진구 자양동(보광마트 부근),2018-04-12,10시,중상,남,37세,자전거,중상,남,49세,승용차,상해없음,차대차 - 측면충돌,안전운전 의무 불이행,맑음,0,5
2018,서울특별시 광진구3,서울특별시 광진구 자양동(보광마트 부근),2018-05-29,16시,경상,남,11세,자전거,기타불명,여,57세,보행자,경상,차대사람 - 차도통행중,안전운전 의무 불이행,맑음,0,5
2018,서울특별시 광진구3,서울특별시 광진구 자양동(보광마트 부근),2018-06-02,19시,경상,여,50세,자전거,상해없음,남,21세,이륜차,경상,차대차 - 기타,안전운전 의무 불이행,맑음,0,5
2018,서울특별시 광진구3,서울특별시 광진구 자양동(보광마트 부근),2018-09-19,08시,중상,여,65세,자전거,상해없음,여,72세,보행자,중상,차대사람 - 차도통행중,안전운전 의무 불이행,맑음,0,5
2018,서울특별시 광진구3,서울특별시 광진구 자양동(보광마트 부근),2018-11-14,07시,경상,남,16세,자전거,경상,남,74세,승용차,상해없음,차대차 - 기타,안전운전 의무 불이행,맑음,0,5
2018,서울특별시 광진구4,서울특별시 광진구 화양동(화양동우체국 부근),2018-03-08,14시,중상,여,63세,자전거,중상,남,62세,승용차,상해없음,차대차 - 측면충돌,안전운전 의무 불이행,맑음,0,5
2018,서울특별시 광진구4,서울특별시 광진구 화양동(화양동우체국 부근),2018-04-25,19시,경상,남,28세,원동기장치자전거,상해없음,여,19세,자전거,경상,차대차 - 측면충돌,신호위반,맑음,0,5
2018,서울특별시 광진구4,서울특별시 광진구 화양동(화양동우체국 부근),2018-05-08,10시,경상,남,61세,자전거,경상,남,75세,승용차,상해없음,차대차 - 기타,안전운전 의무 불이행,맑음,0,5
2018,서울특별시 광진구4,서울특별시 광진구 화양동(화양동우체국 부근),2018-06-15,08시,중상,남,56세,화물차,상해없음,남,25세,자전거,중상,차대차 - 측면충돌,안전운전 의무 불이행,맑음,0,5
2018,서울특별시 광진구4,서울특별시 광진구 화양동(화양동우체국 부근),2018-07-06,16시,경상,여,72세,자전거,경상,남,50세,승용차,상해없음,차대차 - 측면충돌,안전운전 의무 불이행,맑음,0,5
2018,서울특별시 동대문구1,서울특별시 동대문구 전농동(성바오로병원교차로 부근),2018-01-16,18시,경상,남,73세,자전거,경상,남,62세,승용차,상해없음,차대차 - 기타,신호위반,맑음,0,7
2018,서울특별시 동대문구1,서울특별시 동대문구 전농동(성바오로병원교차로 부근),2018-01-20,19시,경상,기타불명,불명,불명,기타불명,남,47세,자전거,경상,차대차 - 기타,중앙선 침범,맑음,0,7
2018,서울특별시 동대문구1,서울특별시 동대문구 전농동(성바오로병원교차로 부근),2018-04-12,20시,중상,남,58세,자전거,상해없음,여,71세,보행자,중상,차대사람 - 기타,안전운전 의무 불이행,맑음,0,7
2018,서울특별시 동대문구1,서울특별시 동대문구 전농동(성바오로병원교차로 부근),2018-05-04,13시,중상,남,57세,승용차,상해없음,남,53세,자전거,중상,차대차 - 기타,안전운전 의무 불이행,맑음,0,7
2018,서울특별시 동대문구1,서울특별시 동대문구 전농동(성바오로병원교차로 부근),2018-07-14,20시,경상,남,74세,자전거,경상,남,33세,승합차,상해없음,차대차 - 기타,안전운전 의무 불이행,맑음,0,7
2018,서울특별시 동대문구1,서울특별시 동대문구 전농동(성바오로병원교차로 부근),2018-07-28,09시,경상,여,68세,자전거,상해없음,남,78세,자전거,경상,차대차 - 기타,안전운전 의무 불이행,맑음,0,7
2018,서울특별시 동대문구1,서울특별시 동대문구 전농동(성바오로병원교차로 부근),2018-09-03,11시,중상,남,51세,자전거,상해없음,여,86세,보행자,중상,차대사람 - 횡단중,신호위반,비,0,7
2018,서울특별시 동대문구2,서울특별시 동대문구 제기동(홍파초교후문 부근),2018-02-03,22시,경상,남,72세,자전거,경상,남,62세,화물차,상해없음,차대차 - 측면충돌,안전운전 의무 불이행,맑음,0,7
2018,서울특별시 동대문구2,서울특별시 동대문구 제기동(홍파초교후문 부근),2018-02-14,11시,중상,남,52세,이륜차,상해없음,여,75세,자전거,중상,차대차 - 측면충돌,신호위반,흐림,0,7
2018,서울특별시 동대문구2,서울특별시 동대문구 제기동(홍파초교후문 부근),2018-03-22,05시,경상,남,69세,승용차,상해없음,남,55세,자전거,경상,차대차 - 측면충돌,신호위반,맑음,0,7
2018,서울특별시 동대문구2,서울특별시 동대문구 제기동(홍파초교후문 부근),2018-08-15,16시,경상,남,76세,자전거,상해없음,남,20세,이륜차,경상,차대차 - 측면충돌,안전운전 의무 불이행,맑음,0,7
2018,서울특별시 동대문구2,서울특별시 동대문구 제기동(홍파초교후문 부근),2018-09-15,16시,중상,남,64세,자전거,중상,남,69세,승용차,상해없음,차대차 - 측면충돌,안전운전 의무 불이행,맑음,0,7
2018,서울특별시 동대문구2,서울특별시 동대문구 제기동(홍파초교후문 부근),2018-09-17,17시,경상,남,52세,이륜차,상해없음,여,28세,자전거,경상,차대차 - 측면충돌,신호위반,맑음,0,7
2018,서울특별시 동대문구3,서울특별시 동대문구 전농동(전농1동교차로 부근),2018-04-11,08시,중상,남,55세,승용차,상해없음,여,51세,자전거,중상,차대차 - 기타,안전운전 의무 불이행,맑음,0,6
2018,서울특별시 동대문구3,서울특별시 동대문구 전농동(전농1동교차로 부근),2018-04-13,12시,경상,남,54세,원동기장치자전거,기타불명,남,75세,자전거,경상,차대차 - 기타,안전운전 의무 불이행,맑음,0,6
2018,서울특별시 동대문구3,서울특별시 동대문구 전농동(전농1동교차로 부근),2018-05-31,08시,중상,남,57세,승용차,상해없음,여,74세,자전거,중상,차대차 - 기타,기타,맑음,0,6
2018,서울특별시 동대문구3,서울특별시 동대문구 전농동(전농1동교차로 부근),2018-06-05,14시,경상,남,85세,자전거,경상,남,52세,이륜차,상해없음,차대차 - 측면충돌,기타,맑음,0,6
2018,서울특별시 동대문구3,서울특별시 동대문구 전농동(전농1동교차로 부근),2018-06-11,23시,경상,남,64세,자전거,경상,없음,불명,없음,없음,차량단독 - 기타,안전운전 의무 불이행,비,0,6
2018,서울특별시 동대문구3,서울특별시 동대문구 전농동(전농1동교차로 부근),2018-09-27,19시,경상,남,56세,승합차,상해없음,남,59세,자전거,경상,차대차 - 기타,안전거리 미확보,맑음,0,6
2018,서울특별시 동대문구4,서울특별시 동대문구 장안동(SK엔크린 삼영주유소 부근),2018-02-14,21시,부상신고,남,40세,자전거,부상신고,남,65세,화물차,상해없음,차대차 - 기타,신호위반,맑음,0,6
2018,서울특별시 동대문구4,서울특별시 동대문구 장안동(SK엔크린 삼영주유소 부근),2018-02-27,16시,부상신고,남,29세,자전거,부상신고,남,51세,이륜차,상해없음,차대차 - 기타,안전운전 의무 불이행,맑음,0,6
2018,서울특별시 동대문구4,서울특별시 동대문구 장안동(SK엔크린 삼영주유소 부근),2018-05-21,09시,중상,남,76세,자전거,중상,남,45세,화물차,상해없음,차대차 - 측면충돌,중앙선 침범,맑음,0,6
2018,서울특별시 동대문구4,서울특별시 동대문구 장안동(SK엔크린 삼영주유소 부근),2018-09-11,12시,경상,남,52세,화물차,상해없음,남,64세,자전거,경상,차대차 - 기타,중앙선 침범,맑음,0,6
2018,서울특별시 동대문구4,서울특별시 동대문구 장안동(SK엔크린 삼영주유소 부근),2018-09-19,19시,경상,남,58세,자전거,경상,남,53세,승용차,상해없음,차대차 - 측면충돌,교차로 통행방법 위반,맑음,0,6
2018,서울특별시 동대문구4,서울특별시 동대문구 장안동(SK엔크린 삼영주유소 부근),2018-11-10,23시,경상,남,47세,자전거,경상,남,46세,승용차,상해없음,차대차 - 기타,안전거리 미확보,맑음,0,6
2018,서울특별시 동대문구5,서울특별시 동대문구 용두동(용두동사거리 부근),2018-01-10,23시,중상,남,22세,자전거,중상,여,50세,승용차,상해없음,차대차 - 기타,안전운전 의무 불이행,맑음,0,5
2018,서울특별시 동대문구5,서울특별시 동대문구 용두동(용두동사거리 부근),2018-01-27,09시,경상,남,54세,자전거,경상,남,61세,승용차,상해없음,차대차 - 기타,안전운전 의무 불이행,맑음,0,5
2018,서울특별시 동대문구5,서울특별시 동대문구 용두동(용두동사거리 부근),2018-06-03,18시,경상,남,51세,승합차,상해없음,남,50세,자전거,경상,차대차 - 기타,안전운전 의무 불이행,기타/불명,0,5
2018,서울특별시 동대문구5,서울특별시 동대문구 용두동(용두동사거리 부근),2018-06-06,20시,경상,남,63세,자전거,경상,여,39세,승용차,상해없음,차대차 - 기타,안전운전 의무 불이행,맑음,0,5
2018,서울특별시 동대문구5,서울특별시 동대문구 용두동(용두동사거리 부근),2018-07-14,14시,경상,남,66세,자전거,경상,남,48세,화물차,상해없음,차대차 - 측면충돌,안전운전 의무 불이행,맑음,0,5
2018,서울특별시 동대문구6,서울특별시 동대문구 용두동(용두동포스빌 부근),2018-04-12,17시,경상,남,60세,승용차,상해없음,여,57세,자전거,경상,차대차 - 기타,기타,맑음,0,5
2018,서울특별시 동대문구6,서울특별시 동대문구 용두동(용두동포스빌 부근),2018-05-09,21시,경상,남,59세,승용차,상해없음,남,59세,자전거,경상,차대차 - 측면충돌,신호위반,맑음,0,5
2018,서울특별시 동대문구6,서울특별시 동대문구 용두동(용두동포스빌 부근),2018-05-14,14시,중상,남,26세,승용차,상해없음,남,79세,자전거,중상,차대차 - 기타,안전운전 의무 불이행,맑음,0,5
2018,서울특별시 동대문구6,서울특별시 동대문구 용두동(용두동포스빌 부근),2018-10-01,14시,경상,남,70세,승용차,상해없음,여,52세,자전거,경상,차대차 - 기타,안전운전 의무 불이행,맑음,0,5
2018,서울특별시 동대문구6,서울특별시 동대문구 용두동(용두동포스빌 부근),2018-10-19,23시,경상,남,26세,화물차,상해없음,남,60세,자전거,경상,차대차 - 기타,안전운전 의무 불이행,맑음,0,5
2018,서울특별시 동대문구7,서울특별시 동대문구 장안동(동대문동부새마을금고 장안2지점 부근),2018-01-11,02시,경상,남,33세,승용차,상해없음,여,57세,자전거,경상,차대차 - 기타,안전운전 의무 불이행,기타/불명,0,5
2018,서울특별시 동대문구7,서울특별시 동대문구 장안동(동대문동부새마을금고 장안2지점 부근),2018-02-08,15시,경상,남,72세,자전거,상해없음,여,74세,보행자,경상,차대사람 - 횡단중,안전운전 의무 불이행,맑음,0,5
2018,서울특별시 동대문구7,서울특별시 동대문구 장안동(동대문동부새마을금고 장안2지점 부근),2018-03-26,08시,부상신고,남,76세,자전거,부상신고,남,20세,이륜차,상해없음,차대차 - 기타,안전운전 의무 불이행,맑음,0,5
2018,서울특별시 동대문구7,서울특별시 동대문구 장안동(동대문동부새마을금고 장안2지점 부근),2018-05-14,18시,경상,남,48세,승용차,상해없음,남,40세,자전거,경상,차대차 - 기타,안전운전 의무 불이행,맑음,0,5
2018,서울특별시 동대문구7,서울특별시 동대문구 장안동(동대문동부새마을금고 장안2지점 부근),2018-09-29,11시,중상,남,47세,승용차,상해없음,남,23세,자전거,중상,차대차 - 기타,안전운전 의무 불이행,맑음,0,5
2018,서울특별시 동대문구8,서울특별시 동대문구 용두동(서울시설공단사거리 부근),2018-01-25,13시,경상,남,28세,승용차,상해없음,남,14세,자전거,경상,차대차 - 추돌,안전운전 의무 불이행,맑음,0,5
2018,서울특별시 동대문구8,서울특별시 동대문구 용두동(서울시설공단사거리 부근),2018-06-22,01시,부상신고,남,69세,자전거,부상신고,남,58세,승용차,상해없음,차대차 - 기타,안전운전 의무 불이행,기타/불명,0,5
2018,서울특별시 동대문구8,서울특별시 동대문구 용두동(서울시설공단사거리 부근),2018-09-07,16시,부상신고,남,46세,자전거,부상신고,남,33세,승용차,상해없음,차대차 - 측면충돌,기타,맑음,0,5
2018,서울특별시 동대문구8,서울특별시 동대문구 용두동(서울시설공단사거리 부근),2018-11-01,20시,경상,기타불명,불명,승용차,기타불명,남,72세,자전거,경상,차대차 - 기타,안전운전 의무 불이행,맑음,0,5
2018,서울특별시 동대문구8,서울특별시 동대문구 용두동(서울시설공단사거리 부근),2018-12-12,15시,경상,여,55세,승용차,상해없음,남,34세,자전거,경상,차대차 - 기타,안전운전 의무 불이행,맑음,0,5
2018,서울특별시 동대문구9,서울특별시 동대문구 장안동(미니스톱 장안벤처빌점 부근),2018-03-16,11시,중상,여,65세,자전거,중상,남,36세,승합차,상해없음,차대차 - 기타,안전운전 의무 불이행,맑음,0,4
2018,서울특별시 동대문구9,서울특별시 동대문구 장안동(미니스톱 장안벤처빌점 부근),2018-06-17,20시,경상,남,63세,승용차,상해없음,여,55세,자전거,경상,차대차 - 기타,기타,기타/불명,0,4
2018,서울특별시 동대문구9,서울특별시 동대문구 장안동(미니스톱 장안벤처빌점 부근),2018-07-21,14시,부상신고,여,44세,자전거,부상신고,남,53세,승용차,상해없음,차대차 - 기타,안전운전 의무 불이행,맑음,0,4
2018,서울특별시 동대문구9,서울특별시 동대문구 장안동(미니스톱 장안벤처빌점 부근),2018-10-17,03시,중상,남,33세,승용차,상해없음,남,72세,자전거,중상,차대차 - 기타,안전운전 의무 불이행,맑음,0,4
2018,서울특별시 동대문구10,서울특별시 동대문구 휘경동(동대문구견인차량보관소 부근),2018-03-26,17시,사망,남,36세,화물차,상해없음,남,81세,자전거,사망,차대차 - 측면충돌,교차로 통행방법 위반,맑음,1,2
2018,서울특별시 동대문구10,서울특별시 동대문구 휘경동(동대문구견인차량보관소 부근),2018-10-01,06시,중상,남,71세,승용차,상해없음,남,72세,자전거,중상,차대차 - 측면충돌,안전운전 의무 불이행,맑음,1,2
2018,서울특별시 동대문구10,서울특별시 동대문구 휘경동(동대문구견인차량보관소 부근),2018-12-15,07시,중상,남,62세,승용차,상해없음,남,62세,자전거,중상,차대차 - 기타,안전운전 의무 불이행,맑음,1,2
2018,서울특별시 중랑구1,서울특별시 중랑구 중화동(동일로지하차도사거리 부근),2018-04-08,18시,경상,남,45세,이륜차,상해없음,남,64세,자전거,경상,차대차 - 기타,기타,비,0,7
2018,서울특별시 중랑구1,서울특별시 중랑구 중화동(동일로지하차도사거리 부근),2018-04-30,17시,경상,남,60세,승용차,상해없음,남,61세,자전거,상해없음,차대차 - 기타,안전운전 의무 불이행,맑음,0,7
2018,서울특별시 중랑구1,서울특별시 중랑구 중화동(동일로지하차도사거리 부근),2018-05-10,08시,부상신고,여,46세,자전거,부상신고,남,63세,승용차,상해없음,차대차 - 측면충돌,안전운전 의무 불이행,맑음,0,7
2018,서울특별시 중랑구1,서울특별시 중랑구 중화동(동일로지하차도사거리 부근),2018-06-09,08시,경상,남,33세,승용차,상해없음,여,55세,자전거,경상,차대차 - 측면충돌,안전운전 의무 불이행,맑음,0,7
2018,서울특별시 중랑구1,서울특별시 중랑구 중화동(동일로지하차도사거리 부근),2018-07-17,18시,경상,남,72세,승용차,상해없음,남,17세,자전거,경상,차대차 - 측면충돌,안전운전 의무 불이행,맑음,0,7
2018,서울특별시 중랑구1,서울특별시 중랑구 중화동(동일로지하차도사거리 부근),2018-07-18,17시,중상,남,36세,이륜차,기타불명,남,76세,자전거,중상,차대차 - 측면충돌,안전운전 의무 불이행,맑음,0,7
2018,서울특별시 중랑구1,서울특별시 중랑구 중화동(동일로지하차도사거리 부근),2018-08-08,01시,중상,남,66세,승용차,상해없음,남,23세,자전거,중상,차대차 - 기타,안전운전 의무 불이행,맑음,0,7
2018,서울특별시 중랑구2,서울특별시 중랑구 면목동(강호아파트 부근),2018-01-06,16시,경상,남,48세,승용차,상해없음,남,83세,자전거,경상,차대차 - 기타,기타,맑음,0,6
2018,서울특별시 중랑구2,서울특별시 중랑구 면목동(강호아파트 부근),2018-09-16,14시,경상,남,71세,자전거,상해없음,여,28세,보행자,경상,차대사람 - 기타,안전운전 의무 불이행,맑음,0,6
2018,서울특별시 중랑구2,서울특별시 중랑구 면목동(강호아파트 부근),2018-10-08,21시,중상,남,31세,자전거,부상신고,여,52세,보행자,중상,차대사람 - 횡단중,안전운전 의무 불이행,맑음,0,6
2018,서울특별시 중랑구2,서울특별시 중랑구 면목동(강호아파트 부근),2018-11-18,03시,중상,남,54세,승용차,상해없음,남,51세,자전거,중상,차대차 - 기타,안전운전 의무 불이행,맑음,0,6
2018,서울특별시 중랑구2,서울특별시 중랑구 면목동(강호아파트 부근),2018-11-27,05시,중상,남,74세,자전거,중상,남,58세,화물차,상해없음,차대차 - 기타,안전운전 의무 불이행,맑음,0,6
2018,서울특별시 중랑구3,서울특별시 중랑구 묵동(우리은행 태릉역지점 부근),2018-05-19,01시,경상,남,66세,승용차,상해없음,남,35세,자전거,경상,차대차 - 기타,교차로 통행방법 위반,맑음,0,5
2018,서울특별시 중랑구3,서울특별시 중랑구 묵동(우리은행 태릉역지점 부근),2018-07-05,19시,경상,남,28세,승용차,상해없음,남,23세,자전거,경상,차대차 - 기타,교차로 통행방법 위반,맑음,0,5
2018,서울특별시 중랑구3,서울특별시 중랑구 묵동(우리은행 태릉역지점 부근),2018-07-17,11시,중상,남,58세,승용차,상해없음,남,76세,자전거,중상,차대차 - 측면충돌,안전운전 의무 불이행,맑음,0,5
2018,서울특별시 중랑구3,서울특별시 중랑구 묵동(우리은행 태릉역지점 부근),2018-10-14,04시,중상,남,48세,승용차,상해없음,남,60세,자전거,중상,차대차 - 기타,신호위반,맑음,0,5
2018,서울특별시 중랑구3,서울특별시 중랑구 묵동(우리은행 태릉역지점 부근),2018-10-18,17시,부상신고,여,68세,승용차,상해없음,남,87세,자전거,부상신고,차대차 - 측면충돌,안전운전 의무 불이행,맑음,0,5
2018,서울특별시 중랑구4,서울특별시 중랑구 면목동(면목2동사거리 부근),2018-03-28,12시,경상,여,66세,자전거,경상,여,32세,승용차,상해없음,차대차 - 측면충돌,기타,맑음,0,5
2018,서울특별시 중랑구4,서울특별시 중랑구 면목동(면목2동사거리 부근),2018-06-30,10시,경상,여,64세,자전거,경상,남,35세,승용차,상해없음,차대차 - 기타,신호위반,맑음,0,5
2018,서울특별시 중랑구4,서울특별시 중랑구 면목동(면목2동사거리 부근),2018-08-27,08시,경상,남,66세,승용차,상해없음,여,58세,자전거,경상,차대차 - 기타,교차로 통행방법 위반,비,0,5
2018,서울특별시 중랑구4,서울특별시 중랑구 면목동(면목2동사거리 부근),2018-10-11,01시,부상신고,남,42세,자전거,부상신고,남,62세,승용차,상해없음,차대차 - 측면충돌,중앙선 침범,맑음,0,5
2018,서울특별시 중랑구4,서울특별시 중랑구 면목동(면목2동사거리 부근),2018-10-27,14시,경상,남,64세,승용차,상해없음,남,56세,자전거,경상,차대차 - 측면충돌,안전운전 의무 불이행,맑음,0,5
2018,서울특별시 중랑구5,서울특별시 중랑구 면목동(면목초등학교정문 부근),2018-07-03,11시,경상,남,41세,화물차,상해없음,여,69세,자전거,경상,차대차 - 측면충돌,기타,맑음,1,3
2018,서울특별시 중랑구5,서울특별시 중랑구 면목동(면목초등학교정문 부근),2018-07-05,18시,경상,남,45세,자전거,상해없음,여,61세,보행자,경상,차대사람 - 길가장자리구역통행중,안전운전 의무 불이행,비,1,3
2018,서울특별시 중랑구5,서울특별시 중랑구 면목동(면목초등학교정문 부근),2018-08-04,21시,사망,남,25세,자전거,상해없음,여,73세,보행자,사망,차대사람 - 보도통행중,신호위반,맑음,1,3
2018,서울특별시 중랑구5,서울특별시 중랑구 면목동(면목초등학교정문 부근),2018-11-23,16시,부상신고,남,53세,자전거,부상신고,남,73세,화물차,상해없음,차대차 - 기타,안전운전 의무 불이행,맑음,1,3
2018,서울특별시 중랑구6,서울특별시 중랑구 망우동(망우역사거리 부근),2018-01-21,11시,부상신고,남,77세,자전거,부상신고,남,63세,승용차,상해없음,차대차 - 측면충돌,신호위반,맑음,0,4
2018,서울특별시 중랑구6,서울특별시 중랑구 망우동(망우역사거리 부근),2018-02-12,15시,경상,여,70세,자전거,경상,남,42세,승용차,상해없음,차대차 - 측면충돌,안전운전 의무 불이행,맑음,0,4
2018,서울특별시 중랑구6,서울특별시 중랑구 망우동(망우역사거리 부근),2018-03-20,15시,부상신고,남,69세,자전거,부상신고,남,41세,화물차,상해없음,차대차 - 측면충돌,기타,맑음,0,4
2018,서울특별시 중랑구6,서울특별시 중랑구 망우동(망우역사거리 부근),2018-06-09,16시,부상신고,남,53세,자전거,부상신고,여,25세,승용차,상해없음,차대차 - 기타,안전운전 의무 불이행,맑음,0,4
2018,서울특별시 성북구1,서울특별시 성북구 석관동(동원베네스트 부근),2018-05-03,13시,중상,여,69세,자전거,중상,남,45세,승용차,상해없음,차대차 - 측면충돌,안전운전 의무 불이행,맑음,0,6
2018,서울특별시 성북구1,서울특별시 성북구 석관동(동원베네스트 부근),2018-07-17,20시,경상,남,35세,승합차,상해없음,남,52세,자전거,경상,차대차 - 측면충돌,안전운전 의무 불이행,맑음,0,6
2018,서울특별시 성북구1,서울특별시 성북구 석관동(동원베네스트 부근),2018-08-10,16시,경상,남,24세,화물차,상해없음,여,60세,자전거,경상,차대차 - 측면충돌,안전운전 의무 불이행,맑음,0,6
2018,서울특별시 성북구1,서울특별시 성북구 석관동(동원베네스트 부근),2018-08-23,19시,중상,남,71세,자전거,중상,남,57세,화물차,상해없음,차대차 - 측면충돌,중앙선 침범,비,0,6
2018,서울특별시 성북구1,서울특별시 성북구 석관동(동원베네스트 부근),2018-09-17,08시,경상,여,58세,자전거,상해없음,남,53세,자전거,경상,차대차 - 측면충돌,중앙선 침범,흐림,0,6
2018,서울특별시 성북구1,서울특별시 성북구 석관동(동원베네스트 부근),2018-10-02,14시,경상,남,45세,승용차,상해없음,남,12세,자전거,경상,차대차 - 측면충돌,기타,맑음,0,6
2018,서울특별시 성북구2,서울특별시 성북구 보문동7가(대광중고교삼거리 부근),2018-05-02,17시,경상,남,62세,자전거,상해없음,남,55세,승용차,상해없음,차대차 - 정면충돌,중앙선 침범,비,0,8
2018,서울특별시 성북구2,서울특별시 성북구 보문동7가(대광중고교삼거리 부근),2018-06-22,06시,경상,남,38세,승용차,상해없음,남,80세,자전거,경상,차대차 - 측면충돌,안전운전 의무 불이행,맑음,0,8
2018,서울특별시 성북구2,서울특별시 성북구 보문동7가(대광중고교삼거리 부근),2018-08-30,21시,중상,남,64세,자전거,경상,남,57세,승용차,상해없음,차대차 - 기타,중앙선 침범,흐림,0,8
2018,서울특별시 성북구2,서울특별시 성북구 보문동7가(대광중고교삼거리 부근),2018-09-12,22시,경상,남,39세,승용차,상해없음,남,43세,자전거,경상,차대차 - 측면충돌,교차로 통행방법 위반,맑음,0,8
2018,서울특별시 성북구2,서울특별시 성북구 보문동7가(대광중고교삼거리 부근),2018-12-15,16시,중상,남,76세,화물차,상해없음,남,74세,자전거,중상,차대차 - 측면충돌,신호위반,맑음,0,8
2018,서울특별시 성북구3,서울특별시 성북구 하월곡동(길음삼부컨비니언아파트 부근),2018-03-07,19시,경상,남,69세,승용차,상해없음,남,39세,자전거,경상,차대차 - 기타,기타,맑음,0,5
2018,서울특별시 성북구3,서울특별시 성북구 하월곡동(길음삼부컨비니언아파트 부근),2018-04-28,13시,경상,남,54세,화물차,상해없음,남,43세,자전거,경상,차대차 - 측면충돌,안전운전 의무 불이행,맑음,0,5
2018,서울특별시 성북구3,서울특별시 성북구 하월곡동(길음삼부컨비니언아파트 부근),2018-06-13,15시,중상,남,44세,자전거,상해없음,남,18세,이륜차,중상,차대차 - 기타,안전운전 의무 불이행,맑음,0,5
2018,서울특별시 성북구3,서울특별시 성북구 하월곡동(길음삼부컨비니언아파트 부근),2018-11-21,19시,경상,남,24세,원동기장치자전거,상해없음,남,56세,자전거,경상,차대차 - 측면충돌,안전운전 의무 불이행,맑음,0,5
2018,서울특별시 성북구3,서울특별시 성북구 하월곡동(길음삼부컨비니언아파트 부근),2018-12-28,23시,경상,남,72세,승용차,상해없음,남,44세,자전거,경상,차대차 - 측면충돌,안전운전 의무 불이행,맑음,0,5
2018,서울특별시 성북구4,서울특별시 성북구 장위동(도시빌라 부근),2018-08-01,02시,경상,여,20세,자전거,경상,남,64세,승용차,상해없음,차대차 - 기타,신호위반,맑음,0,4
2018,서울특별시 성북구4,서울특별시 성북구 장위동(도시빌라 부근),2018-08-01,21시,중상,남,35세,자전거,중상,남,58세,승합차,상해없음,차대차 - 기타,안전운전 의무 불이행,맑음,0,4
2018,서울특별시 성북구4,서울특별시 성북구 장위동(도시빌라 부근),2018-08-08,22시,경상,여,33세,승용차,상해없음,여,54세,자전거,경상,차대차 - 기타,안전운전 의무 불이행,맑음,0,4
2018,서울특별시 성북구4,서울특별시 성북구 장위동(도시빌라 부근),2018-11-16,04시,중상,남,19세,자전거,상해없음,여,63세,보행자,중상,차대사람 - 보도통행중,기타,맑음,0,4
2018,서울특별시 성북구5,서울특별시 성북구 하월곡동(종암사거리 부근),2018-01-04,01시,경상,남,62세,승용차,상해없음,남,22세,자전거,경상,차대차 - 측면충돌,안전거리 미확보,맑음,0,4
2018,서울특별시 성북구5,서울특별시 성북구 하월곡동(종암사거리 부근),2018-06-17,10시,중상,남,78세,자전거,중상,남,51세,승용차,상해없음,차대차 - 측면충돌,신호위반,맑음,0,4
2018,서울특별시 성북구5,서울특별시 성북구 하월곡동(종암사거리 부근),2018-08-21,21시,경상,남,51세,승용차,상해없음,남,34세,자전거,경상,차대차 - 기타,신호위반,맑음,0,4
2018,서울특별시 성북구5,서울특별시 성북구 하월곡동(종암사거리 부근),2018-12-18,13시,경상,남,65세,자전거,경상,남,60세,화물차,상해없음,차대차 - 측면충돌,안전운전 의무 불이행,맑음,0,4
2018,서울특별시 강북구1,서울특별시 강북구 수유동(광산사거리 부근),2018-03-27,03시,경상,남,59세,승용차,상해없음,여,56세,자전거,경상,차대차 - 측면충돌,신호위반,맑음,0,6