사고년도,다발시군구,지점명,사고일시,사고시간대,사고등급,가해자성별,가해자연령,가해차종,가해자신체상해정도,피해자성별,피해자연령,피해차종,피해자신체상해정도,사고유형,가해자법규위반,기상상태,사망자수,부상자수
2018,서울특별시 강북구1,서울특별시 강북구 수유동(광산사거리 부근),2018-04-18,16시,경상,남,76세,승용차,상해없음,여,57세,자전거,경상,차대차 - 기타,안전운전 의무 불이행,맑음,0,6
2018,서울특별시 강북구1,서울특별시 강북구 수유동(광산사거리 부근),2018-06-15,16시,경상,여,52세,자전거,경상,남,36세,승용차,상해없음,차대차 - 측면충돌,안전운전 의무 불이행,맑음,0,6
2018,서울특별시 강북구1,서울특별시 강북구 수유동(광산사거리 부근),2018-06-18,18시,경상,남,23세,자전거,상해없음,여,59세,보행자,경상,차대사람 - 길가장자리구역통행중,안전운전 의무 불이행,맑음,0,6
2018,서울특별시 강북구1,서울특별시 강북구 수유동(광산사거리 부근),2018-06-20,07시,중상,남,33세,승용차,상해없음,여,56세,자전거,중상,차대차 - 측면충돌,안전운전 의무 불이행,맑음,0,6
2018,서울특별시 강북구1,서울특별시 강북구 수유동(광산사거리 부근),2018-10-30,08시,중상,남,15세,자전거,상해없음,남,64세,보행자,중상,차대사람 - 보도통행중,기타,맑음,0,6
2018,서울특별시 강북구2,서울특별시 강북구 번동(번동사거리 부근),2018-02-21,14시,중상,여,34세,승용차,상해없음,남,69세,자전거,중상,차대차 - 측면충돌,안전운전 의무 불이행,맑음,0,5
2018,서울특별시 강북구2,서울특별시 강북구 번동(번동사거리 부근),2018-04-01,05시,경상,여,57세,자전거,경상,남,66세,승합차,상해없음,차대차 - 측면충돌,안전운전 의무 불이행,맑음,0,5
2018,서울특별시 강북구2,서울특별시 강북구 번동(번동사거리 부근),2018-04-16,06시,경상,남,73세,승용차,상해없음,남,73세,자전거,경상,차대차 - 측면충돌,신호위반,맑음,0,5
2018,서울특별시 강북구2,서울특별시 강북구 번동(번동사거리 부근),2018-08-26,04시,경상,기타불명,불명,불명,기타불명,남,20세,자전거,경상,차대차 - 기타,신호위반,맑음,0,5
2018,서울특별시 강북구2,서울특별시 강북구 번동(번동사거리 부근),2018-10-03,10시,중상,남,46세,화물차,상해없음,여,57세,자전거,중상,차대차 - 측면충돌,안전운전 의무 불이행,흐림,0,5
2018,서울특별시 강북구3,서울특별시 강북구 수유동(심외과의원 부근),2018-04-18,10시,경상,남,22세,자전거,상해없음,남,55세,승합차,상해없음,차대차 - 기타,안전운전 의무 불이행,맑음,0,5
2018,서울특별시 강북구3,서울특별시 강북구 수유동(심외과의원 부근),2018-07-15,00시,경상,남,25세,이륜차,상해없음,남,31세,자전거,경상,차대차 - 기타,신호위반,맑음,0,5
2018,서울특별시 강북구3,서울특별시 강북구 수유동(심외과의원 부근),2018-07-26,05시,경상,남,64세,자전거,상해없음,남,43세,보행자,경상,차대사람 - 횡단중,중앙선 침범,맑음,0,5
2018,서울특별시 강북구3,서울특별시 강북구 수유동(심외과의원 부근),2018-09-19,21시,경상,여,23세,자전거,상해없음,남,45세,보행자,경상,차대사람 - 횡단중,보행자 보호의무 위반,흐림,0,5
2018,서울특별시 강북구3,서울특별시 강북구 수유동(심외과의원 부근),2018-10-31,15시,경상,남,59세,자전거,상해없음,여,57세,보행자,경상,차대사람 - 횡단중,보행자 보호의무 위반,맑음,0,5
2018,서울특별시 도봉구1,서울특별시 도봉구 도봉동(벽운빌딩 부근),2018-04-24,15시,중상,남,50세,승용차,상해없음,남,74세,자전거,중상,차대차 - 측면충돌,안전운전 의무 불이행,맑음,0,6
2018,서울특별시 도봉구1,서울특별시 도봉구 도봉동(벽운빌딩 부근),2018-04-25,18시,부상신고,남,22세,자전거,부상신고,남,60세,화물차,상해없음,차대차 - 측면충돌,안전운전 의무 불이행,맑음,0,6
2018,서울특별시 도봉구1,서울특별시 도봉구 도봉동(벽운빌딩 부근),2018-05-05,17시,경상,남,64세,자전거,경상,남,61세,승용차,상해없음,차대차 - 측면충돌,신호위반,맑음,0,6
2018,서울특별시 도봉구1,서울특별시 도봉구 도봉동(벽운빌딩 부근),2018-06-02,17시,경상,남,66세,이륜차,상해없음,남,62세,자전거,경상,차대차 - 기타,기타,맑음,0,6
2018,서울특별시 도봉구1,서울특별시 도봉구 도봉동(벽운빌딩 부근),2018-08-19,13시,중상,여,56세,자전거,중상,남,56세,승용차,상해없음,차대차 - 측면충돌,안전운전 의무 불이행,맑음,0,6
2018,서울특별시 도봉구1,서울특별시 도봉구 도봉동(벽운빌딩 부근),2018-09-08,14시,경상,여,59세,자전거,경상,남,42세,화물차,상해없음,차대차 - 측면충돌,안전운전 의무 불이행,맑음,0,6
2018,서울특별시 도봉구2,서울특별시 도봉구 방학동(방학동우체국 부근),2018-04-16,11시,부상신고,남,52세,자전거,부상신고,남,68세,승용차,상해없음,차대차 - 측면충돌,안전운전 의무 불이행,맑음,0,5
2018,서울특별시 도봉구2,서울특별시 도봉구 방학동(방학동우체국 부근),2018-05-07,17시,중상,기타불명,불명,불명,기타불명,남,16세,자전거,중상,차대차 - 기타,안전운전 의무 불이행,맑음,0,5
2018,서울특별시 도봉구2,서울특별시 도봉구 방학동(방학동우체국 부근),2018-06-12,23시,경상,여,21세,승용차,상해없음,여,30세,자전거,경상,차대차 - 기타,안전운전 의무 불이행,맑음,0,5
2018,서울특별시 도봉구2,서울특별시 도봉구 방학동(방학동우체국 부근),2018-08-17,00시,경상,남,17세,원동기장치자전거,상해없음,여,39세,자전거,경상,차대차 - 기타,신호위반,맑음,0,5
2018,서울특별시 도봉구2,서울특별시 도봉구 방학동(방학동우체국 부근),2018-12-06,14시,중상,남,61세,자전거,중상,남,60세,승용차,상해없음,차대차 - 측면충돌,중앙선 침범,맑음,0,5
2018,서울특별시 도봉구3,서울특별시 도봉구 방학동(방학사거리 부근),2018-01-08,06시,부상신고,남,76세,자전거,부상신고,남,50세,승용차,상해없음,차대차 - 측면충돌,안전운전 의무 불이행,맑음,0,5
2018,서울특별시 도봉구3,서울특별시 도봉구 방학동(방학사거리 부근),2018-02-02,06시,중상,여,32세,승용차,상해없음,여,44세,자전거,중상,차대차 - 추돌,안전운전 의무 불이행,맑음,0,5
2018,서울특별시 도봉구3,서울특별시 도봉구 방학동(방학사거리 부근),2018-04-25,13시,중상,남,71세,승용차,상해없음,여,46세,자전거,중상,차대차 - 기타,신호위반,맑음,0,5
2018,서울특별시 도봉구3,서울특별시 도봉구 방학동(방학사거리 부근),2018-05-05,19시,경상,남,37세,이륜차,상해없음,남,48세,자전거,경상,차대차 - 측면충돌,신호위반,맑음,0,5
2018,서울특별시 도봉구3,서울특별시 도봉구 방학동(방학사거리 부근),2018-05-10,13시,부상신고,남,77세,자전거,부상신고,남,58세,화물차,상해없음,차대차 - 측면충돌,안전운전 의무 불이행,맑음,0,5
2018,서울특별시 도봉구4,서울특별시 도봉구 창동(녹천교사거리 부근),2018-02-22,09시,중상,남,72세,자전거,중상,여,52세,승용차,상해없음,차대차 - 측면충돌,중앙선 침범,맑음,0,4
2018,서울특별시 도봉구4,서울특별시 도봉구 창동(녹천교사거리 부근),2018-04-30,21시,중상,남,61세,승용차,상해없음,여,26세,자전거,중상,차대차 - 측면충돌,안전운전 의무 불이행,맑음,0,4
2018,서울특별시 도봉구4,서울특별시 도봉구 창동(녹천교사거리 부근),2018-08-16,11시,부상신고,남,34세,자전거,상해없음,남,72세,자전거,부상신고,차대차 - 기타,안전운전 의무 불이행,맑음,0,4
2018,서울특별시 도봉구4,서울특별시 도봉구 창동(녹천교사거리 부근),2018-08-22,14시,중상,남,82세,자전거,중상,없음,불명,없음,없음,차량단독 - 기타,안전운전 의무 불이행,맑음,0,4
2018,서울특별시 노원구1,서울특별시 노원구 상계동(창동교교차로 부근),2018-02-11,20시,중상,남,75세,자전거,중상,남,57세,승용차,상해없음,차대차 - 측면충돌,기타,맑음,0,7
2018,서울특별시 노원구1,서울특별시 노원구 상계동(창동교교차로 부근),2018-03-22,16시,중상,남,15세,자전거,상해없음,여,60세,자전거,중상,차대차 - 측면충돌,안전운전 의무 불이행,맑음,0,7
2018,서울특별시 노원구1,서울특별시 노원구 상계동(창동교교차로 부근),2018-05-03,09시,경상,남,38세,승용차,상해없음,남,18세,자전거,경상,차대차 - 측면충돌,안전운전 의무 불이행,맑음,0,7
2018,서울특별시 노원구1,서울특별시 노원구 상계동(창동교교차로 부근),2018-05-29,20시,경상,여,19세,자전거,경상,남,51세,승용차,상해없음,차대차 - 기타,안전운전 의무 불이행,맑음,0,7
2018,서울특별시 노원구1,서울특별시 노원구 상계동(창동교교차로 부근),2018-06-29,17시,경상,여,56세,자전거,경상,여,67세,승용차,상해없음,차대차 - 기타,안전운전 의무 불이행,맑음,0,7
2018,서울특별시 노원구1,서울특별시 노원구 상계동(창동교교차로 부근),2018-09-09,14시,경상,여,50세,승용차,상해없음,남,75세,자전거,경상,차대차 - 측면충돌,신호위반,흐림,0,7
2018,서울특별시 노원구1,서울특별시 노원구 상계동(창동교교차로 부근),2018-09-22,05시,부상신고,남,73세,자전거,부상신고,남,52세,승용차,상해없음,차대차 - 측면충돌,기타,맑음,0,7
2018,서울특별시 노원구2,서울특별시 노원구 중계동(삿갓봉근린공원사거리 부근),2018-04-19,17시,부상신고,남,14세,자전거,부상신고,남,59세,승용차,상해없음,차대차 - 기타,안전운전 의무 불이행,맑음,0,6
2018,서울특별시 노원구2,서울특별시 노원구 중계동(삿갓봉근린공원사거리 부근),2018-06-02,10시,경상,남,17세,자전거,상해없음,여,54세,보행자,경상,차대사람 - 횡단중,신호위반,맑음,0,6
2018,서울특별시 노원구2,서울특별시 노원구 중계동(삿갓봉근린공원사거리 부근),2018-07-22,16시,경상,남,10세,자전거,경상,남,51세,승용차,상해없음,차대차 - 측면충돌,안전운전 의무 불이행,맑음,0,6
2018,서울특별시 노원구2,서울특별시 노원구 중계동(삿갓봉근린공원사거리 부근),2018-10-08,14시,중상,남,71세,자전거,중상,남,23세,보행자,경상,차대사람 - 보도통행중,기타,맑음,0,6
2018,서울특별시 노원구2,서울특별시 노원구 중계동(삿갓봉근린공원사거리 부근),2018-12-17,16시,중상,남,72세,승용차,상해없음,남,77세,자전거,중상,차대차 - 기타,기타,맑음,0,6
2018,서울특별시 노원구3,서울특별시 노원구 하계동(노원경찰서 부근),2018-07-17,22시,중상,남,46세,승용차,상해없음,남,18세,자전거,부상신고,차대차 - 기타,안전운전 의무 불이행,맑음,0,5
2018,서울특별시 노원구3,서울특별시 노원구 하계동(노원경찰서 부근),2018-10-19,08시,경상,남,59세,자전거,경상,여,57세,승용차,상해없음,차대차 - 정면충돌,중앙선 침범,맑음,0,5
2018,서울특별시 노원구3,서울특별시 노원구 하계동(노원경찰서 부근),2018-10-23,09시,경상,남,59세,승용차,상해없음,여,74세,자전거,경상,차대차 - 정면충돌,신호위반,흐림,0,5
2018,서울특별시 노원구3,서울특별시 노원구 하계동(노원경찰서 부근),2018-12-31,12시,중상,남,67세,자전거,중상,남,41세,승용차,상해없음,차대차 - 측면충돌,기타,맑음,0,5
2018,서울특별시 노원구4,서울특별시 노원구 중계동(노해근린공원사거리 부근),2018-01-15,16시,경상,여,40세,승용차,상해없음,남,60세,자전거,경상,차대차 - 측면충돌,교차로 통행방법 위반,맑음,0,4
2018,서울특별시 노원구4,서울특별시 노원구 중계동(노해근린공원사거리 부근),2018-03-20,14시,중상,남,27세,이륜차,상해없음,남,65세,자전거,중상,차대차 - 측면충돌,안전운전 의무 불이행,맑음,0,4
2018,서울특별시 노원구4,서울특별시 노원구 중계동(노해근린공원사거리 부근),2018-07-05,12시,중상,여,71세,자전거,중상,남,44세,화물차,상해없음,차대차 - 측면충돌,안전운전 의무 불이행,맑음,0,4
2018,서울특별시 노원구4,서울특별시 노원구 중계동(노해근린공원사거리 부근),2018-12-03,05시,경상,남,66세,화물차,상해없음,남,72세,자전거,경상,차대차 - 측면충돌,신호위반,비,0,4
2018,서울특별시 노원구5,서울특별시 노원구 상계동(당고개입구오거리 부근),2018-05-24,08시,경상,기타불명,불명,불명,기타불명,여,64세,자전거,경상,차대차 - 기타,신호위반,맑음,0,4
2018,서울특별시 노원구5,서울특별시 노원구 상계동(당고개입구오거리 부근),2018-06-02,21시,경상,남,65세,승용차,상해없음,여,29세,자전거,경상,차대차 - 기타,신호위반,맑음,0,4
2018,서울특별시 노원구5,서울특별시 노원구 상계동(당고개입구오거리 부근),2018-06-08,17시,중상,여,23세,승용차,상해없음,남,26세,자전거,중상,차대차 - 측면충돌,신호위반,맑음,0,4
2018,서울특별시 노원구5,서울특별시 노원구 상계동(당고개입구오거리 부근),2018-12-20,07시,경상,남,66세,승용차,상해없음,남,56세,자전거,경상,차대차 - 측면충돌,기타,맑음,0,4
2018,서울특별시 노원구6,서울특별시 노원구 상계동(온수골사거리 부근),2018-03-12,21시,부상신고,남,64세,자전거,상해없음,여,7세,보행자,부상신고,차대사람 - 보도통행중,안전운전 의무 불이행,맑음,0,4
2018,서울특별시 노원구6,서울특별시 노원구 상계동(온수골사거리 부근),2018-05-07,11시,경상,여,22세,자전거,상해없음,남,50세,승용차,경상,차대차 - 정면충돌,안전운전 의무 불이행,맑음,0,4
2018,서울특별시 노원구6,서울특별시 노원구 상계동(온수골사거리 부근),2018-08-31,07시,중상,여,58세,승용차,상해없음,여,59세,자전거,중상,차대차 - 기타,안전운전 의무 불이행,맑음,0,4
2018,서울특별시 노원구6,서울특별시 노원구 상계동(온수골사거리 부근),2018-10-23,17시,경상,여,55세,승용차,상해없음,남,11세,자전거,경상,차대차 - 기타,안전운전 의무 불이행,맑음,0,4
2018,서울특별시 노원구7,서울특별시 노원구 상계동(상계2동주민센터 부근),2018-02-27,10시,사망,남,76세,자전거,사망,남,70세,건설기계,상해없음,차대차 - 측면충돌,안전거리 미확보,맑음,1,3
2018,서울특별시 노원구7,서울특별시 노원구 상계동(상계2동주민센터 부근),2018-08-10,05시,경상,남,60세,화물차,상해없음,남,62세,자전거,경상,차대차 - 측면충돌,안전운전 의무 불이행,맑음,1,3
2018,서울특별시 노원구7,서울특별시 노원구 상계동(상계2동주민센터 부근),2018-11-16,16시,중상,남,57세,자전거,중상,여,49세,자전거,경상,차대차 - 기타,안전운전 의무 불이행,맑음,1,3
2018,서울특별시 은평구1,서울특별시 은평구 역촌동(CJ드림시티오피스텔 부근),2018-04-22,08시,중상,남,56세,자전거,중상,여,51세,승용차,상해없음,차대차 - 측면충돌,기타,흐림,0,7
2018,서울특별시 은평구1,서울특별시 은평구 역촌동(CJ드림시티오피스텔 부근),2018-05-04,07시,부상신고,남,60세,자전거,부상신고,남,44세,승용차,상해없음,차대차 - 측면충돌,안전운전 의무 불이행,맑음,0,7
2018,서울특별시 은평구1,서울특별시 은평구 역촌동(CJ드림시티오피스텔 부근),2018-07-09,09시,중상,여,66세,자전거,중상,남,66세,승용차,상해없음,차대차 - 기타,기타,맑음,0,7
2018,서울특별시 은평구1,서울특별시 은평구 역촌동(CJ드림시티오피스텔 부근),2018-08-01,19시,경상,남,45세,원동기장치자전거,상해없음,남,16세,자전거,경상,차대차 - 기타,중앙선 침범,맑음,0,7
2018,서울특별시 은평구1,서울특별시 은평구 역촌동(CJ드림시티오피스텔 부근),2018-08-18,20시,경상,남,60세,승용차,상해없음,여,52세,자전거,경상,차대차 - 측면충돌,신호위반,맑음,0,7
2018,서울특별시 은평구1,서울특별시 은평구 역촌동(CJ드림시티오피스텔 부근),2018-08-27,19시,경상,남,54세,승용차,상해없음,남,28세,자전거,경상,차대차 - 측면충돌,안전운전 의무 불이행,맑음,0,7
2018,서울특별시 은평구1,서울특별시 은평구 역촌동(CJ드림시티오피스텔 부근),2018-12-25,06시,경상,남,76세,승용차,상해없음,여,65세,자전거,경상,차대차 - 기타,안전운전 의무 불이행,맑음,0,7
2018,서울특별시 은평구2,서울특별시 은평구 역촌동(역말사거리 부근),2018-06-15,17시,부상신고,남,81세,자전거,부상신고,여,30세,승용차,상해없음,차대차 - 측면충돌,기타,맑음,0,6
2018,서울특별시 은평구2,서울특별시 은평구 역촌동(역말사거리 부근),2018-09-17,14시,경상,여,59세,자전거,상해없음,남,20세,보행자,경상,차대사람 - 기타,기타,맑음,0,6
2018,서울특별시 은평구2,서울특별시 은평구 역촌동(역말사거리 부근),2018-10-16,08시,경상,남,15세,자전거,부상신고,여,28세,승용차,경상,차대차 - 측면충돌,안전운전 의무 불이행,맑음,0,6
2018,서울특별시 은평구2,서울특별시 은평구 역촌동(역말사거리 부근),2018-11-20,01시,중상,남,80세,승용차,상해없음,남,48세,자전거,중상,차대차 - 기타,신호위반,맑음,0,6
2018,서울특별시 은평구2,서울특별시 은평구 역촌동(역말사거리 부근),2018-12-22,16시,경상,남,43세,승용차,상해없음,여,63세,자전거,경상,차대차 - 기타,안전운전 의무 불이행,맑음,0,6
2018,서울특별시 은평구3,서울특별시 은평구 구산동(구산사거리 부근),2018-04-11,20시,중상,남,64세,승용차,상해없음,남,62세,자전거,중상,차대차 - 측면충돌,신호위반,맑음,0,4
2018,서울특별시 은평구3,서울특별시 은평구 구산동(구산사거리 부근),2018-07-17,22시,경상,남,15세,자전거,경상,남,59세,승용차,상해없음,차대차 - 측면충돌,신호위반,맑음,0,4
2018,서울특별시 은평구3,서울특별시 은평구 구산동(구산사거리 부근),2018-08-17,15시,경상,남,32세,승용차,상해없음,남,12세,자전거,경상,차대차 - 측면충돌,신호위반,맑음,0,4
2018,서울특별시 은평구3,서울특별시 은평구 구산동(구산사거리 부근),2018-11-12,18시,부상신고,남,48세,자전거,부상신고,남,59세,승용차,상해없음,차대차 - 측면충돌,중앙선 침범,맑음,0,4
2018,서울특별시 은평구4,서울특별시 은평구 녹번동(코끼리주유소 부근),2018-03-31,10시,경상,남,85세,자전거,경상,남,55세,승용차,상해없음,차대차 - 측면충돌,안전운전 의무 불이행,맑음,0,4
2018,서울특별시 은평구4,서울특별시 은평구 녹번동(코끼리주유소 부근),2018-09-07,00시,부상신고,남,25세,자전거,부상신고,남,68세,승용차,상해없음,차대차 - 측면충돌,안전운전 의무 불이행,맑음,0,4
2018,서울특별시 은평구4,서울특별시 은평구 녹번동(코끼리주유소 부근),2018-09-07,01시,부상신고,남,53세,자전거,부상신고,남,43세,승합차,상해없음,차대차 - 측면충돌,신호위반,맑음,0,4
2018,서울특별시 은평구4,서울특별시 은평구 녹번동(코끼리주유소 부근),2018-09-27,15시,중상,남,65세,승용차,상해없음,여,30세,자전거,중상,차대차 - 측면충돌,안전운전 의무 불이행,맑음,0,4
2018,서울특별시 은평구5,서울특별시 은평구 대조동(서원빌딩 부근),2018-01-05,07시,경상,남,71세,승용차,상해없음,남,56세,자전거,경상,차대차 - 정면충돌,안전운전 의무 불이행,맑음,0,4
2018,서울특별시 은평구5,서울특별시 은평구 대조동(서원빌딩 부근),2018-03-12,14시,경상,남,62세,승용차,상해없음,남,76세,자전거,경상,차대차 - 추돌,신호위반,맑음,0,4
2018,서울특별시 은평구5,서울특별시 은평구 대조동(서원빌딩 부근),2018-06-19,18시,경상,남,79세,승용차,상해없음,여,30세,자전거,경상,차대차 - 기타,안전운전 의무 불이행,맑음,0,4
2018,서울특별시 은평구5,서울특별시 은평구 대조동(서원빌딩 부근),2018-07-20,09시,경상,남,37세,승용차,상해없음,남,61세,자전거,경상,차대차 - 측면충돌,안전운전 의무 불이행,맑음,0,4
2018,서울특별시 은평구6,서울특별시 은평구 대조동(파리바게뜨 역촌역점 부근),2018-07-13,14시,사망,남,92세,자전거,사망,여,76세,승용차,상해없음,차대차 - 기타,기타,맑음,1,2
2018,서울특별시 은평구6,서울특별시 은평구 대조동(파리바게뜨 역촌역점 부근),2018-07-31,09시,중상,남,39세,원동기장치자전거,상해없음,여,64세,자전거,중상,차대차 - 측면충돌,신호위반,맑음,1,2
2018,서울특별시 은평구6,서울특별시 은평구 대조동(파리바게뜨 역촌역점 부근),2018-08-22,07시,경상,남,45세,자전거,경상,여,61세,승용차,상해없음,차대차 - 기타,안전운전 의무 불이행,맑음,1,2
2018,서울특별시 서대문구1,서울특별시 서대문구 북가좌동(뚜레쥬르 증산역점 부근),2018-04-10,07시,중상,남,68세,자전거,중상,남,32세,자전거,상해없음,차대차 - 측면충돌,신호위반,맑음,0,6
2018,서울특별시 서대문구1,서울특별시 서대문구 북가좌동(뚜레쥬르 증산역점 부근),2018-05-27,20시,경상,여,40세,자전거,경상,여,32세,자전거,경상,차대차 - 측면충돌,안전운전 의무 불이행,맑음,0,6
2018,서울특별시 서대문구1,서울특별시 서대문구 북가좌동(뚜레쥬르 증산역점 부근),2018-06-16,07시,경상,여,59세,자전거,경상,남,60세,승합차,상해없음,차대차 - 측면충돌,안전운전 의무 불이행,맑음,0,6
2018,서울특별시 서대문구1,서울특별시 서대문구 북가좌동(뚜레쥬르 증산역점 부근),2018-08-02,08시,부상신고,남,75세,자전거,부상신고,남,37세,이륜차,상해없음,차대차 - 측면충돌,안전운전 의무 불이행,맑음,0,6
2018,서울특별시 서대문구1,서울특별시 서대문구 북가좌동(뚜레쥬르 증산역점 부근),2018-11-07,04시,중상,기타불명,불명,불명,기타불명,남,35세,자전거,중상,차대차 - 기타,신호위반,비,0,6
2018,서울특별시 마포구1,서울특별시 마포구 망원동(세븐일레븐 망원2호점 부근),2018-06-16,17시,경상,남,22세,자전거,경상,없음,불명,없음,없음,차량단독 - 기타,안전운전 의무 불이행,맑음,0,6
2018,서울특별시 마포구1,서울특별시 마포구 망원동(세븐일레븐 망원2호점 부근),2018-07-05,20시,경상,여,44세,승용차,상해없음,여,63세,자전거,경상,차대차 - 추돌,안전운전 의무 불이행,맑음,0,6
2018,서울특별시 마포구1,서울특별시 마포구 망원동(세븐일레븐 망원2호점 부근),2018-08-20,17시,경상,남,70세,승용차,상해없음,남,24세,자전거,경상,차대차 - 측면충돌,안전운전 의무 불이행,맑음,0,6
2018,서울특별시 마포구1,서울특별시 마포구 망원동(세븐일레븐 망원2호점 부근),2018-08-21,15시,경상,남,67세,승용차,상해없음,남,17세,자전거,경상,차대차 - 측면충돌,기타,맑음,0,6
2018,서울특별시 마포구1,서울특별시 마포구 망원동(세븐일레븐 망원2호점 부근),2018-10-01,18시,경상,남,14세,자전거,경상,남,64세,승용차,상해없음,차대차 - 측면충돌,안전운전 의무 불이행,맑음,0,6
2018,서울특별시 마포구1,서울특별시 마포구 망원동(세븐일레븐 망원2호점 부근),2018-11-26,15시,중상,여,48세,승용차,상해없음,여,51세,자전거,중상,차대차 - 기타,기타,맑음,0,6
2018,서울특별시 양천구1,서울특별시 양천구 목동(목동센트럴푸르지오아파트101동 부근),2018-02-27,20시,경상,기타불명,불명,불명,기타불명,남,46세,자전거,경상,차대차 - 기타,안전운전 의무 불이행,맑음,0,7
2018,서울특별시 양천구1,서울특별시 양천구 목동(목동센트럴푸르지오아파트101동 부근),2018-03-03,19시,경상,기타불명,불명,불명,기타불명,남,18세,자전거,경상,차대차 - 기타,안전운전 의무 불이행,맑음,0,7
2018,서울특별시 양천구1,서울특별시 양천구 목동(목동센트럴푸르지오아파트101동 부근),2018-05-31,06시,경상,남,76세,승용차,상해없음,남,40세,자전거,경상,차대차 - 측면충돌,신호위반,맑음,0,7
2018,서울특별시 양천구1,서울특별시 양천구 목동(목동센트럴푸르지오아파트101동 부근),2018-07-08,09시,중상,여,55세,승용차,상해없음,남,13세,자전거,중상,차대차 - 기타,안전운전 의무 불이행,맑음,0,7
2018,서울특별시 양천구1,서울특별시 양천구 목동(목동센트럴푸르지오아파트101동 부근),2018-07-25,19시,경상,남,52세,승용차,상해없음,남,16세,자전거,경상,차대차 - 기타,기타,맑음,0,7
2018,서울특별시 양천구1,서울특별시 양천구 목동(목동센트럴푸르지오아파트101동 부근),2018-09-10,08시,경상,남,20세,이륜차,상해없음,남,26세,자전거,경상,차대차 - 기타,안전운전 의무 불이행,맑음,0,7
2018,서울특별시 양천구1,서울특별시 양천구 목동(목동센트럴푸르지오아파트101동 부근),2018-10-11,18시,경상,남,38세,자전거,상해없음,여,60세,보행자,경상,차대사람 - 횡단중,안전운전 의무 불이행,맑음,0,7
2018,서울특별시 양천구2,서울특별시 양천구 신정동(목동9.10단지삼거리 부근),2018-01-21,09시,중상,남,64세,승용차,상해없음,여,52세,자전거,중상,차대차 - 기타,기타,맑음,0,5
2018,서울특별시 양천구2,서울특별시 양천구 신정동(목동9.10단지삼거리 부근),2018-01-31,19시,경상,남,50세,승용차,상해없음,남,51세,자전거,경상,차대차 - 기타,교차로 통행방법 위반,맑음,0,5
2018,서울특별시 양천구2,서울특별시 양천구 신정동(목동9.10단지삼거리 부근),2018-03-13,13시,경상,여,51세,자전거,상해없음,여,20세,보행자,경상,차대사람 - 기타,기타,맑음,0,5
2018,서울특별시 양천구2,서울특별시 양천구 신정동(목동9.10단지삼거리 부근),2018-11-07,08시,중상,남,55세,승용차,상해없음,여,50세,자전거,중상,차대차 - 측면충돌,신호위반,비,0,5
2018,서울특별시 양천구2,서울특별시 양천구 신정동(목동9.10단지삼거리 부근),2018-11-18,08시,경상,여,45세,승용차,상해없음,여,62세,자전거,경상,차대차 - 측면충돌,신호위반,맑음,0,5
2018,서울특별시 양천구3,서울특별시 양천구 신정동(목동공인중개사사무소 부근),2018-04-19,01시,경상,남,61세,승용차,상해없음,여,57세,자전거,경상,차대차 - 기타,신호위반,맑음,0,5
2018,서울특별시 양천구3,서울특별시 양천구 신정동(목동공인중개사사무소 부근),2018-06-07,11시,부상신고,남,18세,자전거,부상신고,남,54세,승합차,상해없음,차대차 - 측면충돌,안전운전 의무 불이행,맑음,0,5
2018,서울특별시 양천구3,서울특별시 양천구 신정동(목동공인중개사사무소 부근),2018-10-03,14시,부상신고,남,25세,자전거,부상신고,여,42세,승용차,상해없음,차대차 - 기타,안전운전 의무 불이행,맑음,0,5
2018,서울특별시 양천구3,서울특별시 양천구 신정동(목동공인중개사사무소 부근),2018-10-17,08시,중상,여,58세,자전거,중상,남,36세,승용차,상해없음,차대차 - 측면충돌,안전운전 의무 불이행,맑음,0,5
2018,서울특별시 양천구3,서울특별시 양천구 신정동(목동공인중개사사무소 부근),2018-11-08,03시,중상,여,37세,승용차,상해없음,여,54세,자전거,중상,차대차 - 기타,안전운전 의무 불이행,비,0,5
2018,서울특별시 양천구4,서울특별시 양천구 신월동(과학수사연구원입구사거리 부근),2018-08-26,03시,부상신고,남,57세,승용차,상해없음,남,32세,자전거,부상신고,차대차 - 측면충돌,신호위반,맑음,0,7
2018,서울특별시 양천구4,서울특별시 양천구 신월동(과학수사연구원입구사거리 부근),2018-09-02,21시,중상,남,22세,자전거,경상,남,45세,승합차,상해없음,차대차 - 측면충돌,중앙선 침범,맑음,0,7
2018,서울특별시 양천구4,서울특별시 양천구 신월동(과학수사연구원입구사거리 부근),2018-10-13,15시,경상,남,41세,화물차,상해없음,남,62세,자전거,경상,차대차 - 기타,안전운전 의무 불이행,맑음,0,7
2018,서울특별시 양천구4,서울특별시 양천구 신월동(과학수사연구원입구사거리 부근),2018-11-05,06시,경상,남,41세,자전거,경상,남,53세,승합차,상해없음,차대차 - 기타,안전운전 의무 불이행,맑음,0,7
2018,서울특별시 양천구5,서울특별시 양천구 목동(목동2단지아파트입구 부근),2018-01-15,14시,경상,여,59세,승용차,상해없음,남,70세,자전거,경상,차대차 - 추돌,안전운전 의무 불이행,맑음,0,4
2018,서울특별시 양천구5,서울특별시 양천구 목동(목동2단지아파트입구 부근),2018-08-05,16시,경상,남,62세,화물차,상해없음,여,9세,자전거,경상,차대차 - 기타,신호위반,맑음,0,4
2018,서울특별시 양천구5,서울특별시 양천구 목동(목동2단지아파트입구 부근),2018-08-09,18시,경상,여,33세,승용차,상해없음,남,13세,자전거,경상,차대차 - 기타,안전운전 의무 불이행,맑음,0,4
2018,서울특별시 양천구5,서울특별시 양천구 목동(목동2단지아파트입구 부근),2018-09-21,17시,중상,남,16세,자전거,상해없음,여,85세,보행자,중상,차대사람 - 기타,기타,맑음,0,4