사고년도,다발시군구,지점명,사고일시,사고시간대,사고등급,가해자성별,가해자연령,가해차종,가해자신체상해정도,피해자성별,피해자연령,피해차종,피해자신체상해정도,사고유형,가해자법규위반,기상상태,사망자수,부상자수
2018,서울특별시 양천구6,서울특별시 양천구 신정동(에반이즈사고력교육목동직영센터 부근),2018-03-06,13시,경상,남,67세,자전거,경상,여,52세,승용차,상해없음,차대차 - 추돌,신호위반,맑음,0,4
2018,서울특별시 양천구6,서울특별시 양천구 신정동(에반이즈사고력교육목동직영센터 부근),2018-03-21,10시,부상신고,여,47세,자전거,부상신고,여,40세,승용차,상해없음,차대차 - 기타,기타,맑음,0,4
2018,서울특별시 양천구6,서울특별시 양천구 신정동(에반이즈사고력교육목동직영센터 부근),2018-04-19,08시,경상,남,14세,자전거,경상,남,60세,승용차,상해없음,차대차 - 기타,안전운전 의무 불이행,맑음,0,4
2018,서울특별시 양천구6,서울특별시 양천구 신정동(에반이즈사고력교육목동직영센터 부근),2018-07-23,19시,경상,남,50세,자전거,경상,여,43세,승용차,상해없음,차대차 - 기타,안전운전 의무 불이행,맑음,0,4
2018,서울특별시 강서구1,서울특별시 강서구 화곡동(강서구청입구교차로 부근),2018-03-08,21시,부상신고,여,61세,자전거,부상신고,남,58세,승용차,상해없음,차대차 - 기타,기타,흐림,0,7
2018,서울특별시 강서구1,서울특별시 강서구 화곡동(강서구청입구교차로 부근),2018-04-02,19시,경상,남,37세,승용차,상해없음,남,53세,자전거,경상,차대차 - 측면충돌,안전운전 의무 불이행,맑음,0,7
2018,서울특별시 강서구1,서울특별시 강서구 화곡동(강서구청입구교차로 부근),2018-06-27,16시,부상신고,남,51세,자전거,부상신고,남,35세,이륜차,상해없음,차대차 - 기타,기타,맑음,0,7
2018,서울특별시 강서구1,서울특별시 강서구 화곡동(강서구청입구교차로 부근),2018-07-05,10시,경상,남,15세,자전거,경상,남,57세,승용차,상해없음,차대차 - 측면충돌,기타,맑음,0,7
2018,서울특별시 강서구1,서울특별시 강서구 화곡동(강서구청입구교차로 부근),2018-08-31,15시,부상신고,여,50세,자전거,부상신고,남,26세,승용차,상해없음,차대차 - 기타,안전운전 의무 불이행,맑음,0,7
2018,서울특별시 강서구1,서울특별시 강서구 화곡동(강서구청입구교차로 부근),2018-09-09,21시,부상신고,남,62세,승용차,상해없음,남,40세,자전거,부상신고,차대차 - 측면충돌,안전운전 의무 불이행,맑음,0,7
2018,서울특별시 강서구1,서울특별시 강서구 화곡동(강서구청입구교차로 부근),2018-10-11,19시,부상신고,남,36세,자전거,부상신고,남,62세,승용차,상해없음,차대차 - 측면충돌,안전운전 의무 불이행,맑음,0,7
2018,서울특별시 강서구2,서울특별시 강서구 화곡동(능력교회신월성전 부근),2018-01-05,09시,경상,남,63세,승용차,상해없음,여,48세,자전거,경상,차대차 - 기타,기타,맑음,0,4
2018,서울특별시 강서구2,서울특별시 강서구 화곡동(능력교회신월성전 부근),2018-06-18,20시,중상,남,47세,승용차,상해없음,남,70세,자전거,중상,차대차 - 후진중충돌,안전운전 의무 불이행,맑음,0,4
2018,서울특별시 강서구2,서울특별시 강서구 화곡동(능력교회신월성전 부근),2018-08-20,14시,중상,여,38세,승용차,상해없음,여,48세,자전거,중상,차대차 - 측면충돌,기타,맑음,0,4
2018,서울특별시 강서구2,서울특별시 강서구 화곡동(능력교회신월성전 부근),2018-11-18,18시,경상,남,52세,자전거,경상,남,59세,승용차,기타불명,차대차 - 기타,안전운전 의무 불이행,맑음,0,4
2018,서울특별시 구로구1,서울특별시 구로구 구로동(동구로새마을금고 본점 부근),2018-01-21,07시,중상,남,57세,승용차,상해없음,여,50세,자전거,중상,차대차 - 추돌,신호위반,맑음,0,8
2018,서울특별시 구로구1,서울특별시 구로구 구로동(동구로새마을금고 본점 부근),2018-06-08,17시,경상,남,8세,자전거,경상,남,57세,승용차,상해없음,차대차 - 측면충돌,기타,맑음,0,8
2018,서울특별시 구로구1,서울특별시 구로구 구로동(동구로새마을금고 본점 부근),2018-06-22,17시,경상,남,26세,자전거,상해없음,남,51세,자전거,경상,차대차 - 기타,안전운전 의무 불이행,맑음,0,8
2018,서울특별시 구로구1,서울특별시 구로구 구로동(동구로새마을금고 본점 부근),2018-09-18,16시,경상,남,22세,이륜차,경상,남,12세,자전거,경상,차대차 - 정면충돌,신호위반,맑음,0,8
2018,서울특별시 구로구1,서울특별시 구로구 구로동(동구로새마을금고 본점 부근),2018-09-25,15시,경상,여,58세,승용차,상해없음,남,54세,자전거,경상,차대차 - 기타,안전운전 의무 불이행,맑음,0,8
2018,서울특별시 구로구1,서울특별시 구로구 구로동(동구로새마을금고 본점 부근),2018-10-08,11시,경상,여,62세,승용차,상해없음,남,35세,자전거,경상,차대차 - 기타,안전운전 의무 불이행,맑음,0,8
2018,서울특별시 구로구1,서울특별시 구로구 구로동(동구로새마을금고 본점 부근),2018-10-17,05시,중상,남,62세,자전거,중상,남,50세,승합차,상해없음,차대차 - 측면충돌,안전운전 의무 불이행,맑음,0,8
2018,서울특별시 구로구2,서울특별시 구로구 신도림동(구로구리틀야구장 부근),2018-05-22,15시,경상,남,68세,승용차,상해없음,남,40세,자전거,경상,차대차 - 정면충돌,신호위반,비,0,5
2018,서울특별시 구로구2,서울특별시 구로구 신도림동(구로구리틀야구장 부근),2018-07-08,22시,중상,기타불명,불명,자전거,기타불명,남,62세,자전거,중상,차대차 - 기타,안전운전 의무 불이행,맑음,0,5
2018,서울특별시 구로구2,서울특별시 구로구 신도림동(구로구리틀야구장 부근),2018-08-11,06시,경상,남,55세,자전거,경상,여,62세,자전거,상해없음,차대차 - 기타,안전운전 의무 불이행,맑음,0,5
2018,서울특별시 구로구2,서울특별시 구로구 신도림동(구로구리틀야구장 부근),2018-09-09,19시,경상,남,62세,자전거,경상,남,54세,자전거,상해없음,차대차 - 측면충돌,안전운전 의무 불이행,맑음,0,5
2018,서울특별시 구로구2,서울특별시 구로구 신도림동(구로구리틀야구장 부근),2018-09-25,17시,중상,남,58세,자전거,상해없음,남,46세,자전거,중상,차대차 - 추돌,안전운전 의무 불이행,맑음,0,5
2018,서울특별시 구로구3,서울특별시 구로구 개봉동(sk에너지 개봉주유소 부근),2018-07-07,18시,중상,남,78세,승용차,상해없음,남,32세,자전거,중상,차대차 - 측면충돌,안전운전 의무 불이행,맑음,0,4
2018,서울특별시 구로구3,서울특별시 구로구 개봉동(sk에너지 개봉주유소 부근),2018-07-27,13시,부상신고,남,61세,자전거,부상신고,남,51세,승용차,상해없음,차대차 - 정면충돌,중앙선 침범,맑음,0,4
2018,서울특별시 구로구3,서울특별시 구로구 개봉동(sk에너지 개봉주유소 부근),2018-08-10,06시,경상,남,56세,화물차,상해없음,남,68세,자전거,경상,차대차 - 기타,안전운전 의무 불이행,맑음,0,4
2018,서울특별시 구로구3,서울특별시 구로구 개봉동(sk에너지 개봉주유소 부근),2018-10-08,12시,중상,남,75세,승용차,상해없음,남,54세,자전거,중상,차대차 - 측면충돌,안전운전 의무 불이행,맑음,0,4
2018,서울특별시 금천구1,서울특별시 금천구 시흥동(은행나무시장 부근),2018-05-07,20시,경상,남,63세,자전거,경상,여,54세,승용차,상해없음,차대차 - 기타,안전운전 의무 불이행,맑음,0,5
2018,서울특별시 금천구1,서울특별시 금천구 시흥동(은행나무시장 부근),2018-06-21,21시,중상,남,26세,승용차,상해없음,남,67세,자전거,중상,차대차 - 기타,신호위반,맑음,0,5
2018,서울특별시 금천구1,서울특별시 금천구 시흥동(은행나무시장 부근),2018-08-07,07시,경상,남,22세,자전거,경상,남,34세,승용차,상해없음,차대차 - 기타,신호위반,맑음,0,5
2018,서울특별시 금천구1,서울특별시 금천구 시흥동(은행나무시장 부근),2018-08-09,05시,경상,남,73세,자전거,경상,남,65세,승용차,상해없음,차대차 - 측면충돌,중앙선 침범,맑음,0,5
2018,서울특별시 금천구1,서울특별시 금천구 시흥동(은행나무시장 부근),2018-12-27,18시,중상,남,46세,승용차,상해없음,남,15세,자전거,중상,차대차 - 기타,안전운전 의무 불이행,맑음,0,5
2018,서울특별시 금천구2,서울특별시 금천구 독산동(태천대오피스텔 부근),2018-03-02,10시,부상신고,기타불명,불명,불명,기타불명,남,62세,자전거,부상신고,차대차 - 측면충돌,안전운전 의무 불이행,맑음,0,5
2018,서울특별시 금천구2,서울특별시 금천구 독산동(태천대오피스텔 부근),2018-04-11,08시,경상,남,26세,화물차,상해없음,여,48세,자전거,경상,차대차 - 측면충돌,안전운전 의무 불이행,맑음,0,5
2018,서울특별시 금천구2,서울특별시 금천구 독산동(태천대오피스텔 부근),2018-05-11,16시,중상,여,18세,자전거,중상,남,37세,승용차,상해없음,차대차 - 측면충돌,기타,맑음,0,5
2018,서울특별시 금천구2,서울특별시 금천구 독산동(태천대오피스텔 부근),2018-06-07,17시,경상,여,47세,승용차,상해없음,남,78세,자전거,경상,차대차 - 기타,안전운전 의무 불이행,맑음,0,5
2018,서울특별시 금천구2,서울특별시 금천구 독산동(태천대오피스텔 부근),2018-09-09,10시,경상,남,70세,자전거,경상,여,38세,승용차,상해없음,차대차 - 기타,중앙선 침범,맑음,0,5
2018,서울특별시 영등포구1,서울특별시 영등포구 도림동(신도림역입구교차로 부근),2018-04-19,13시,중상,여,64세,자전거,기타불명,여,83세,보행자,중상,차대사람 - 기타,안전운전 의무 불이행,맑음,0,9
2018,서울특별시 영등포구1,서울특별시 영등포구 도림동(신도림역입구교차로 부근),2018-06-04,07시,경상,여,57세,자전거,경상,남,65세,승용차,상해없음,차대차 - 기타,안전운전 의무 불이행,맑음,0,9
2018,서울특별시 영등포구1,서울특별시 영등포구 도림동(신도림역입구교차로 부근),2018-06-12,08시,부상신고,남,71세,승합차,상해없음,남,72세,자전거,부상신고,차대차 - 측면충돌,안전운전 의무 불이행,맑음,0,9
2018,서울특별시 영등포구1,서울특별시 영등포구 도림동(신도림역입구교차로 부근),2018-06-19,16시,경상,남,50세,자전거,상해없음,남,28세,이륜차,경상,차대차 - 측면충돌,중앙선 침범,맑음,0,9
2018,서울특별시 영등포구1,서울특별시 영등포구 도림동(신도림역입구교차로 부근),2018-10-26,18시,부상신고,남,79세,자전거,부상신고,남,35세,승용차,상해없음,차대차 - 측면충돌,안전운전 의무 불이행,맑음,0,9
2018,서울특별시 영등포구1,서울특별시 영등포구 도림동(신도림역입구교차로 부근),2018-11-01,09시,경상,남,39세,승용차,상해없음,남,47세,자전거,경상,차대차 - 기타,안전운전 의무 불이행,맑음,0,9
2018,서울특별시 영등포구1,서울특별시 영등포구 도림동(신도림역입구교차로 부근),2018-11-02,18시,경상,남,38세,승용차,상해없음,여,24세,자전거,경상,차대차 - 기타,안전운전 의무 불이행,맑음,0,9
2018,서울특별시 영등포구1,서울특별시 영등포구 도림동(신도림역입구교차로 부근),2018-11-18,12시,중상,남,64세,자전거,경상,남,24세,이륜차,중상,차대차 - 측면충돌,안전운전 의무 불이행,맑음,0,9
2018,서울특별시 영등포구2,서울특별시 영등포구 대림동(대림3동사거리 부근),2018-01-12,10시,중상,남,69세,화물차,상해없음,남,62세,자전거,중상,차대차 - 측면충돌,신호위반,맑음,0,8
2018,서울특별시 영등포구2,서울특별시 영등포구 대림동(대림3동사거리 부근),2018-03-01,14시,경상,남,61세,자전거,경상,남,27세,승용차,상해없음,차대차 - 측면충돌,중앙선 침범,맑음,0,8
2018,서울특별시 영등포구2,서울특별시 영등포구 대림동(대림3동사거리 부근),2018-04-03,16시,경상,남,71세,화물차,상해없음,남,76세,자전거,경상,차대차 - 기타,중앙선 침범,맑음,0,8
2018,서울특별시 영등포구2,서울특별시 영등포구 대림동(대림3동사거리 부근),2018-05-08,19시,경상,남,41세,자전거,상해없음,여,47세,자전거,경상,차대차 - 측면충돌,신호위반,맑음,0,8
2018,서울특별시 영등포구2,서울특별시 영등포구 대림동(대림3동사거리 부근),2018-05-23,11시,부상신고,여,42세,자전거,부상신고,남,50세,이륜차,상해없음,차대차 - 기타,중앙선 침범,맑음,0,8
2018,서울특별시 영등포구2,서울특별시 영등포구 대림동(대림3동사거리 부근),2018-09-05,14시,경상,남,26세,자전거,경상,남,59세,화물차,상해없음,차대차 - 기타,안전운전 의무 불이행,맑음,0,8
2018,서울특별시 영등포구2,서울특별시 영등포구 대림동(대림3동사거리 부근),2018-09-15,15시,경상,남,65세,자전거,경상,남,60세,승용차,상해없음,차대차 - 측면충돌,안전운전 의무 불이행,흐림,0,8
2018,서울특별시 영등포구2,서울특별시 영등포구 대림동(대림3동사거리 부근),2018-11-28,11시,부상신고,여,54세,자전거,부상신고,남,26세,승용차,상해없음,차대차 - 기타,안전운전 의무 불이행,맑음,0,8
2018,서울특별시 영등포구3,서울특별시 영등포구 영등포동8가(영등포전화국사거리 부근),2018-02-15,06시,중상,남,38세,승용차,상해없음,남,72세,자전거,중상,차대차 - 기타,중앙선 침범,맑음,0,7
2018,서울특별시 영등포구3,서울특별시 영등포구 영등포동8가(영등포전화국사거리 부근),2018-04-13,17시,경상,남,12세,자전거,경상,여,64세,승용차,상해없음,차대차 - 측면충돌,안전거리 미확보,맑음,0,7
2018,서울특별시 영등포구3,서울특별시 영등포구 영등포동8가(영등포전화국사거리 부근),2018-04-16,13시,경상,여,57세,자전거,경상,남,25세,승용차,상해없음,차대차 - 측면충돌,안전운전 의무 불이행,맑음,0,7
2018,서울특별시 영등포구3,서울특별시 영등포구 영등포동8가(영등포전화국사거리 부근),2018-04-19,18시,부상신고,남,29세,자전거,부상신고,남,40세,승합차,상해없음,차대차 - 측면충돌,신호위반,맑음,0,7
2018,서울특별시 영등포구3,서울특별시 영등포구 영등포동8가(영등포전화국사거리 부근),2018-06-13,10시,부상신고,남,64세,자전거,부상신고,남,67세,승용차,상해없음,차대차 - 추돌,안전운전 의무 불이행,맑음,0,7
2018,서울특별시 영등포구3,서울특별시 영등포구 영등포동8가(영등포전화국사거리 부근),2018-09-30,09시,중상,남,72세,승합차,상해없음,남,74세,자전거,중상,차대차 - 측면충돌,안전거리 미확보,맑음,0,7
2018,서울특별시 영등포구3,서울특별시 영등포구 영등포동8가(영등포전화국사거리 부근),2018-11-10,20시,경상,남,21세,자전거,경상,남,27세,승용차,상해없음,차대차 - 정면충돌,안전운전 의무 불이행,맑음,0,7
2018,서울특별시 영등포구4,서울특별시 영등포구 대림동(구로도서관 부근),2018-03-22,00시,경상,남,61세,승용차,상해없음,남,15세,자전거,경상,차대차 - 기타,신호위반,맑음,0,7
2018,서울특별시 영등포구4,서울특별시 영등포구 대림동(구로도서관 부근),2018-08-02,09시,중상,남,65세,자전거,중상,남,56세,승용차,상해없음,차대차 - 측면충돌,안전운전 의무 불이행,맑음,0,7
2018,서울특별시 영등포구4,서울특별시 영등포구 대림동(구로도서관 부근),2018-09-30,19시,부상신고,남,63세,승용차,상해없음,남,11세,자전거,부상신고,차대차 - 기타,신호위반,맑음,0,7
2018,서울특별시 영등포구4,서울특별시 영등포구 대림동(구로도서관 부근),2018-10-03,10시,경상,남,63세,자전거,경상,여,62세,자전거,상해없음,차대차 - 기타,안전운전 의무 불이행,맑음,0,7
2018,서울특별시 영등포구4,서울특별시 영등포구 대림동(구로도서관 부근),2018-10-09,14시,경상,여,46세,자전거,상해없음,남,45세,자전거,경상,차대차 - 기타,안전운전 의무 불이행,맑음,0,7
2018,서울특별시 영등포구4,서울특별시 영등포구 대림동(구로도서관 부근),2018-10-16,00시,경상,여,52세,자전거,경상,여,31세,승용차,상해없음,차대차 - 기타,중앙선 침범,맑음,0,7
2018,서울특별시 영등포구4,서울특별시 영등포구 대림동(구로도서관 부근),2018-11-25,12시,경상,여,64세,자전거,경상,남,73세,승용차,상해없음,차대차 - 측면충돌,안전운전 의무 불이행,맑음,0,7
2018,서울특별시 영등포구5,서울특별시 영등포구 양평동6가(양화한강공원농구장 부근),2018-06-24,09시,경상,남,43세,자전거,경상,남,59세,보행자,경상,차대사람 - 기타,안전운전 의무 불이행,맑음,0,9
2018,서울특별시 영등포구5,서울특별시 영등포구 양평동6가(양화한강공원농구장 부근),2018-07-18,21시,경상,여,60세,승용차,상해없음,남,63세,자전거,경상,차대차 - 후진중충돌,안전운전 의무 불이행,맑음,0,9
2018,서울특별시 영등포구5,서울특별시 영등포구 양평동6가(양화한강공원농구장 부근),2018-07-25,20시,경상,남,50세,자전거,상해없음,남,64세,보행자,경상,차대사람 - 기타,안전운전 의무 불이행,맑음,0,9
2018,서울특별시 영등포구5,서울특별시 영등포구 양평동6가(양화한강공원농구장 부근),2018-08-23,00시,경상,여,28세,자전거,기타불명,남,24세,자전거,경상,차대차 - 측면충돌,안전운전 의무 불이행,맑음,0,9
2018,서울특별시 영등포구5,서울특별시 영등포구 양평동6가(양화한강공원농구장 부근),2018-09-07,18시,경상,남,59세,자전거,경상,남,38세,자전거,경상,차대차 - 정면충돌,안전운전 의무 불이행,맑음,0,9
2018,서울특별시 영등포구5,서울특별시 영등포구 양평동6가(양화한강공원농구장 부근),2018-09-08,13시,경상,남,58세,자전거,상해없음,남,82세,자전거,경상,차대차 - 기타,안전운전 의무 불이행,맑음,0,9
2018,서울특별시 영등포구5,서울특별시 영등포구 양평동6가(양화한강공원농구장 부근),2018-10-07,17시,경상,남,33세,자전거,경상,남,45세,자전거,상해없음,차대차 - 추돌,안전거리 미확보,맑음,0,9
2018,서울특별시 영등포구6,서울특별시 영등포구 영등포동3가(영등포시장사거리 부근),2018-05-19,10시,경상,남,74세,자전거,경상,남,59세,승용차,상해없음,차대차 - 측면충돌,중앙선 침범,맑음,1,6
2018,서울특별시 영등포구6,서울특별시 영등포구 영등포동3가(영등포시장사거리 부근),2018-07-04,22시,중상,남,49세,이륜차,상해없음,여,63세,자전거,중상,차대차 - 기타,안전운전 의무 불이행,맑음,1,6
2018,서울특별시 영등포구6,서울특별시 영등포구 영등포동3가(영등포시장사거리 부근),2018-09-02,09시,중상,남,61세,자전거,중상,남,71세,승용차,상해없음,차대차 - 측면충돌,안전운전 의무 불이행,맑음,1,6
2018,서울특별시 영등포구6,서울특별시 영등포구 영등포동3가(영등포시장사거리 부근),2018-09-20,09시,경상,남,31세,화물차,상해없음,남,62세,자전거,경상,차대차 - 측면충돌,신호위반,비,1,6
2018,서울특별시 영등포구6,서울특별시 영등포구 영등포동3가(영등포시장사거리 부근),2018-10-02,13시,중상,여,46세,자전거,상해없음,여,66세,보행자,중상,차대사람 - 보도통행중,안전운전 의무 불이행,맑음,1,6
2018,서울특별시 영등포구6,서울특별시 영등포구 영등포동3가(영등포시장사거리 부근),2018-10-03,09시,사망,여,56세,자전거,사망,남,64세,승용차,상해없음,차대차 - 기타,안전운전 의무 불이행,맑음,1,6
2018,서울특별시 영등포구7,서울특별시 영등포구 대림동(우성아파트사거리 부근),2018-04-13,18시,경상,여,39세,승용차,상해없음,남,57세,자전거,경상,차대차 - 측면충돌,신호위반,맑음,1,5
2018,서울특별시 영등포구7,서울특별시 영등포구 대림동(우성아파트사거리 부근),2018-05-13,20시,중상,남,64세,승용차,상해없음,여,59세,자전거,중상,차대차 - 기타,안전운전 의무 불이행,맑음,1,5
2018,서울특별시 영등포구7,서울특별시 영등포구 대림동(우성아파트사거리 부근),2018-06-17,22시,사망,남,64세,자전거,사망,남,52세,승용차,상해없음,차대차 - 측면충돌,안전운전 의무 불이행,맑음,1,5
2018,서울특별시 영등포구7,서울특별시 영등포구 대림동(우성아파트사거리 부근),2018-07-11,18시,경상,남,66세,자전거,경상,남,25세,승용차,상해없음,차대차 - 정면충돌,중앙선 침범,맑음,1,5
2018,서울특별시 영등포구7,서울특별시 영등포구 대림동(우성아파트사거리 부근),2018-09-27,14시,경상,여,63세,승용차,상해없음,남,77세,자전거,경상,차대차 - 측면충돌,안전운전 의무 불이행,맑음,1,5
2018,서울특별시 영등포구7,서울특별시 영등포구 대림동(우성아파트사거리 부근),2018-11-14,04시,경상,남,43세,승용차,상해없음,남,65세,자전거,경상,차대차 - 기타,신호위반,맑음,1,5
2018,서울특별시 영등포구8,서울특별시 영등포구 대림동(한사랑한의원 부근),2018-04-05,21시,경상,남,66세,승합차,상해없음,남,43세,자전거,경상,차대차 - 측면충돌,안전거리 미확보,흐림,0,5
2018,서울특별시 영등포구8,서울특별시 영등포구 대림동(한사랑한의원 부근),2018-06-18,19시,부상신고,남,56세,자전거,부상신고,남,20세,이륜차,상해없음,차대차 - 측면충돌,안전운전 의무 불이행,맑음,0,5
2018,서울특별시 영등포구8,서울특별시 영등포구 대림동(한사랑한의원 부근),2018-07-16,12시,경상,여,49세,자전거,경상,남,57세,승용차,상해없음,차대차 - 측면충돌,안전운전 의무 불이행,맑음,0,5
2018,서울특별시 영등포구8,서울특별시 영등포구 대림동(한사랑한의원 부근),2018-09-29,09시,경상,남,73세,자전거,경상,여,31세,승용차,상해없음,차대차 - 측면충돌,안전운전 의무 불이행,맑음,0,5
2018,서울특별시 영등포구8,서울특별시 영등포구 대림동(한사랑한의원 부근),2018-11-21,20시,경상,남,57세,자전거,경상,남,50세,승용차,상해없음,차대차 - 측면충돌,안전운전 의무 불이행,맑음,0,5
2018,서울특별시 영등포구9,서울특별시 영등포구 문래동3가(홈플러스영등포점 부근),2018-01-05,00시,부상신고,여,24세,자전거,부상신고,남,40세,승용차,상해없음,차대차 - 측면충돌,기타,맑음,0,5
2018,서울특별시 영등포구9,서울특별시 영등포구 문래동3가(홈플러스영등포점 부근),2018-01-18,08시,경상,남,45세,자전거,경상,남,34세,승용차,상해없음,차대차 - 기타,안전운전 의무 불이행,맑음,0,5
2018,서울특별시 영등포구9,서울특별시 영등포구 문래동3가(홈플러스영등포점 부근),2018-05-16,21시,경상,남,66세,승용차,상해없음,여,63세,자전거,경상,차대차 - 기타,안전운전 의무 불이행,흐림,0,5
2018,서울특별시 영등포구9,서울특별시 영등포구 문래동3가(홈플러스영등포점 부근),2018-09-18,08시,경상,남,14세,자전거,경상,남,53세,승용차,상해없음,차대차 - 기타,안전운전 의무 불이행,맑음,0,5
2018,서울특별시 영등포구9,서울특별시 영등포구 문래동3가(홈플러스영등포점 부근),2018-10-13,21시,경상,남,67세,승용차,상해없음,남,18세,자전거,경상,차대차 - 측면충돌,안전운전 의무 불이행,맑음,0,5
2018,서울특별시 영등포구10,서울특별시 영등포구 영등포동4가(청과시장입구 부근),2018-07-12,06시,경상,남,60세,승용차,상해없음,남,70세,자전거,경상,차대차 - 측면충돌,안전운전 의무 불이행,맑음,1,3
2018,서울특별시 영등포구10,서울특별시 영등포구 영등포동4가(청과시장입구 부근),2018-07-20,11시,사망,남,44세,건설기계,상해없음,여,54세,자전거,사망,차대차 - 측면충돌,안전운전 의무 불이행,맑음,1,3
2018,서울특별시 영등포구10,서울특별시 영등포구 영등포동4가(청과시장입구 부근),2018-07-23,21시,경상,남,45세,자전거,경상,남,68세,승용차,상해없음,차대차 - 측면충돌,기타,맑음,1,3
2018,서울특별시 영등포구10,서울특별시 영등포구 영등포동4가(청과시장입구 부근),2018-10-02,07시,경상,남,37세,자전거,경상,남,25세,승용차,상해없음,차대차 - 기타,안전운전 의무 불이행,맑음,1,3
2018,서울특별시 영등포구11,서울특별시 영등포구 여의도동(한강조망대 부근),2018-06-23,08시,중상,남,54세,승용차,상해없음,남,57세,자전거,중상,차대차 - 측면충돌,안전운전 의무 불이행,맑음,0,4
2018,서울특별시 영등포구11,서울특별시 영등포구 여의도동(한강조망대 부근),2018-07-08,22시,중상,남,13세,자전거,상해없음,남,42세,자전거,중상,차대차 - 기타,안전운전 의무 불이행,맑음,0,4
2018,서울특별시 영등포구11,서울특별시 영등포구 여의도동(한강조망대 부근),2018-09-07,18시,경상,남,10세,자전거,기타불명,남,43세,자전거,경상,차대차 - 측면충돌,안전운전 의무 불이행,맑음,0,4
2018,서울특별시 영등포구11,서울특별시 영등포구 여의도동(한강조망대 부근),2018-09-10,16시,경상,남,30세,자전거,경상,남,69세,자전거,상해없음,차대차 - 기타,안전운전 의무 불이행,맑음,0,4
2018,서울특별시 영등포구12,서울특별시 영등포구 여의도동(여의도한강공원서울색공원입구 부근),2018-04-08,14시,경상,남,18세,자전거,상해없음,여,17세,보행자,경상,차대사람 - 횡단중,안전운전 의무 불이행,흐림,0,6
2018,서울특별시 영등포구12,서울특별시 영등포구 여의도동(여의도한강공원서울색공원입구 부근),2018-06-06,22시,중상,남,32세,자전거,중상,남,20세,보행자,상해없음,차대사람 - 기타,안전운전 의무 불이행,맑음,0,6
2018,서울특별시 영등포구12,서울특별시 영등포구 여의도동(여의도한강공원서울색공원입구 부근),2018-07-25,22시,경상,남,37세,자전거,부상신고,여,16세,보행자,경상,차대사람 - 기타,안전운전 의무 불이행,맑음,0,6
2018,서울특별시 영등포구12,서울특별시 영등포구 여의도동(여의도한강공원서울색공원입구 부근),2018-08-15,07시,경상,남,58세,화물차,상해없음,남,41세,자전거,경상,차대차 - 측면충돌,안전운전 의무 불이행,맑음,0,6
2018,서울특별시 영등포구13,서울특별시 영등포구 당산동2가(영등포유통상가사거리 부근),2018-02-19,11시,경상,남,36세,화물차,상해없음,남,63세,자전거,경상,차대차 - 측면충돌,신호위반,맑음,0,4
2018,서울특별시 영등포구13,서울특별시 영등포구 당산동2가(영등포유통상가사거리 부근),2018-03-23,08시,경상,여,71세,자전거,경상,남,37세,승용차,기타불명,차대차 - 측면충돌,안전운전 의무 불이행,맑음,0,4
2018,서울특별시 영등포구13,서울특별시 영등포구 당산동2가(영등포유통상가사거리 부근),2018-06-09,18시,부상신고,여,14세,자전거,부상신고,여,59세,승용차,상해없음,차대차 - 측면충돌,안전운전 의무 불이행,맑음,0,4
2018,서울특별시 영등포구13,서울특별시 영등포구 당산동2가(영등포유통상가사거리 부근),2018-09-08,07시,중상,남,59세,승용차,상해없음,여,80세,자전거,중상,차대차 - 측면충돌,안전운전 의무 불이행,맑음,0,4
2018,서울특별시 동작구1,서울특별시 동작구 사당동(파리바게뜨 이수역자이점 부근),2018-01-17,19시,부상신고,남,61세,자전거,부상신고,남,70세,승용차,상해없음,차대차 - 측면충돌,기타,맑음,0,8
2018,서울특별시 동작구1,서울특별시 동작구 사당동(파리바게뜨 이수역자이점 부근),2018-04-04,10시,경상,남,50세,자전거,경상,남,27세,승용차,상해없음,차대차 - 측면충돌,기타,맑음,0,8
2018,서울특별시 동작구1,서울특별시 동작구 사당동(파리바게뜨 이수역자이점 부근),2018-06-19,17시,부상신고,남,22세,자전거,부상신고,남,65세,승용차,상해없음,차대차 - 추돌,안전거리 미확보,맑음,0,8
2018,서울특별시 동작구1,서울특별시 동작구 사당동(파리바게뜨 이수역자이점 부근),2018-08-01,11시,경상,남,26세,이륜차,상해없음,남,75세,자전거,경상,차대차 - 정면충돌,안전운전 의무 불이행,맑음,0,8
2018,서울특별시 동작구1,서울특별시 동작구 사당동(파리바게뜨 이수역자이점 부근),2018-09-19,18시,중상,남,49세,자전거,상해없음,남,69세,보행자,중상,차대사람 - 길가장자리구역통행중,안전운전 의무 불이행,맑음,0,8
2018,서울특별시 동작구1,서울특별시 동작구 사당동(파리바게뜨 이수역자이점 부근),2018-11-17,08시,부상신고,여,51세,자전거,부상신고,남,26세,원동기장치자전거,상해없음,차대차 - 측면충돌,안전운전 의무 불이행,맑음,0,8
2018,서울특별시 동작구1,서울특별시 동작구 사당동(파리바게뜨 이수역자이점 부근),2018-12-05,14시,경상,여,49세,자전거,경상,남,42세,화물차,상해없음,차대차 - 측면충돌,기타,맑음,0,8
2018,서울특별시 동작구1,서울특별시 동작구 사당동(파리바게뜨 이수역자이점 부근),2018-12-18,18시,부상신고,여,54세,자전거,부상신고,남,62세,승용차,상해없음,차대차 - 측면충돌,중앙선 침범,맑음,0,8