사고년도,다발시군구,지점명,사고일시,사고시간대,사고등급,가해자성별,가해자연령,가해차종,가해자신체상해정도,피해자성별,피해자연령,피해차종,피해자신체상해정도,사고유형,가해자법규위반,기상상태,사망자수,부상자수
2018,서울특별시 동작구2,서울특별시 동작구 본동(한강대교남단교차로 부근),2018-06-06,12시,부상신고,남,50세,자전거,부상신고,남,50세,자전거,상해없음,차대차 - 측면충돌,안전운전 의무 불이행,맑음,0,7
2018,서울특별시 동작구2,서울특별시 동작구 본동(한강대교남단교차로 부근),2018-06-06,18시,경상,남,52세,승용차,상해없음,남,25세,자전거,경상,차대차 - 측면충돌,안전운전 의무 불이행,맑음,0,7
2018,서울특별시 동작구2,서울특별시 동작구 본동(한강대교남단교차로 부근),2018-06-17,22시,중상,남,28세,승용차,상해없음,남,35세,자전거,중상,차대차 - 측면충돌,신호위반,맑음,0,7
2018,서울특별시 동작구2,서울특별시 동작구 본동(한강대교남단교차로 부근),2018-08-17,19시,경상,남,26세,자전거,상해없음,여,29세,보행자,경상,차대사람 - 횡단중,안전운전 의무 불이행,맑음,0,7
2018,서울특별시 동작구2,서울특별시 동작구 본동(한강대교남단교차로 부근),2018-08-24,22시,경상,여,54세,승용차,상해없음,여,20세,자전거,경상,차대차 - 측면충돌,안전운전 의무 불이행,맑음,0,7
2018,서울특별시 동작구2,서울특별시 동작구 본동(한강대교남단교차로 부근),2018-10-21,13시,부상신고,남,14세,자전거,부상신고,여,85세,승용차,상해없음,차대차 - 측면충돌,기타,맑음,0,7
2018,서울특별시 동작구2,서울특별시 동작구 본동(한강대교남단교차로 부근),2018-11-29,18시,중상,남,49세,자전거,상해없음,남,43세,자전거,중상,차대차 - 측면충돌,안전운전 의무 불이행,맑음,0,7
2018,서울특별시 동작구3,서울특별시 동작구 신대방동(대림사거리 부근),2018-06-08,22시,경상,여,65세,자전거,경상,남,25세,이륜차,상해없음,차대차 - 추돌,기타,맑음,0,6
2018,서울특별시 동작구3,서울특별시 동작구 신대방동(대림사거리 부근),2018-06-19,12시,경상,남,50세,자전거,상해없음,여,80세,보행자,경상,차대사람 - 보도통행중,안전운전 의무 불이행,맑음,0,6
2018,서울특별시 동작구3,서울특별시 동작구 신대방동(대림사거리 부근),2018-08-31,01시,중상,기타불명,불명,불명,기타불명,남,56세,자전거,중상,차대차 - 측면충돌,안전운전 의무 불이행,비,0,6
2018,서울특별시 동작구3,서울특별시 동작구 신대방동(대림사거리 부근),2018-10-07,07시,경상,여,60세,자전거,경상,남,34세,승용차,상해없음,차대차 - 측면충돌,기타,맑음,0,6
2018,서울특별시 동작구3,서울특별시 동작구 신대방동(대림사거리 부근),2018-10-30,06시,경상,남,46세,화물차,상해없음,남,54세,자전거,경상,차대차 - 측면충돌,안전운전 의무 불이행,맑음,0,6
2018,서울특별시 동작구3,서울특별시 동작구 신대방동(대림사거리 부근),2018-12-02,05시,부상신고,남,61세,자전거,부상신고,남,62세,승용차,상해없음,차대차 - 측면충돌,신호위반,맑음,0,6
2018,서울특별시 동작구4,서울특별시 동작구 신대방동(모스키친 부근),2018-04-24,17시,경상,남,58세,화물차,상해없음,남,32세,자전거,경상,차대차 - 기타,안전운전 의무 불이행,맑음,0,4
2018,서울특별시 동작구4,서울특별시 동작구 신대방동(모스키친 부근),2018-06-05,09시,중상,남,33세,자전거,상해없음,여,77세,보행자,중상,차대사람 - 횡단중,신호위반,맑음,0,4
2018,서울특별시 동작구4,서울특별시 동작구 신대방동(모스키친 부근),2018-08-20,21시,부상신고,남,38세,자전거,부상신고,남,67세,승합차,상해없음,차대차 - 측면충돌,안전운전 의무 불이행,맑음,0,4
2018,서울특별시 동작구4,서울특별시 동작구 신대방동(모스키친 부근),2018-09-15,21시,경상,남,56세,승용차,상해없음,남,56세,자전거,경상,차대차 - 측면충돌,기타,맑음,0,4
2018,서울특별시 관악구1,서울특별시 관악구 신림동(신림청암두산위브 부근),2018-01-22,08시,경상,남,71세,승용차,상해없음,여,59세,자전거,경상,차대차 - 측면충돌,기타,맑음,0,5
2018,서울특별시 관악구1,서울특별시 관악구 신림동(신림청암두산위브 부근),2018-03-17,14시,중상,남,26세,승용차,상해없음,여,55세,자전거,중상,차대차 - 측면충돌,교차로 통행방법 위반,맑음,0,5
2018,서울특별시 관악구1,서울특별시 관악구 신림동(신림청암두산위브 부근),2018-09-07,19시,부상신고,기타불명,불명,불명,기타불명,남,28세,자전거,부상신고,차대차 - 기타,안전운전 의무 불이행,기타/불명,0,5
2018,서울특별시 관악구1,서울특별시 관악구 신림동(신림청암두산위브 부근),2018-10-02,11시,부상신고,기타불명,불명,자전거,기타불명,여,31세,보행자,부상신고,차대사람 - 기타,안전운전 의무 불이행,맑음,0,5
2018,서울특별시 관악구1,서울특별시 관악구 신림동(신림청암두산위브 부근),2018-10-23,01시,경상,기타불명,불명,불명,기타불명,남,36세,자전거,경상,차대차 - 기타,신호위반,맑음,0,5
2018,서울특별시 관악구2,서울특별시 관악구 신림동(조원초등학교정문 부근),2018-04-06,15시,경상,남,11세,자전거,경상,남,37세,화물차,상해없음,차대차 - 측면충돌,안전운전 의무 불이행,맑음,1,2
2018,서울특별시 관악구2,서울특별시 관악구 신림동(조원초등학교정문 부근),2018-06-10,18시,중상,남,73세,승용차,상해없음,남,25세,자전거,중상,차대차 - 기타,기타,맑음,1,2
2018,서울특별시 관악구2,서울특별시 관악구 신림동(조원초등학교정문 부근),2018-08-27,20시,사망,남,54세,자전거,사망,없음,불명,없음,없음,차량단독 - 기타,안전운전 의무 불이행,맑음,1,2
2018,서울특별시 서초구1,서울특별시 서초구 반포동(반포본동 주민센터 부근),2018-04-04,19시,경상,기타불명,불명,불명,기타불명,남,65세,자전거,경상,차대차 - 측면충돌,안전운전 의무 불이행,맑음,0,4
2018,서울특별시 서초구1,서울특별시 서초구 반포동(반포본동 주민센터 부근),2018-09-01,16시,경상,남,38세,자전거,상해없음,여,38세,자전거,경상,차대차 - 측면충돌,안전운전 의무 불이행,맑음,0,4
2018,서울특별시 서초구1,서울특별시 서초구 반포동(반포본동 주민센터 부근),2018-10-12,17시,중상,남,66세,승용차,상해없음,남,61세,자전거,중상,차대차 - 측면충돌,안전운전 의무 불이행,맑음,0,4
2018,서울특별시 서초구1,서울특별시 서초구 반포동(반포본동 주민센터 부근),2018-11-09,18시,경상,남,37세,자전거,경상,여,44세,승용차,상해없음,차대차 - 측면충돌,안전운전 의무 불이행,맑음,0,4
2018,서울특별시 강남구1,서울특별시 강남구 수서동(수서역(북)공영주차장입구 부근),2018-02-04,08시,경상,여,53세,승용차,상해없음,남,60세,자전거,경상,차대차 - 추돌,신호위반,맑음,1,3
2018,서울특별시 강남구1,서울특별시 강남구 수서동(수서역(북)공영주차장입구 부근),2018-05-10,15시,중상,여,43세,승용차,상해없음,남,79세,자전거,중상,차대차 - 측면충돌,안전운전 의무 불이행,맑음,1,3
2018,서울특별시 강남구1,서울특별시 강남구 수서동(수서역(북)공영주차장입구 부근),2018-06-15,15시,경상,기타불명,불명,자전거,기타불명,여,47세,보행자,경상,차대사람 - 보도통행중,기타,맑음,1,3
2018,서울특별시 강남구1,서울특별시 강남구 수서동(수서역(북)공영주차장입구 부근),2018-12-08,05시,사망,남,74세,자전거,사망,남,37세,화물차,상해없음,차대차 - 기타,안전운전 의무 불이행,맑음,1,3
2018,서울특별시 강남구2,서울특별시 강남구 신사동(잠원수상택시승강장 부근),2018-05-05,18시,중상,남,67세,자전거,상해없음,여,21세,자전거,중상,차대차 - 기타,안전운전 의무 불이행,맑음,0,5
2018,서울특별시 강남구2,서울특별시 강남구 신사동(잠원수상택시승강장 부근),2018-06-29,16시,경상,남,21세,자전거,경상,남,19세,자전거,경상,차대차 - 기타,안전운전 의무 불이행,맑음,0,5
2018,서울특별시 강남구2,서울특별시 강남구 신사동(잠원수상택시승강장 부근),2018-07-16,17시,경상,남,63세,자전거,상해없음,여,20세,보행자,경상,차대사람 - 보도통행중,안전운전 의무 불이행,맑음,0,5
2018,서울특별시 강남구2,서울특별시 강남구 신사동(잠원수상택시승강장 부근),2018-09-30,14시,부상신고,남,44세,자전거,상해없음,여,29세,보행자,부상신고,차대사람 - 횡단중,안전운전 의무 불이행,맑음,0,5
2018,서울특별시 송파구1,서울특별시 송파구 가락동(가락시장사거리 부근),2018-04-08,20시,경상,남,60세,원동기장치자전거,상해없음,남,56세,자전거,경상,차대차 - 측면충돌,안전운전 의무 불이행,비,0,9
2018,서울특별시 송파구1,서울특별시 송파구 가락동(가락시장사거리 부근),2018-04-10,19시,중상,남,58세,승용차,상해없음,남,64세,자전거,중상,차대차 - 기타,안전운전 의무 불이행,맑음,0,9
2018,서울특별시 송파구1,서울특별시 송파구 가락동(가락시장사거리 부근),2018-04-16,08시,중상,기타불명,불명,불명,기타불명,남,28세,자전거,중상,차대차 - 기타,안전운전 의무 불이행,맑음,0,9
2018,서울특별시 송파구1,서울특별시 송파구 가락동(가락시장사거리 부근),2018-04-21,07시,중상,남,60세,승용차,상해없음,남,37세,자전거,중상,차대차 - 측면충돌,안전운전 의무 불이행,맑음,0,9
2018,서울특별시 송파구1,서울특별시 송파구 가락동(가락시장사거리 부근),2018-09-27,07시,경상,여,51세,자전거,상해없음,여,67세,자전거,경상,차대차 - 측면충돌,안전운전 의무 불이행,맑음,0,9
2018,서울특별시 송파구1,서울특별시 송파구 가락동(가락시장사거리 부근),2018-10-03,21시,부상신고,남,33세,자전거,부상신고,남,43세,승합차,상해없음,차대차 - 측면충돌,신호위반,맑음,0,9
2018,서울특별시 송파구1,서울특별시 송파구 가락동(가락시장사거리 부근),2018-10-25,16시,경상,남,61세,자전거,상해없음,남,30세,승용차,경상,차대차 - 기타,안전운전 의무 불이행,맑음,0,9
2018,서울특별시 송파구1,서울특별시 송파구 가락동(가락시장사거리 부근),2018-11-13,14시,경상,남,42세,자전거,상해없음,남,78세,자전거,경상,차대차 - 기타,안전운전 의무 불이행,맑음,0,9
2018,서울특별시 송파구1,서울특별시 송파구 가락동(가락시장사거리 부근),2018-12-21,03시,경상,남,21세,자전거,경상,남,71세,승용차,상해없음,차대차 - 기타,안전운전 의무 불이행,맑음,0,9
2018,서울특별시 송파구2,서울특별시 송파구 삼전동(삼전사거리 부근),2018-04-29,13시,경상,남,32세,승용차,상해없음,남,16세,자전거,경상,차대차 - 정면충돌,신호위반,맑음,0,8
2018,서울특별시 송파구2,서울특별시 송파구 삼전동(삼전사거리 부근),2018-07-22,15시,경상,남,60세,승용차,상해없음,남,22세,자전거,경상,차대차 - 측면충돌,신호위반,맑음,0,8
2018,서울특별시 송파구2,서울특별시 송파구 삼전동(삼전사거리 부근),2018-08-07,10시,부상신고,기타불명,불명,불명,기타불명,남,37세,자전거,부상신고,차대차 - 기타,안전운전 의무 불이행,맑음,0,8
2018,서울특별시 송파구2,서울특별시 송파구 삼전동(삼전사거리 부근),2018-09-03,17시,경상,여,53세,자전거,경상,여,47세,승용차,상해없음,차대차 - 측면충돌,기타,비,0,8
2018,서울특별시 송파구2,서울특별시 송파구 삼전동(삼전사거리 부근),2018-10-20,10시,경상,남,14세,자전거,경상,남,49세,화물차,상해없음,차대차 - 측면충돌,신호위반,맑음,0,8
2018,서울특별시 송파구2,서울특별시 송파구 삼전동(삼전사거리 부근),2018-10-22,07시,부상신고,기타불명,불명,불명,기타불명,여,16세,자전거,부상신고,차대차 - 기타,안전운전 의무 불이행,맑음,0,8
2018,서울특별시 송파구2,서울특별시 송파구 삼전동(삼전사거리 부근),2018-12-29,20시,경상,남,14세,자전거,상해없음,남,37세,보행자,경상,차대사람 - 기타,안전운전 의무 불이행,맑음,0,8
2018,서울특별시 송파구2,서울특별시 송파구 삼전동(삼전사거리 부근),2018-12-31,05시,중상,남,79세,자전거,중상,남,77세,승용차,상해없음,차대차 - 기타,안전운전 의무 불이행,맑음,0,8
2018,서울특별시 송파구3,서울특별시 송파구 방이동(올림픽공원사거리 부근),2018-03-17,16시,경상,남,59세,승용차,상해없음,남,67세,자전거,경상,차대차 - 측면충돌,교차로 통행방법 위반,맑음,0,8
2018,서울특별시 송파구3,서울특별시 송파구 방이동(올림픽공원사거리 부근),2018-04-02,07시,경상,남,27세,승용차,상해없음,남,15세,자전거,경상,차대차 - 기타,안전운전 의무 불이행,맑음,0,8
2018,서울특별시 송파구3,서울특별시 송파구 방이동(올림픽공원사거리 부근),2018-04-22,11시,부상신고,남,49세,승용차,상해없음,남,10세,자전거,부상신고,차대차 - 측면충돌,안전운전 의무 불이행,맑음,0,8
2018,서울특별시 송파구3,서울특별시 송파구 방이동(올림픽공원사거리 부근),2018-10-02,18시,중상,남,25세,승용차,상해없음,남,62세,자전거,중상,차대차 - 기타,안전운전 의무 불이행,맑음,0,8
2018,서울특별시 송파구3,서울특별시 송파구 방이동(올림픽공원사거리 부근),2018-11-04,23시,경상,남,58세,승용차,상해없음,남,30세,자전거,경상,차대차 - 측면충돌,안전운전 의무 불이행,흐림,0,8
2018,서울특별시 송파구3,서울특별시 송파구 방이동(올림픽공원사거리 부근),2018-11-14,15시,경상,여,64세,승용차,상해없음,여,67세,자전거,경상,차대차 - 측면충돌,안전운전 의무 불이행,맑음,0,8
2018,서울특별시 송파구3,서울특별시 송파구 방이동(올림픽공원사거리 부근),2018-12-21,21시,경상,남,1세,자전거,경상,남,26세,승용차,상해없음,차대차 - 측면충돌,신호위반,맑음,0,8
2018,서울특별시 송파구4,서울특별시 송파구 가락동(가락시장역 부근),2018-01-07,19시,부상신고,남,59세,자전거,부상신고,없음,불명,없음,없음,차량단독 - 공작물충돌,안전운전 의무 불이행,맑음,0,6
2018,서울특별시 송파구4,서울특별시 송파구 가락동(가락시장역 부근),2018-04-04,10시,중상,남,53세,화물차,상해없음,남,46세,자전거,중상,차대차 - 기타,교차로 통행방법 위반,맑음,0,6
2018,서울특별시 송파구4,서울특별시 송파구 가락동(가락시장역 부근),2018-04-27,14시,중상,여,38세,승용차,상해없음,남,81세,자전거,중상,차대차 - 측면충돌,안전운전 의무 불이행,맑음,0,6
2018,서울특별시 송파구4,서울특별시 송파구 가락동(가락시장역 부근),2018-05-22,19시,중상,남,64세,승용차,상해없음,남,58세,자전거,중상,차대차 - 측면충돌,안전운전 의무 불이행,비,0,6
2018,서울특별시 송파구4,서울특별시 송파구 가락동(가락시장역 부근),2018-06-21,17시,경상,남,56세,화물차,상해없음,여,31세,자전거,경상,차대차 - 측면충돌,기타,기타/불명,0,6
2018,서울특별시 송파구4,서울특별시 송파구 가락동(가락시장역 부근),2018-07-12,01시,중상,남,25세,승용차,상해없음,남,23세,자전거,중상,차대차 - 측면충돌,신호위반,흐림,0,6
2018,서울특별시 송파구5,서울특별시 송파구 풍납동(풍납도깨비시장 부근),2018-02-15,15시,경상,남,58세,자전거,상해없음,여,61세,보행자,경상,차대사람 - 기타,안전운전 의무 불이행,맑음,0,6
2018,서울특별시 송파구5,서울특별시 송파구 풍납동(풍납도깨비시장 부근),2018-05-08,07시,중상,남,15세,자전거,상해없음,여,46세,보행자,중상,차대사람 - 기타,안전운전 의무 불이행,맑음,0,6
2018,서울특별시 송파구5,서울특별시 송파구 풍납동(풍납도깨비시장 부근),2018-05-10,17시,부상신고,남,58세,승용차,상해없음,남,9세,자전거,부상신고,차대차 - 측면충돌,안전운전 의무 불이행,맑음,0,6
2018,서울특별시 송파구5,서울특별시 송파구 풍납동(풍납도깨비시장 부근),2018-06-29,18시,중상,남,54세,자전거,상해없음,남,84세,자전거,중상,차대차 - 측면충돌,기타,맑음,0,6
2018,서울특별시 송파구5,서울특별시 송파구 풍납동(풍납도깨비시장 부근),2018-09-04,19시,경상,남,57세,자전거,경상,남,41세,보행자,상해없음,차대사람 - 기타,안전운전 의무 불이행,맑음,0,6
2018,서울특별시 송파구5,서울특별시 송파구 풍납동(풍납도깨비시장 부근),2018-09-29,20시,경상,남,10세,자전거,기타불명,여,50세,보행자,경상,차대사람 - 횡단중,안전운전 의무 불이행,맑음,0,6
2018,서울특별시 송파구6,서울특별시 송파구 석촌동(석촌호(서호)사거리 부근),2018-01-24,16시,중상,남,32세,승용차,상해없음,남,40세,자전거,중상,차대차 - 측면충돌,안전운전 의무 불이행,맑음,0,5
2018,서울특별시 송파구6,서울특별시 송파구 석촌동(석촌호(서호)사거리 부근),2018-02-28,08시,경상,남,37세,자전거,경상,남,48세,승용차,상해없음,차대차 - 기타,기타,맑음,0,5
2018,서울특별시 송파구6,서울특별시 송파구 석촌동(석촌호(서호)사거리 부근),2018-10-16,18시,중상,남,66세,자전거,중상,남,60세,승용차,상해없음,차대차 - 측면충돌,안전운전 의무 불이행,맑음,0,5
2018,서울특별시 송파구6,서울특별시 송파구 석촌동(석촌호(서호)사거리 부근),2018-11-29,10시,경상,남,36세,자전거,경상,남,61세,승용차,상해없음,차대차 - 측면충돌,안전운전 의무 불이행,맑음,0,5
2018,서울특별시 송파구6,서울특별시 송파구 석촌동(석촌호(서호)사거리 부근),2018-12-18,10시,경상,남,67세,승용차,상해없음,여,52세,자전거,경상,차대차 - 측면충돌,신호위반,흐림,0,5
2018,서울특별시 송파구7,서울특별시 송파구 방이동(올림픽공원남4문 부근),2018-01-02,18시,중상,여,36세,승용차,상해없음,남,22세,자전거,중상,차대차 - 측면충돌,신호위반,맑음,0,5
2018,서울특별시 송파구7,서울특별시 송파구 방이동(올림픽공원남4문 부근),2018-04-15,18시,경상,남,69세,승용차,상해없음,남,13세,자전거,경상,차대차 - 기타,신호위반,맑음,0,5
2018,서울특별시 송파구7,서울특별시 송파구 방이동(올림픽공원남4문 부근),2018-06-16,07시,부상신고,여,71세,자전거,부상신고,여,55세,승용차,상해없음,차대차 - 측면충돌,안전운전 의무 불이행,맑음,0,5
2018,서울특별시 송파구7,서울특별시 송파구 방이동(올림픽공원남4문 부근),2018-07-12,07시,경상,남,15세,자전거,경상,남,52세,화물차,상해없음,차대차 - 측면충돌,중앙선 침범,맑음,0,5
2018,서울특별시 송파구7,서울특별시 송파구 방이동(올림픽공원남4문 부근),2018-12-22,08시,중상,남,57세,이륜차,상해없음,여,40세,자전거,중상,차대차 - 측면충돌,신호위반,흐림,0,5
2018,서울특별시 송파구8,서울특별시 송파구 방이동(올림픽공원북2문교차로 부근),2018-03-04,01시,중상,남,31세,승용차,상해없음,남,73세,자전거,중상,차대차 - 기타,안전운전 의무 불이행,맑음,0,5
2018,서울특별시 송파구8,서울특별시 송파구 방이동(올림픽공원북2문교차로 부근),2018-04-03,17시,경상,남,67세,자전거,상해없음,남,4세,보행자,경상,차대사람 - 기타,안전운전 의무 불이행,흐림,0,5
2018,서울특별시 송파구8,서울특별시 송파구 방이동(올림픽공원북2문교차로 부근),2018-05-03,16시,부상신고,여,49세,승용차,상해없음,남,73세,자전거,부상신고,차대차 - 측면충돌,신호위반,맑음,0,5
2018,서울특별시 송파구8,서울특별시 송파구 방이동(올림픽공원북2문교차로 부근),2018-05-23,18시,경상,남,58세,승용차,상해없음,남,21세,자전거,경상,차대차 - 추돌,안전운전 의무 불이행,맑음,0,5
2018,서울특별시 송파구8,서울특별시 송파구 방이동(올림픽공원북2문교차로 부근),2018-10-19,08시,중상,여,43세,승용차,상해없음,남,39세,자전거,중상,차대차 - 기타,안전운전 의무 불이행,맑음,0,5
2018,서울특별시 송파구9,서울특별시 송파구 가락동(송파농협 가락지점 부근),2018-04-13,07시,부상신고,남,63세,승용차,상해없음,남,16세,자전거,부상신고,차대차 - 추돌,안전운전 의무 불이행,맑음,0,5
2018,서울특별시 송파구9,서울특별시 송파구 가락동(송파농협 가락지점 부근),2018-04-17,09시,경상,남,55세,자전거,상해없음,여,38세,보행자,경상,차대사람 - 보도통행중,기타,맑음,0,5
2018,서울특별시 송파구9,서울특별시 송파구 가락동(송파농협 가락지점 부근),2018-09-05,16시,중상,남,71세,자전거,중상,남,63세,승용차,상해없음,차대차 - 추돌,안전거리 미확보,맑음,0,5
2018,서울특별시 송파구9,서울특별시 송파구 가락동(송파농협 가락지점 부근),2018-09-06,11시,부상신고,여,60세,자전거,부상신고,기타불명,불명,불명,기타불명,차대차 - 기타,안전운전 의무 불이행,맑음,0,5
2018,서울특별시 송파구9,서울특별시 송파구 가락동(송파농협 가락지점 부근),2018-12-18,08시,부상신고,남,57세,자전거,부상신고,남,43세,화물차,상해없음,차대차 - 측면충돌,안전운전 의무 불이행,맑음,0,5
2018,서울특별시 송파구10,서울특별시 송파구 삼전동(잠실학원사거리 부근),2018-07-17,12시,경상,여,31세,자전거,상해없음,여,31세,보행자,경상,차대사람 - 보도통행중,기타,맑음,0,5
2018,서울특별시 송파구10,서울특별시 송파구 삼전동(잠실학원사거리 부근),2018-07-17,22시,경상,남,36세,자전거,경상,남,67세,승용차,상해없음,차대차 - 측면충돌,안전운전 의무 불이행,맑음,0,5
2018,서울특별시 송파구10,서울특별시 송파구 삼전동(잠실학원사거리 부근),2018-08-03,20시,경상,남,69세,자전거,경상,여,57세,자전거,상해없음,차대차 - 측면충돌,안전운전 의무 불이행,맑음,0,5
2018,서울특별시 송파구10,서울특별시 송파구 삼전동(잠실학원사거리 부근),2018-11-30,08시,부상신고,여,15세,자전거,부상신고,여,47세,승용차,상해없음,차대차 - 기타,기타,맑음,0,5
2018,서울특별시 송파구10,서울특별시 송파구 삼전동(잠실학원사거리 부근),2018-11-30,10시,경상,남,60세,승용차,상해없음,여,64세,자전거,경상,차대차 - 측면충돌,안전운전 의무 불이행,맑음,0,5
2018,서울특별시 송파구11,서울특별시 송파구 잠실동(탄천합수부 부근),2018-05-01,14시,중상,남,31세,자전거,기타불명,여,35세,자전거,중상,차대차 - 측면충돌,안전운전 의무 불이행,흐림,0,6
2018,서울특별시 송파구11,서울특별시 송파구 잠실동(탄천합수부 부근),2018-05-07,18시,중상,남,50세,승용차,상해없음,남,46세,자전거,중상,차대차 - 측면충돌,신호위반,맑음,0,6
2018,서울특별시 송파구11,서울특별시 송파구 잠실동(탄천합수부 부근),2018-06-10,17시,중상,남,13세,자전거,경상,남,44세,자전거,중상,차대차 - 측면충돌,안전운전 의무 불이행,맑음,0,6
2018,서울특별시 송파구11,서울특별시 송파구 잠실동(탄천합수부 부근),2018-07-07,16시,경상,남,55세,자전거,경상,남,63세,자전거,부상신고,차대차 - 정면충돌,안전운전 의무 불이행,맑음,0,6
2018,서울특별시 송파구12,서울특별시 송파구 잠실동(잠실선착장이랜드크루즈매표소 부근),2018-02-17,16시,중상,남,37세,자전거,상해없음,여,14세,보행자,중상,차대사람 - 횡단중,안전운전 의무 불이행,맑음,0,5
2018,서울특별시 송파구12,서울특별시 송파구 잠실동(잠실선착장이랜드크루즈매표소 부근),2018-03-10,15시,경상,남,12세,자전거,경상,남,47세,자전거,경상,차대차 - 측면충돌,안전운전 의무 불이행,맑음,0,5
2018,서울특별시 송파구12,서울특별시 송파구 잠실동(잠실선착장이랜드크루즈매표소 부근),2018-05-30,15시,중상,남,34세,자전거,상해없음,여,43세,자전거,중상,차대차 - 정면충돌,안전운전 의무 불이행,맑음,0,5
2018,서울특별시 송파구12,서울특별시 송파구 잠실동(잠실선착장이랜드크루즈매표소 부근),2018-09-27,18시,중상,여,21세,자전거,상해없음,남,44세,자전거,중상,차대차 - 기타,안전운전 의무 불이행,맑음,0,5
2018,서울특별시 송파구13,서울특별시 송파구 풍납동,2018-06-20,16시,중상,남,58세,건설기계,상해없음,남,67세,자전거,중상,차대차 - 측면충돌,안전운전 의무 불이행,맑음,0,6
2018,서울특별시 송파구13,서울특별시 송파구 풍납동,2018-06-29,16시,중상,남,59세,자전거,중상,남,50세,보행자,경상,차대사람 - 길가장자리구역통행중,안전운전 의무 불이행,맑음,0,6
2018,서울특별시 송파구13,서울특별시 송파구 풍납동,2018-09-01,18시,부상신고,남,63세,자전거,부상신고,여,25세,자전거,상해없음,차대차 - 추돌,안전운전 의무 불이행,맑음,0,6
2018,서울특별시 송파구13,서울특별시 송파구 풍납동,2018-09-22,10시,경상,남,51세,자전거,상해없음,여,39세,자전거,경상,차대차 - 기타,안전운전 의무 불이행,맑음,0,6
2018,서울특별시 송파구14,서울특별시 송파구 잠실동(아시아선수촌아파트삼거리 부근),2018-04-28,15시,부상신고,여,64세,자전거,부상신고,여,52세,승용차,상해없음,차대차 - 측면충돌,안전운전 의무 불이행,맑음,0,4
2018,서울특별시 송파구14,서울특별시 송파구 잠실동(아시아선수촌아파트삼거리 부근),2018-05-19,14시,중상,남,47세,승용차,상해없음,여,30세,자전거,중상,차대차 - 측면충돌,신호위반,맑음,0,4
2018,서울특별시 송파구14,서울특별시 송파구 잠실동(아시아선수촌아파트삼거리 부근),2018-07-16,14시,중상,남,23세,원동기장치자전거,상해없음,여,50세,자전거,중상,차대차 - 측면충돌,신호위반,맑음,0,4
2018,서울특별시 송파구14,서울특별시 송파구 잠실동(아시아선수촌아파트삼거리 부근),2018-10-19,18시,경상,기타불명,불명,불명,기타불명,남,37세,자전거,경상,차대차 - 기타,안전운전 의무 불이행,맑음,0,4
2018,서울특별시 송파구15,서울특별시 송파구 가락동(광평교사거리 부근),2018-01-28,06시,중상,남,70세,승용차,상해없음,여,48세,자전거,중상,차대차 - 측면충돌,안전운전 의무 불이행,맑음,0,4
2018,서울특별시 송파구15,서울특별시 송파구 가락동(광평교사거리 부근),2018-05-25,17시,경상,남,48세,자전거,상해없음,여,25세,자전거,경상,차대차 - 추돌,안전운전 의무 불이행,맑음,0,4
2018,서울특별시 송파구15,서울특별시 송파구 가락동(광평교사거리 부근),2018-06-20,22시,경상,여,61세,승용차,상해없음,남,45세,자전거,경상,차대차 - 기타,안전운전 의무 불이행,맑음,0,4
2018,서울특별시 송파구15,서울특별시 송파구 가락동(광평교사거리 부근),2018-10-02,16시,경상,여,53세,승용차,상해없음,여,29세,자전거,경상,차대차 - 측면충돌,안전운전 의무 불이행,맑음,0,4
2018,서울특별시 송파구16,서울특별시 송파구 오금동(거여동사거리 부근),2018-07-20,15시,부상신고,남,79세,자전거,부상신고,없음,불명,없음,없음,차량단독 - 기타,안전운전 의무 불이행,맑음,0,4
2018,서울특별시 송파구16,서울특별시 송파구 오금동(거여동사거리 부근),2018-08-08,06시,경상,여,53세,승합차,상해없음,남,64세,자전거,경상,차대차 - 측면충돌,교차로 통행방법 위반,맑음,0,4
2018,서울특별시 송파구16,서울특별시 송파구 오금동(거여동사거리 부근),2018-08-17,20시,경상,여,31세,화물차,상해없음,여,52세,자전거,경상,차대차 - 기타,안전운전 의무 불이행,맑음,0,4
2018,서울특별시 송파구16,서울특별시 송파구 오금동(거여동사거리 부근),2018-12-08,08시,중상,남,38세,승합차,상해없음,여,38세,자전거,중상,차대차 - 측면충돌,신호위반,맑음,0,4
2018,서울특별시 송파구17,서울특별시 송파구 가락동(롯데하이마트 가락점 부근),2018-03-19,16시,중상,남,36세,승용차,상해없음,여,52세,자전거,중상,차대차 - 측면충돌,신호위반,맑음,0,4
2018,서울특별시 송파구17,서울특별시 송파구 가락동(롯데하이마트 가락점 부근),2018-07-22,17시,경상,남,57세,승용차,상해없음,남,17세,자전거,경상,차대차 - 측면충돌,안전운전 의무 불이행,맑음,0,4
2018,서울특별시 송파구17,서울특별시 송파구 가락동(롯데하이마트 가락점 부근),2018-07-24,10시,부상신고,남,26세,승용차,상해없음,남,28세,자전거,부상신고,차대차 - 측면충돌,안전운전 의무 불이행,맑음,0,4
2018,서울특별시 송파구17,서울특별시 송파구 가락동(롯데하이마트 가락점 부근),2018-11-15,10시,부상신고,여,33세,자전거,부상신고,남,41세,승용차,상해없음,차대차 - 기타,안전운전 의무 불이행,맑음,0,4
2018,서울특별시 송파구18,서울특별시 송파구 잠실동(아시아선수촌아파트후문 부근),2018-01-28,14시,중상,남,83세,자전거,중상,남,44세,승용차,상해없음,차대차 - 측면충돌,안전운전 의무 불이행,맑음,0,4