사고년도,다발시군구,지점명,사고일시,사고시간대,사고등급,가해자성별,가해자연령,가해차종,가해자신체상해정도,피해자성별,피해자연령,피해차종,피해자신체상해정도,사고유형,가해자법규위반,기상상태,사망자수,부상자수
2018,서울특별시 송파구18,서울특별시 송파구 잠실동(아시아선수촌아파트후문 부근),2018-02-16,14시,부상신고,여,53세,승용차,상해없음,남,30세,자전거,부상신고,차대차 - 기타,안전운전 의무 불이행,맑음,0,4
2018,서울특별시 송파구18,서울특별시 송파구 잠실동(아시아선수촌아파트후문 부근),2018-02-22,16시,부상신고,남,11세,자전거,부상신고,여,47세,승용차,상해없음,차대차 - 측면충돌,기타,맑음,0,4
2018,서울특별시 송파구18,서울특별시 송파구 잠실동(아시아선수촌아파트후문 부근),2018-12-06,19시,경상,여,52세,승용차,상해없음,남,12세,자전거,경상,차대차 - 기타,안전운전 의무 불이행,맑음,0,4
2018,서울특별시 송파구19,서울특별시 송파구 방이동(올림픽대교남단사거리 부근),2018-01-27,16시,경상,남,38세,승용차,상해없음,남,59세,자전거,경상,차대차 - 측면충돌,안전운전 의무 불이행,맑음,0,4
2018,서울특별시 송파구19,서울특별시 송파구 방이동(올림픽대교남단사거리 부근),2018-05-20,16시,경상,남,62세,승용차,상해없음,남,45세,자전거,경상,차대차 - 측면충돌,교차로 통행방법 위반,맑음,0,4
2018,서울특별시 송파구19,서울특별시 송파구 방이동(올림픽대교남단사거리 부근),2018-08-14,22시,경상,남,55세,승용차,상해없음,남,31세,자전거,경상,차대차 - 측면충돌,신호위반,맑음,0,4
2018,서울특별시 송파구19,서울특별시 송파구 방이동(올림픽대교남단사거리 부근),2018-09-23,00시,경상,남,39세,자전거,상해없음,여,55세,자전거,경상,차대차 - 추돌,안전운전 의무 불이행,맑음,0,4
2018,서울특별시 송파구20,서울특별시 송파구 방이동(송파구청사거리 부근),2018-03-30,06시,경상,남,19세,자전거,경상,기타불명,불명,불명,기타불명,차대차 - 측면충돌,기타,맑음,0,4
2018,서울특별시 송파구20,서울특별시 송파구 방이동(송파구청사거리 부근),2018-05-13,14시,경상,남,16세,자전거,경상,남,36세,승용차,상해없음,차대차 - 정면충돌,안전운전 의무 불이행,맑음,0,4
2018,서울특별시 송파구20,서울특별시 송파구 방이동(송파구청사거리 부근),2018-08-10,12시,경상,남,68세,자전거,상해없음,남,46세,보행자,경상,차대사람 - 보도통행중,기타,맑음,0,4
2018,서울특별시 송파구20,서울특별시 송파구 방이동(송파구청사거리 부근),2018-10-18,01시,경상,남,64세,승용차,상해없음,남,24세,자전거,경상,차대차 - 측면충돌,신호위반,맑음,0,4
2018,서울특별시 송파구21,서울특별시 송파구 삼전동(배명사거리 부근),2018-01-02,21시,경상,남,52세,승용차,상해없음,여,62세,자전거,경상,차대차 - 측면충돌,안전운전 의무 불이행,맑음,0,4
2018,서울특별시 송파구21,서울특별시 송파구 삼전동(배명사거리 부근),2018-03-11,09시,경상,여,61세,승용차,상해없음,남,40세,자전거,경상,차대차 - 측면충돌,안전운전 의무 불이행,맑음,0,4
2018,서울특별시 송파구21,서울특별시 송파구 삼전동(배명사거리 부근),2018-07-16,21시,경상,남,44세,승용차,상해없음,남,15세,자전거,경상,차대차 - 기타,안전운전 의무 불이행,맑음,0,4
2018,서울특별시 송파구21,서울특별시 송파구 삼전동(배명사거리 부근),2018-11-11,17시,부상신고,여,70세,자전거,부상신고,남,55세,이륜차,상해없음,차대차 - 기타,안전운전 의무 불이행,맑음,0,4
2018,서울특별시 송파구22,서울특별시 송파구 방이동(둔촌사거리 부근),2018-01-10,19시,경상,남,56세,자전거,경상,남,66세,승합차,상해없음,차대차 - 측면충돌,기타,맑음,0,4
2018,서울특별시 송파구22,서울특별시 송파구 방이동(둔촌사거리 부근),2018-03-26,17시,부상신고,남,57세,자전거,부상신고,남,67세,승용차,상해없음,차대차 - 측면충돌,기타,맑음,0,4
2018,서울특별시 송파구22,서울특별시 송파구 방이동(둔촌사거리 부근),2018-06-10,14시,부상신고,남,21세,자전거,부상신고,남,70세,승용차,상해없음,차대차 - 측면충돌,안전운전 의무 불이행,맑음,0,4
2018,서울특별시 송파구22,서울특별시 송파구 방이동(둔촌사거리 부근),2018-07-28,15시,경상,남,42세,자전거,경상,남,42세,승합차,상해없음,차대차 - 측면충돌,안전거리 미확보,흐림,0,4
2018,서울특별시 강동구1,서울특별시 강동구 천호동(동신중학교정문 부근),2018-07-14,20시,부상신고,기타불명,불명,불명,기타불명,남,47세,자전거,부상신고,차대차 - 기타,안전운전 의무 불이행,맑음,0,7
2018,서울특별시 강동구1,서울특별시 강동구 천호동(동신중학교정문 부근),2018-08-08,08시,경상,여,37세,승용차,상해없음,여,56세,자전거,경상,차대차 - 측면충돌,안전운전 의무 불이행,맑음,0,7
2018,서울특별시 강동구1,서울특별시 강동구 천호동(동신중학교정문 부근),2018-09-13,17시,중상,남,71세,자전거,상해없음,남,65세,승용차,상해없음,차대차 - 기타,신호위반,흐림,0,7
2018,서울특별시 강동구1,서울특별시 강동구 천호동(동신중학교정문 부근),2018-09-15,16시,경상,남,67세,화물차,상해없음,남,35세,자전거,경상,차대차 - 측면충돌,신호위반,맑음,0,7
2018,서울특별시 강동구1,서울특별시 강동구 천호동(동신중학교정문 부근),2018-09-19,09시,경상,남,64세,승용차,상해없음,남,38세,자전거,경상,차대차 - 기타,기타,맑음,0,7
2018,서울특별시 강동구1,서울특별시 강동구 천호동(동신중학교정문 부근),2018-10-30,14시,중상,남,61세,승용차,상해없음,여,76세,자전거,중상,차대차 - 측면충돌,안전운전 의무 불이행,맑음,0,7
2018,서울특별시 강동구1,서울특별시 강동구 천호동(동신중학교정문 부근),2018-11-29,07시,부상신고,여,29세,자전거,부상신고,여,58세,승용차,상해없음,차대차 - 측면충돌,안전운전 의무 불이행,맑음,0,7
2018,서울특별시 강동구2,서울특별시 강동구 길동(길동사거리 부근),2018-01-05,19시,부상신고,남,57세,자전거,부상신고,없음,불명,없음,없음,차량단독 - 기타,안전운전 의무 불이행,맑음,0,7
2018,서울특별시 강동구2,서울특별시 강동구 길동(길동사거리 부근),2018-02-27,16시,경상,남,68세,자전거,상해없음,여,62세,보행자,경상,차대사람 - 기타,중앙선 침범,맑음,0,7
2018,서울특별시 강동구2,서울특별시 강동구 길동(길동사거리 부근),2018-05-15,19시,경상,기타불명,불명,자전거,기타불명,여,52세,보행자,경상,차대사람 - 기타,안전운전 의무 불이행,맑음,0,7
2018,서울특별시 강동구2,서울특별시 강동구 길동(길동사거리 부근),2018-08-21,08시,경상,남,45세,자전거,경상,남,72세,승용차,상해없음,차대차 - 측면충돌,안전운전 의무 불이행,맑음,0,7
2018,서울특별시 강동구2,서울특별시 강동구 길동(길동사거리 부근),2018-09-18,14시,경상,남,67세,승용차,상해없음,남,68세,자전거,경상,차대차 - 기타,안전운전 의무 불이행,맑음,0,7
2018,서울특별시 강동구2,서울특별시 강동구 길동(길동사거리 부근),2018-12-01,10시,중상,여,60세,승용차,상해없음,남,79세,자전거,중상,차대차 - 기타,교차로 통행방법 위반,흐림,0,7
2018,서울특별시 강동구2,서울특별시 강동구 길동(길동사거리 부근),2018-12-24,17시,경상,남,58세,자전거,경상,여,55세,승용차,상해없음,차대차 - 기타,중앙선 침범,맑음,0,7
2018,서울특별시 강동구3,서울특별시 강동구 천호동(한국타이어 동아상사 부근),2018-05-08,01시,경상,남,57세,자전거,경상,남,54세,자전거,경상,차대차 - 기타,안전운전 의무 불이행,맑음,0,6
2018,서울특별시 강동구3,서울특별시 강동구 천호동(한국타이어 동아상사 부근),2018-08-14,08시,부상신고,남,12세,자전거,부상신고,남,41세,승용차,상해없음,차대차 - 기타,안전운전 의무 불이행,맑음,0,6
2018,서울특별시 강동구3,서울특별시 강동구 천호동(한국타이어 동아상사 부근),2018-11-16,18시,경상,남,60세,자전거,경상,남,33세,승용차,상해없음,차대차 - 측면충돌,안전운전 의무 불이행,맑음,0,6
2018,서울특별시 강동구3,서울특별시 강동구 천호동(한국타이어 동아상사 부근),2018-11-26,16시,경상,기타불명,불명,자전거,기타불명,여,79세,보행자,경상,차대사람 - 보도통행중,안전운전 의무 불이행,맑음,0,6
2018,서울특별시 강동구3,서울특별시 강동구 천호동(한국타이어 동아상사 부근),2018-12-20,15시,부상신고,남,61세,자전거,부상신고,여,41세,승용차,상해없음,차대차 - 측면충돌,안전운전 의무 불이행,맑음,0,6
2018,서울특별시 강동구4,서울특별시 강동구 성내동(E1 경기에너지충전소 부근),2018-02-18,15시,부상신고,남,77세,자전거,부상신고,남,34세,승용차,상해없음,차대차 - 측면충돌,안전운전 의무 불이행,맑음,0,4
2018,서울특별시 강동구4,서울특별시 강동구 성내동(E1 경기에너지충전소 부근),2018-08-28,18시,경상,남,59세,화물차,상해없음,남,12세,자전거,경상,차대차 - 측면충돌,안전운전 의무 불이행,비,0,4
2018,서울특별시 강동구4,서울특별시 강동구 성내동(E1 경기에너지충전소 부근),2018-10-13,14시,중상,남,63세,승용차,상해없음,남,59세,자전거,중상,차대차 - 측면충돌,안전운전 의무 불이행,맑음,0,4
2018,서울특별시 강동구4,서울특별시 강동구 성내동(E1 경기에너지충전소 부근),2018-11-17,11시,경상,남,65세,승용차,상해없음,남,49세,자전거,경상,차대차 - 기타,안전운전 의무 불이행,맑음,0,4
2018,서울특별시 강동구5,서울특별시 강동구 천호동(천호시장입구 부근),2018-04-19,19시,경상,남,56세,승용차,상해없음,남,59세,자전거,경상,차대차 - 측면충돌,안전운전 의무 불이행,맑음,0,5
2018,서울특별시 강동구5,서울특별시 강동구 천호동(천호시장입구 부근),2018-06-02,17시,부상신고,남,79세,자전거,부상신고,남,68세,승용차,상해없음,차대차 - 추돌,기타,맑음,0,5
2018,서울특별시 강동구5,서울특별시 강동구 천호동(천호시장입구 부근),2018-06-10,21시,부상신고,남,48세,승용차,상해없음,남,26세,자전거,부상신고,차대차 - 측면충돌,안전운전 의무 불이행,맑음,0,5
2018,서울특별시 강동구5,서울특별시 강동구 천호동(천호시장입구 부근),2018-12-01,12시,경상,남,25세,화물차,상해없음,여,57세,자전거,경상,차대차 - 측면충돌,안전운전 의무 불이행,맑음,0,5
2018,부산광역시 부산진구1,부산광역시 부산진구 양정동(하마정교차로 부근),2018-05-01,15시,경상,남,48세,화물차,상해없음,남,76세,자전거,경상,차대차 - 측면충돌,안전운전 의무 불이행,맑음,0,5
2018,부산광역시 부산진구1,부산광역시 부산진구 양정동(하마정교차로 부근),2018-05-02,16시,부상신고,남,41세,자전거,부상신고,남,38세,승용차,상해없음,차대차 - 기타,기타,흐림,0,5
2018,부산광역시 부산진구1,부산광역시 부산진구 양정동(하마정교차로 부근),2018-06-24,14시,경상,여,47세,승용차,상해없음,남,62세,자전거,경상,차대차 - 기타,안전운전 의무 불이행,맑음,0,5
2018,부산광역시 부산진구1,부산광역시 부산진구 양정동(하마정교차로 부근),2018-08-21,18시,경상,여,61세,승용차,상해없음,남,85세,자전거,경상,차대차 - 기타,신호위반,맑음,0,5
2018,부산광역시 부산진구1,부산광역시 부산진구 양정동(하마정교차로 부근),2018-10-04,09시,경상,남,72세,승용차,기타불명,남,66세,자전거,경상,차대차 - 기타,신호위반,맑음,0,5
2018,부산광역시 동래구1,부산광역시 동래구 복천동(CU 동래오렌지점 부근),2018-02-21,12시,부상신고,남,68세,자전거,부상신고,남,34세,원동기장치자전거,상해없음,차대차 - 추돌,안전운전 의무 불이행,맑음,1,3
2018,부산광역시 동래구1,부산광역시 동래구 복천동(CU 동래오렌지점 부근),2018-02-27,13시,중상,남,64세,건설기계,상해없음,여,47세,자전거,중상,차대차 - 추돌,안전운전 의무 불이행,맑음,1,3
2018,부산광역시 동래구1,부산광역시 동래구 복천동(CU 동래오렌지점 부근),2018-07-12,13시,사망,여,48세,승용차,상해없음,여,52세,자전거,사망,차대차 - 기타,교차로 통행방법 위반,맑음,1,3
2018,부산광역시 동래구1,부산광역시 동래구 복천동(CU 동래오렌지점 부근),2018-08-30,09시,경상,여,37세,승용차,상해없음,남,71세,자전거,경상,차대차 - 측면충돌,안전운전 의무 불이행,맑음,1,3
2018,부산광역시 동래구2,부산광역시 동래구 사직동(사직삼거리 부근),2018-01-20,18시,중상,남,27세,특수차,상해없음,남,49세,자전거,중상,차대차 - 측면충돌,신호위반,맑음,0,4
2018,부산광역시 동래구2,부산광역시 동래구 사직동(사직삼거리 부근),2018-05-11,20시,중상,남,31세,이륜차,상해없음,남,50세,자전거,중상,차대차 - 측면충돌,안전운전 의무 불이행,맑음,0,4
2018,부산광역시 동래구2,부산광역시 동래구 사직동(사직삼거리 부근),2018-08-03,17시,경상,남,50세,승용차,상해없음,남,16세,자전거,경상,차대차 - 측면충돌,교차로 통행방법 위반,맑음,0,4
2018,부산광역시 동래구2,부산광역시 동래구 사직동(사직삼거리 부근),2018-10-31,20시,중상,여,61세,승용차,상해없음,남,67세,자전거,중상,차대차 - 측면충돌,안전운전 의무 불이행,맑음,0,4
2018,부산광역시 동래구3,부산광역시 동래구 온천동(동래역 부근),2018-06-09,10시,중상,남,37세,화물차,상해없음,남,26세,자전거,중상,차대차 - 측면충돌,안전운전 의무 불이행,맑음,0,5
2018,부산광역시 동래구3,부산광역시 동래구 온천동(동래역 부근),2018-11-04,16시,부상신고,남,13세,자전거,부상신고,남,34세,승용차,상해없음,차대차 - 측면충돌,안전운전 의무 불이행,맑음,0,5
2018,부산광역시 동래구3,부산광역시 동래구 온천동(동래역 부근),2018-11-09,17시,경상,남,76세,자전거,경상,남,46세,승합차,상해없음,차대차 - 측면충돌,안전운전 의무 불이행,맑음,0,5
2018,부산광역시 동래구3,부산광역시 동래구 온천동(동래역 부근),2018-12-04,21시,경상,남,17세,이륜차,부상신고,남,14세,자전거,경상,차대차 - 측면충돌,안전거리 미확보,맑음,0,5
2018,부산광역시 사하구1,부산광역시 사하구 하단동(을숙도휴게소삼거리 부근),2018-03-02,16시,경상,남,63세,자전거,경상,여,67세,승용차,상해없음,차대차 - 기타,안전운전 의무 불이행,맑음,0,4
2018,부산광역시 사하구1,부산광역시 사하구 하단동(을숙도휴게소삼거리 부근),2018-05-26,14시,경상,여,36세,승용차,상해없음,남,63세,자전거,경상,차대차 - 측면충돌,안전운전 의무 불이행,맑음,0,4
2018,부산광역시 사하구1,부산광역시 사하구 하단동(을숙도휴게소삼거리 부근),2018-07-20,12시,중상,남,71세,자전거,중상,남,24세,승용차,상해없음,차대차 - 기타,안전운전 의무 불이행,맑음,0,4
2018,부산광역시 사하구1,부산광역시 사하구 하단동(을숙도휴게소삼거리 부근),2018-09-05,09시,중상,남,68세,승용차,상해없음,남,66세,자전거,중상,차대차 - 기타,안전운전 의무 불이행,맑음,0,4
2018,부산광역시 수영구1,부산광역시 수영구 광안동(롯데골드로즈 부근),2018-07-11,09시,부상신고,남,62세,승용차,상해없음,여,58세,자전거,부상신고,차대차 - 기타,안전운전 의무 불이행,맑음,0,4
2018,부산광역시 수영구1,부산광역시 수영구 광안동(롯데골드로즈 부근),2018-09-25,10시,중상,남,33세,승용차,상해없음,남,65세,자전거,중상,차대차 - 측면충돌,교차로 통행방법 위반,맑음,0,4
2018,부산광역시 수영구1,부산광역시 수영구 광안동(롯데골드로즈 부근),2018-10-26,19시,부상신고,남,71세,자전거,부상신고,남,45세,승합차,상해없음,차대차 - 추돌,안전운전 의무 불이행,맑음,0,4
2018,부산광역시 수영구1,부산광역시 수영구 광안동(롯데골드로즈 부근),2018-12-13,08시,중상,남,31세,승용차,상해없음,남,34세,자전거,중상,차대차 - 측면충돌,안전운전 의무 불이행,맑음,0,4
2018,대구광역시 중구1,대구광역시 중구 수동(으뜸병원 부근),2018-05-21,15시,경상,여,64세,자전거,경상,여,50세,승용차,상해없음,차대차 - 기타,기타,맑음,0,6
2018,대구광역시 중구1,대구광역시 중구 수동(으뜸병원 부근),2018-06-02,14시,경상,남,35세,자전거,기타불명,남,5세,보행자,경상,차대사람 - 기타,기타,맑음,0,6
2018,대구광역시 중구1,대구광역시 중구 수동(으뜸병원 부근),2018-06-06,16시,부상신고,남,30세,자전거,상해없음,남,59세,승용차,상해없음,차대차 - 측면충돌,안전운전 의무 불이행,맑음,0,6
2018,대구광역시 중구1,대구광역시 중구 수동(으뜸병원 부근),2018-07-29,23시,경상,여,58세,승용차,상해없음,남,23세,자전거,경상,차대차 - 측면충돌,안전운전 의무 불이행,맑음,0,6
2018,대구광역시 중구1,대구광역시 중구 수동(으뜸병원 부근),2018-10-10,16시,중상,남,66세,자전거,상해없음,여,56세,보행자,중상,차대사람 - 보도통행중,기타,맑음,0,6
2018,대구광역시 중구1,대구광역시 중구 수동(으뜸병원 부근),2018-11-14,19시,경상,남,35세,자전거,경상,여,38세,승용차,상해없음,차대차 - 측면충돌,중앙선 침범,맑음,0,6
2018,대구광역시 중구2,대구광역시 중구 서성로1가(영신타올1호점제일상사 부근),2018-05-08,15시,중상,남,56세,자전거,중상,남,57세,승합차,상해없음,차대차 - 측면충돌,안전운전 의무 불이행,맑음,0,6
2018,대구광역시 중구2,대구광역시 중구 서성로1가(영신타올1호점제일상사 부근),2018-09-23,21시,중상,남,56세,승용차,상해없음,남,30세,자전거,중상,차대차 - 측면충돌,안전운전 의무 불이행,맑음,0,6
2018,대구광역시 중구2,대구광역시 중구 서성로1가(영신타올1호점제일상사 부근),2018-10-12,16시,중상,여,62세,자전거,중상,여,58세,승용차,경상,차대차 - 측면충돌,안전운전 의무 불이행,맑음,0,6
2018,대구광역시 중구2,대구광역시 중구 서성로1가(영신타올1호점제일상사 부근),2018-10-27,12시,부상신고,남,25세,자전거,상해없음,여,46세,보행자,부상신고,차대사람 - 기타,안전운전 의무 불이행,맑음,0,6
2018,대구광역시 중구2,대구광역시 중구 서성로1가(영신타올1호점제일상사 부근),2018-11-16,18시,부상신고,남,41세,자전거,부상신고,여,53세,승용차,상해없음,차대차 - 측면충돌,기타,맑음,0,6
2018,대구광역시 중구3,대구광역시 중구 대신동(방천시장 부근),2018-03-26,08시,경상,남,17세,자전거,경상,남,57세,화물차,상해없음,차대차 - 측면충돌,안전운전 의무 불이행,맑음,0,5
2018,대구광역시 중구3,대구광역시 중구 대신동(방천시장 부근),2018-03-30,10시,부상신고,남,79세,자전거,부상신고,남,42세,승용차,상해없음,차대차 - 측면충돌,안전거리 미확보,맑음,0,5
2018,대구광역시 중구3,대구광역시 중구 대신동(방천시장 부근),2018-06-11,14시,중상,여,42세,승용차,상해없음,남,53세,자전거,중상,차대차 - 측면충돌,신호위반,맑음,0,5
2018,대구광역시 중구3,대구광역시 중구 대신동(방천시장 부근),2018-11-18,17시,중상,남,29세,화물차,상해없음,남,72세,자전거,중상,차대차 - 측면충돌,기타,맑음,0,5
2018,대구광역시 중구3,대구광역시 중구 대신동(방천시장 부근),2018-12-17,19시,중상,남,40세,승용차,상해없음,남,68세,자전거,중상,차대차 - 기타,안전운전 의무 불이행,맑음,0,5
2018,대구광역시 중구4,대구광역시 중구 달성동(부촌식당 부근),2018-01-25,19시,중상,남,53세,승용차,상해없음,여,83세,자전거,중상,차대차 - 측면충돌,안전운전 의무 불이행,맑음,0,5
2018,대구광역시 중구4,대구광역시 중구 달성동(부촌식당 부근),2018-02-17,16시,부상신고,남,65세,자전거,부상신고,남,73세,승용차,상해없음,차대차 - 측면충돌,안전운전 의무 불이행,맑음,0,5
2018,대구광역시 중구4,대구광역시 중구 달성동(부촌식당 부근),2018-03-31,10시,중상,남,45세,화물차,상해없음,남,79세,자전거,중상,차대차 - 측면충돌,기타,맑음,0,5
2018,대구광역시 중구4,대구광역시 중구 달성동(부촌식당 부근),2018-07-20,07시,경상,여,43세,승용차,상해없음,여,67세,자전거,경상,차대차 - 측면충돌,기타,맑음,0,5
2018,대구광역시 중구4,대구광역시 중구 달성동(부촌식당 부근),2018-10-29,16시,경상,남,79세,승용차,상해없음,남,75세,자전거,경상,차대차 - 기타,안전운전 의무 불이행,맑음,0,5
2018,대구광역시 중구5,대구광역시 중구 태평로1가(라이프상가아파트 부근),2018-03-29,10시,중상,남,47세,승용차,상해없음,남,63세,자전거,중상,차대차 - 측면충돌,안전운전 의무 불이행,맑음,0,4
2018,대구광역시 중구5,대구광역시 중구 태평로1가(라이프상가아파트 부근),2018-09-03,15시,경상,남,44세,자전거,경상,남,70세,승용차,상해없음,차대차 - 기타,안전운전 의무 불이행,맑음,0,4
2018,대구광역시 중구5,대구광역시 중구 태평로1가(라이프상가아파트 부근),2018-10-24,09시,경상,남,63세,승용차,상해없음,남,65세,자전거,경상,차대차 - 기타,신호위반,맑음,0,4
2018,대구광역시 중구5,대구광역시 중구 태평로1가(라이프상가아파트 부근),2018-12-09,09시,부상신고,남,47세,자전거,부상신고,여,61세,승용차,상해없음,차대차 - 측면충돌,안전운전 의무 불이행,맑음,0,4
2018,대구광역시 중구6,대구광역시 중구 달성동(달성네거리 부근),2018-01-25,20시,중상,기타불명,불명,불명,기타불명,여,60세,자전거,중상,차대차 - 측면충돌,안전운전 의무 불이행,맑음,0,4
2018,대구광역시 중구6,대구광역시 중구 달성동(달성네거리 부근),2018-05-01,11시,부상신고,남,66세,자전거,부상신고,남,58세,승용차,상해없음,차대차 - 측면충돌,기타,맑음,0,4
2018,대구광역시 중구6,대구광역시 중구 달성동(달성네거리 부근),2018-05-09,14시,경상,남,58세,승합차,상해없음,남,80세,자전거,경상,차대차 - 기타,신호위반,맑음,0,4
2018,대구광역시 중구6,대구광역시 중구 달성동(달성네거리 부근),2018-10-12,15시,부상신고,남,67세,자전거,부상신고,남,25세,화물차,상해없음,차대차 - 측면충돌,안전운전 의무 불이행,맑음,0,4
2018,대구광역시 동구1,대구광역시 동구 신암동(동구청주차장입구 부근),2018-08-17,14시,경상,여,51세,승용차,상해없음,남,61세,자전거,경상,차대차 - 기타,안전운전 의무 불이행,맑음,1,5
2018,대구광역시 동구1,대구광역시 동구 신암동(동구청주차장입구 부근),2018-08-22,06시,사망,남,63세,화물차,상해없음,남,63세,자전거,사망,차대차 - 기타,신호위반,맑음,1,5
2018,대구광역시 동구1,대구광역시 동구 신암동(동구청주차장입구 부근),2018-09-23,14시,경상,남,23세,자전거,경상,여,50세,승용차,상해없음,차대차 - 측면충돌,안전운전 의무 불이행,맑음,1,5
2018,대구광역시 동구1,대구광역시 동구 신암동(동구청주차장입구 부근),2018-09-26,08시,부상신고,남,64세,자전거,부상신고,여,51세,승용차,상해없음,차대차 - 기타,안전운전 의무 불이행,맑음,1,5
2018,대구광역시 동구1,대구광역시 동구 신암동(동구청주차장입구 부근),2018-10-16,10시,경상,남,63세,승용차,상해없음,남,66세,자전거,경상,차대차 - 측면충돌,안전운전 의무 불이행,맑음,1,5
2018,대구광역시 동구1,대구광역시 동구 신암동(동구청주차장입구 부근),2018-12-31,10시,중상,여,38세,승용차,상해없음,남,78세,자전거,중상,차대차 - 측면충돌,안전운전 의무 불이행,맑음,1,5
2018,대구광역시 동구2,대구광역시 동구 입석동(입석네거리 부근),2018-02-23,22시,부상신고,남,25세,자전거,부상신고,남,18세,승용차,상해없음,차대차 - 측면충돌,안전운전 의무 불이행,맑음,0,5
2018,대구광역시 동구2,대구광역시 동구 입석동(입석네거리 부근),2018-08-01,20시,중상,남,22세,승용차,상해없음,남,74세,자전거,중상,차대차 - 측면충돌,안전운전 의무 불이행,맑음,0,5
2018,대구광역시 동구2,대구광역시 동구 입석동(입석네거리 부근),2018-08-13,09시,중상,남,35세,승용차,상해없음,여,28세,자전거,중상,차대차 - 측면충돌,안전운전 의무 불이행,맑음,0,5
2018,대구광역시 동구2,대구광역시 동구 입석동(입석네거리 부근),2018-09-11,01시,부상신고,남,54세,자전거,부상신고,남,53세,승용차,상해없음,차대차 - 기타,안전운전 의무 불이행,맑음,0,5
2018,대구광역시 동구2,대구광역시 동구 입석동(입석네거리 부근),2018-11-03,06시,중상,남,63세,화물차,상해없음,남,80세,자전거,중상,차대차 - 측면충돌,안전운전 의무 불이행,맑음,0,5
2018,대구광역시 동구3,대구광역시 동구 동호동(반야월네거리 부근),2018-03-11,15시,경상,남,30세,승용차,상해없음,남,11세,자전거,경상,차대차 - 기타,안전운전 의무 불이행,맑음,0,5
2018,대구광역시 동구3,대구광역시 동구 동호동(반야월네거리 부근),2018-04-18,09시,경상,남,71세,승용차,상해없음,여,35세,자전거,경상,차대차 - 측면충돌,신호위반,맑음,0,5
2018,대구광역시 동구3,대구광역시 동구 동호동(반야월네거리 부근),2018-05-05,14시,중상,여,47세,승용차,상해없음,남,79세,자전거,중상,차대차 - 측면충돌,안전운전 의무 불이행,맑음,0,5
2018,대구광역시 동구3,대구광역시 동구 동호동(반야월네거리 부근),2018-06-06,05시,중상,남,49세,승용차,상해없음,남,74세,자전거,중상,차대차 - 기타,신호위반,맑음,0,5
2018,대구광역시 동구3,대구광역시 동구 동호동(반야월네거리 부근),2018-10-12,23시,경상,남,46세,승용차,상해없음,남,21세,자전거,경상,차대차 - 측면충돌,안전운전 의무 불이행,맑음,0,5
2018,대구광역시 동구4,대구광역시 동구 신기동(안심1동행정복지센터 부근),2018-04-18,18시,부상신고,남,56세,이륜차,상해없음,남,8세,자전거,부상신고,차대차 - 측면충돌,교차로 통행방법 위반,맑음,0,5
2018,대구광역시 동구4,대구광역시 동구 신기동(안심1동행정복지센터 부근),2018-06-11,14시,경상,여,51세,승용차,상해없음,남,80세,자전거,경상,차대차 - 기타,교차로 통행방법 위반,맑음,0,5
2018,대구광역시 동구4,대구광역시 동구 신기동(안심1동행정복지센터 부근),2018-06-21,17시,중상,남,44세,승용차,상해없음,남,54세,자전거,중상,차대차 - 측면충돌,안전거리 미확보,맑음,0,5
2018,대구광역시 동구4,대구광역시 동구 신기동(안심1동행정복지센터 부근),2018-09-05,12시,중상,남,44세,자전거,중상,여,40세,승용차,상해없음,차대차 - 측면충돌,안전운전 의무 불이행,맑음,0,5
2018,대구광역시 동구4,대구광역시 동구 신기동(안심1동행정복지센터 부근),2018-09-10,08시,경상,남,38세,승용차,상해없음,남,71세,자전거,경상,차대차 - 기타,기타,맑음,0,5
2018,대구광역시 동구5,대구광역시 동구 효목동(아양네거리 부근),2018-03-07,08시,중상,남,56세,승합차,상해없음,여,70세,자전거,중상,차대차 - 기타,안전운전 의무 불이행,맑음,0,5
2018,대구광역시 동구5,대구광역시 동구 효목동(아양네거리 부근),2018-06-15,07시,중상,여,59세,자전거,경상,여,64세,자전거,중상,차대차 - 측면충돌,안전운전 의무 불이행,맑음,0,5
2018,대구광역시 동구5,대구광역시 동구 효목동(아양네거리 부근),2018-08-11,18시,부상신고,남,47세,자전거,부상신고,남,72세,자전거,상해없음,차대차 - 추돌,안전운전 의무 불이행,맑음,0,5
2018,대구광역시 동구5,대구광역시 동구 효목동(아양네거리 부근),2018-10-17,18시,중상,남,65세,자전거,중상,여,49세,승용차,상해없음,차대차 - 기타,안전운전 의무 불이행,맑음,0,5
2018,대구광역시 서구1,대구광역시 서구 비산동(비산지하차도 부근),2018-05-10,11시,중상,남,74세,자전거,중상,남,69세,승용차,상해없음,차대차 - 측면충돌,안전운전 의무 불이행,맑음,0,7
2018,대구광역시 서구1,대구광역시 서구 비산동(비산지하차도 부근),2018-05-12,06시,경상,남,51세,건설기계,상해없음,남,69세,자전거,경상,차대차 - 측면충돌,안전운전 의무 불이행,맑음,0,7
2018,대구광역시 서구1,대구광역시 서구 비산동(비산지하차도 부근),2018-06-08,14시,경상,남,42세,화물차,상해없음,남,14세,자전거,경상,차대차 - 측면충돌,신호위반,맑음,0,7