사고년도,다발시군구,지점명,사고일시,사고시간대,사고등급,가해자성별,가해자연령,가해차종,가해자신체상해정도,피해자성별,피해자연령,피해차종,피해자신체상해정도,사고유형,가해자법규위반,기상상태,사망자수,부상자수
2018,대구광역시 서구1,대구광역시 서구 비산동(비산지하차도 부근),2018-06-24,01시,중상,남,37세,자전거,중상,없음,불명,없음,없음,차량단독 - 전도,안전운전 의무 불이행,맑음,0,7
2018,대구광역시 서구1,대구광역시 서구 비산동(비산지하차도 부근),2018-07-16,11시,중상,남,78세,자전거,중상,없음,불명,없음,없음,차량단독 - 전도,안전운전 의무 불이행,맑음,0,7
2018,대구광역시 서구1,대구광역시 서구 비산동(비산지하차도 부근),2018-08-20,17시,중상,남,67세,화물차,상해없음,여,64세,자전거,중상,차대차 - 측면충돌,안전운전 의무 불이행,맑음,0,7
2018,대구광역시 서구1,대구광역시 서구 비산동(비산지하차도 부근),2018-08-25,17시,중상,남,50세,승용차,상해없음,남,42세,자전거,중상,차대차 - 기타,교차로 통행방법 위반,맑음,0,7
2018,대구광역시 서구2,대구광역시 서구 비산동(북부정류장사거리 부근),2018-02-08,19시,중상,남,44세,승용차,상해없음,남,67세,자전거,중상,차대차 - 측면충돌,안전운전 의무 불이행,맑음,0,8
2018,대구광역시 서구2,대구광역시 서구 비산동(북부정류장사거리 부근),2018-04-10,07시,경상,여,45세,자전거,경상,남,57세,화물차,경상,차대차 - 측면충돌,신호위반,맑음,0,8
2018,대구광역시 서구2,대구광역시 서구 비산동(북부정류장사거리 부근),2018-05-05,13시,경상,남,56세,승용차,상해없음,남,65세,자전거,경상,차대차 - 측면충돌,기타,맑음,0,8
2018,대구광역시 서구2,대구광역시 서구 비산동(북부정류장사거리 부근),2018-06-05,17시,경상,남,14세,자전거,상해없음,여,41세,보행자,경상,차대사람 - 차도통행중,안전운전 의무 불이행,맑음,0,8
2018,대구광역시 서구2,대구광역시 서구 비산동(북부정류장사거리 부근),2018-06-23,08시,중상,남,49세,화물차,상해없음,남,48세,자전거,중상,차대차 - 측면충돌,안전운전 의무 불이행,맑음,0,8
2018,대구광역시 서구2,대구광역시 서구 비산동(북부정류장사거리 부근),2018-08-07,10시,경상,남,62세,승용차,상해없음,여,31세,자전거,경상,차대차 - 기타,기타,맑음,0,8
2018,대구광역시 서구2,대구광역시 서구 비산동(북부정류장사거리 부근),2018-10-16,18시,경상,남,57세,승용차,상해없음,남,57세,자전거,경상,차대차 - 기타,기타,맑음,0,8
2018,대구광역시 서구3,대구광역시 서구 내당동(반고개네거리 부근),2018-02-15,19시,사망,여,28세,승용차,상해없음,남,45세,자전거,사망,차대차 - 측면충돌,안전운전 의무 불이행,맑음,1,5
2018,대구광역시 서구3,대구광역시 서구 내당동(반고개네거리 부근),2018-02-21,07시,경상,남,61세,승용차,상해없음,여,72세,자전거,경상,차대차 - 기타,안전운전 의무 불이행,맑음,1,5
2018,대구광역시 서구3,대구광역시 서구 내당동(반고개네거리 부근),2018-06-21,22시,경상,남,27세,승용차,상해없음,여,42세,자전거,경상,차대차 - 측면충돌,기타,맑음,1,5
2018,대구광역시 서구3,대구광역시 서구 내당동(반고개네거리 부근),2018-08-18,11시,부상신고,남,29세,승용차,상해없음,남,56세,자전거,부상신고,차대차 - 기타,안전운전 의무 불이행,맑음,1,5
2018,대구광역시 서구3,대구광역시 서구 내당동(반고개네거리 부근),2018-11-15,07시,부상신고,남,58세,자전거,부상신고,남,47세,화물차,상해없음,차대차 - 측면충돌,안전운전 의무 불이행,맑음,1,5
2018,대구광역시 서구3,대구광역시 서구 내당동(반고개네거리 부근),2018-12-01,07시,경상,여,74세,자전거,경상,여,56세,승용차,상해없음,차대차 - 측면충돌,안전거리 미확보,맑음,1,5
2018,대구광역시 서구4,대구광역시 서구 평리동(남평리네거리 부근),2018-01-13,13시,경상,남,36세,승용차,상해없음,남,32세,자전거,경상,차대차 - 측면충돌,교차로 통행방법 위반,맑음,0,6
2018,대구광역시 서구4,대구광역시 서구 평리동(남평리네거리 부근),2018-03-06,13시,경상,남,86세,자전거,경상,남,51세,화물차,상해없음,차대차 - 측면충돌,안전운전 의무 불이행,맑음,0,6
2018,대구광역시 서구4,대구광역시 서구 평리동(남평리네거리 부근),2018-03-28,09시,경상,남,57세,화물차,상해없음,남,73세,자전거,경상,차대차 - 기타,기타,맑음,0,6
2018,대구광역시 서구4,대구광역시 서구 평리동(남평리네거리 부근),2018-06-12,07시,경상,남,14세,자전거,경상,남,48세,승용차,상해없음,차대차 - 기타,안전운전 의무 불이행,맑음,0,6
2018,대구광역시 서구4,대구광역시 서구 평리동(남평리네거리 부근),2018-10-01,08시,부상신고,남,41세,자전거,부상신고,여,28세,승용차,상해없음,차대차 - 측면충돌,중앙선 침범,맑음,0,6
2018,대구광역시 서구4,대구광역시 서구 평리동(남평리네거리 부근),2018-11-01,18시,부상신고,남,67세,승용차,상해없음,여,25세,자전거,부상신고,차대차 - 측면충돌,기타,맑음,0,6
2018,대구광역시 서구5,대구광역시 서구 비산동(비산네거리 부근),2018-04-24,11시,중상,남,60세,승용차,상해없음,여,50세,자전거,중상,차대차 - 측면충돌,안전운전 의무 불이행,맑음,0,5
2018,대구광역시 서구5,대구광역시 서구 비산동(비산네거리 부근),2018-04-25,15시,경상,남,79세,자전거,경상,남,53세,승용차,상해없음,차대차 - 측면충돌,안전운전 의무 불이행,맑음,0,5
2018,대구광역시 서구5,대구광역시 서구 비산동(비산네거리 부근),2018-04-30,08시,경상,여,39세,승용차,상해없음,남,44세,자전거,경상,차대차 - 측면충돌,안전운전 의무 불이행,맑음,0,5
2018,대구광역시 서구5,대구광역시 서구 비산동(비산네거리 부근),2018-07-07,10시,중상,남,37세,화물차,상해없음,여,64세,자전거,중상,차대차 - 기타,안전운전 의무 불이행,맑음,0,5
2018,대구광역시 서구5,대구광역시 서구 비산동(비산네거리 부근),2018-10-28,20시,부상신고,남,71세,자전거,부상신고,남,34세,승용차,상해없음,차대차 - 기타,안전운전 의무 불이행,맑음,0,5
2018,대구광역시 서구6,대구광역시 서구 비산동(북비산네거리 부근),2018-07-04,06시,경상,남,55세,승용차,상해없음,남,56세,자전거,경상,차대차 - 기타,안전운전 의무 불이행,맑음,0,6
2018,대구광역시 서구6,대구광역시 서구 비산동(북비산네거리 부근),2018-07-21,07시,경상,여,25세,승용차,상해없음,남,70세,자전거,경상,차대차 - 측면충돌,안전운전 의무 불이행,맑음,0,6
2018,대구광역시 서구6,대구광역시 서구 비산동(북비산네거리 부근),2018-10-24,19시,경상,기타불명,불명,불명,기타불명,남,13세,자전거,경상,차대차 - 기타,안전운전 의무 불이행,맑음,0,6
2018,대구광역시 서구6,대구광역시 서구 비산동(북비산네거리 부근),2018-11-03,13시,경상,남,27세,화물차,상해없음,여,68세,자전거,경상,차대차 - 기타,안전운전 의무 불이행,맑음,0,6
2018,대구광역시 서구6,대구광역시 서구 비산동(북비산네거리 부근),2018-12-21,04시,경상,남,73세,승용차,상해없음,남,60세,자전거,경상,차대차 - 측면충돌,안전운전 의무 불이행,맑음,0,6
2018,대구광역시 서구7,대구광역시 서구 내당동(삼정빌딩 부근),2018-04-24,17시,중상,남,28세,자전거,중상,남,29세,승용차,상해없음,차대차 - 측면충돌,안전운전 의무 불이행,맑음,0,4
2018,대구광역시 서구7,대구광역시 서구 내당동(삼정빌딩 부근),2018-05-08,00시,경상,기타불명,불명,불명,기타불명,남,25세,자전거,경상,차대차 - 측면충돌,신호위반,맑음,0,4
2018,대구광역시 서구7,대구광역시 서구 내당동(삼정빌딩 부근),2018-05-21,15시,중상,여,49세,승용차,상해없음,남,24세,자전거,중상,차대차 - 기타,안전운전 의무 불이행,맑음,0,4
2018,대구광역시 서구7,대구광역시 서구 내당동(삼정빌딩 부근),2018-09-09,11시,중상,남,69세,승용차,상해없음,남,31세,자전거,중상,차대차 - 정면충돌,신호위반,맑음,0,4
2018,대구광역시 남구1,대구광역시 남구 대명동(현충로역 부근),2018-03-22,13시,경상,남,85세,승용차,상해없음,여,63세,자전거,경상,차대차 - 측면충돌,신호위반,맑음,1,3
2018,대구광역시 남구1,대구광역시 남구 대명동(현충로역 부근),2018-07-11,09시,중상,남,21세,자전거,상해없음,여,71세,보행자,중상,차대사람 - 횡단중,신호위반,맑음,1,3
2018,대구광역시 남구1,대구광역시 남구 대명동(현충로역 부근),2018-09-18,09시,중상,남,61세,승용차,상해없음,여,60세,자전거,중상,차대차 - 측면충돌,안전운전 의무 불이행,맑음,1,3
2018,대구광역시 남구1,대구광역시 남구 대명동(현충로역 부근),2018-10-04,14시,사망,남,57세,승용차,상해없음,남,73세,자전거,사망,차대차 - 측면충돌,안전운전 의무 불이행,맑음,1,3
2018,대구광역시 남구2,대구광역시 남구 이천동(대봉교역 부근),2018-05-28,20시,중상,여,45세,승용차,상해없음,남,71세,자전거,중상,차대차 - 측면충돌,안전운전 의무 불이행,맑음,0,4
2018,대구광역시 남구2,대구광역시 남구 이천동(대봉교역 부근),2018-06-10,01시,경상,남,51세,승용차,상해없음,남,26세,자전거,경상,차대차 - 측면충돌,안전운전 의무 불이행,맑음,0,4
2018,대구광역시 남구2,대구광역시 남구 이천동(대봉교역 부근),2018-06-18,08시,중상,남,64세,자전거,중상,기타불명,불명,불명,기타불명,차대차 - 측면충돌,안전운전 의무 불이행,맑음,0,4
2018,대구광역시 남구2,대구광역시 남구 이천동(대봉교역 부근),2018-10-28,10시,중상,여,60세,승용차,상해없음,남,71세,자전거,중상,차대차 - 측면충돌,안전운전 의무 불이행,맑음,0,4
2018,대구광역시 남구3,대구광역시 남구 대명동(수도맨션 부근),2018-03-07,05시,경상,남,65세,승용차,상해없음,남,77세,자전거,경상,차대차 - 측면충돌,안전운전 의무 불이행,맑음,0,4
2018,대구광역시 남구3,대구광역시 남구 대명동(수도맨션 부근),2018-08-30,08시,중상,여,41세,승용차,상해없음,남,58세,자전거,중상,차대차 - 기타,교차로 통행방법 위반,맑음,0,4
2018,대구광역시 남구3,대구광역시 남구 대명동(수도맨션 부근),2018-10-12,16시,경상,여,25세,승용차,상해없음,남,71세,자전거,경상,차대차 - 기타,안전운전 의무 불이행,맑음,0,4
2018,대구광역시 남구3,대구광역시 남구 대명동(수도맨션 부근),2018-12-02,18시,중상,남,49세,승용차,상해없음,여,67세,자전거,중상,차대차 - 측면충돌,안전운전 의무 불이행,맑음,0,4
2018,대구광역시 남구4,대구광역시 남구 대명동(안지랑네거리 부근),2018-01-14,01시,중상,남,59세,승용차,상해없음,여,59세,자전거,중상,차대차 - 측면충돌,안전운전 의무 불이행,맑음,0,4
2018,대구광역시 남구4,대구광역시 남구 대명동(안지랑네거리 부근),2018-02-17,12시,부상신고,남,67세,자전거,부상신고,남,70세,이륜차,상해없음,차대차 - 측면충돌,기타,맑음,0,4
2018,대구광역시 남구4,대구광역시 남구 대명동(안지랑네거리 부근),2018-04-17,21시,경상,남,52세,승용차,상해없음,남,37세,자전거,경상,차대차 - 측면충돌,기타,맑음,0,4
2018,대구광역시 남구4,대구광역시 남구 대명동(안지랑네거리 부근),2018-07-21,14시,경상,남,74세,승용차,상해없음,남,53세,자전거,경상,차대차 - 기타,기타,맑음,0,4
2018,대구광역시 북구1,대구광역시 북구 태전동(태전삼거리 부근),2018-02-26,19시,중상,여,44세,승용차,상해없음,여,68세,자전거,중상,차대차 - 기타,교차로 통행방법 위반,맑음,0,7
2018,대구광역시 북구1,대구광역시 북구 태전동(태전삼거리 부근),2018-03-23,21시,경상,남,34세,승용차,상해없음,여,65세,자전거,경상,차대차 - 측면충돌,안전운전 의무 불이행,맑음,0,7
2018,대구광역시 북구1,대구광역시 북구 태전동(태전삼거리 부근),2018-04-11,07시,중상,남,68세,자전거,중상,여,44세,승용차,상해없음,차대차 - 측면충돌,안전운전 의무 불이행,맑음,0,7
2018,대구광역시 북구1,대구광역시 북구 태전동(태전삼거리 부근),2018-05-31,18시,경상,여,49세,자전거,상해없음,남,76세,자전거,경상,차대차 - 측면충돌,안전운전 의무 불이행,맑음,0,7
2018,대구광역시 북구1,대구광역시 북구 태전동(태전삼거리 부근),2018-10-08,11시,중상,남,43세,승용차,상해없음,여,61세,자전거,중상,차대차 - 측면충돌,안전운전 의무 불이행,맑음,0,7
2018,대구광역시 북구1,대구광역시 북구 태전동(태전삼거리 부근),2018-10-22,09시,경상,여,60세,승용차,상해없음,여,57세,자전거,경상,차대차 - 측면충돌,안전운전 의무 불이행,맑음,0,7
2018,대구광역시 북구1,대구광역시 북구 태전동(태전삼거리 부근),2018-11-09,18시,경상,기타불명,99세,불명,기타불명,남,12세,자전거,경상,차대차 - 기타,안전운전 의무 불이행,맑음,0,7
2018,대구광역시 북구2,대구광역시 북구 대현동(경대교사거리 부근),2018-03-13,21시,경상,남,44세,승용차,상해없음,남,30세,자전거,경상,차대차 - 측면충돌,안전운전 의무 불이행,맑음,0,7
2018,대구광역시 북구2,대구광역시 북구 대현동(경대교사거리 부근),2018-05-03,08시,중상,남,39세,승용차,상해없음,남,16세,자전거,중상,차대차 - 측면충돌,안전운전 의무 불이행,맑음,0,7
2018,대구광역시 북구2,대구광역시 북구 대현동(경대교사거리 부근),2018-05-03,16시,경상,기타불명,불명,불명,기타불명,남,22세,자전거,경상,차대차 - 측면충돌,안전운전 의무 불이행,맑음,0,7
2018,대구광역시 북구2,대구광역시 북구 대현동(경대교사거리 부근),2018-06-15,15시,경상,남,79세,자전거,상해없음,여,62세,보행자,경상,차대사람 - 보도통행중,기타,맑음,0,7
2018,대구광역시 북구2,대구광역시 북구 대현동(경대교사거리 부근),2018-10-22,08시,중상,여,43세,승용차,상해없음,남,37세,자전거,중상,차대차 - 기타,안전운전 의무 불이행,맑음,0,7
2018,대구광역시 북구2,대구광역시 북구 대현동(경대교사거리 부근),2018-11-05,06시,경상,남,44세,자전거,경상,남,72세,승용차,상해없음,차대차 - 측면충돌,안전운전 의무 불이행,맑음,0,7
2018,대구광역시 북구2,대구광역시 북구 대현동(경대교사거리 부근),2018-11-13,14시,경상,여,69세,자전거,경상,남,37세,승용차,상해없음,차대차 - 측면충돌,신호위반,맑음,0,7
2018,대구광역시 북구3,대구광역시 북구 노원동2가(코리아마트 부근),2018-02-08,16시,중상,남,62세,자전거,중상,남,53세,화물차,상해없음,차대차 - 기타,안전운전 의무 불이행,맑음,0,7
2018,대구광역시 북구3,대구광역시 북구 노원동2가(코리아마트 부근),2018-03-02,23시,중상,남,60세,자전거,중상,남,16세,이륜차,경상,차대차 - 측면충돌,기타,맑음,0,7
2018,대구광역시 북구3,대구광역시 북구 노원동2가(코리아마트 부근),2018-04-20,19시,경상,남,68세,자전거,상해없음,여,52세,보행자,경상,차대사람 - 보도통행중,기타,맑음,0,7
2018,대구광역시 북구3,대구광역시 북구 노원동2가(코리아마트 부근),2018-07-18,16시,중상,여,29세,승용차,상해없음,여,63세,자전거,중상,차대차 - 측면충돌,신호위반,맑음,0,7
2018,대구광역시 북구3,대구광역시 북구 노원동2가(코리아마트 부근),2018-09-08,11시,부상신고,여,66세,자전거,부상신고,여,36세,승용차,상해없음,차대차 - 측면충돌,안전운전 의무 불이행,맑음,0,7
2018,대구광역시 북구3,대구광역시 북구 노원동2가(코리아마트 부근),2018-12-03,22시,경상,남,59세,자전거,경상,남,38세,승용차,상해없음,차대차 - 측면충돌,중앙선 침범,맑음,0,7
2018,대구광역시 북구4,대구광역시 북구 칠성동2가(남침산네거리 부근),2018-01-04,08시,중상,남,61세,자전거,상해없음,남,36세,이륜차,중상,차대차 - 측면충돌,중앙선 침범,맑음,1,4
2018,대구광역시 북구4,대구광역시 북구 칠성동2가(남침산네거리 부근),2018-02-08,18시,경상,여,45세,승용차,상해없음,남,14세,자전거,경상,차대차 - 측면충돌,안전운전 의무 불이행,맑음,1,4
2018,대구광역시 북구4,대구광역시 북구 칠성동2가(남침산네거리 부근),2018-03-03,10시,사망,남,56세,건설기계,상해없음,남,75세,자전거,사망,차대차 - 측면충돌,안전운전 의무 불이행,맑음,1,4
2018,대구광역시 북구4,대구광역시 북구 칠성동2가(남침산네거리 부근),2018-06-08,17시,경상,남,49세,이륜차,상해없음,여,60세,자전거,경상,차대차 - 측면충돌,신호위반,맑음,1,4
2018,대구광역시 북구4,대구광역시 북구 칠성동2가(남침산네거리 부근),2018-09-30,12시,부상신고,남,69세,자전거,부상신고,없음,불명,없음,없음,차량단독 - 공작물충돌,안전운전 의무 불이행,맑음,1,4
2018,대구광역시 북구5,대구광역시 북구 침산동(침산네거리 부근),2018-04-15,10시,부상신고,남,18세,자전거,부상신고,없음,불명,없음,없음,차량단독 - 공작물충돌,안전운전 의무 불이행,맑음,0,5
2018,대구광역시 북구5,대구광역시 북구 침산동(침산네거리 부근),2018-05-03,19시,부상신고,남,13세,자전거,부상신고,남,39세,승용차,상해없음,차대차 - 기타,안전운전 의무 불이행,맑음,0,5
2018,대구광역시 북구5,대구광역시 북구 침산동(침산네거리 부근),2018-08-01,21시,경상,남,23세,원동기장치자전거,상해없음,여,51세,자전거,경상,차대차 - 측면충돌,신호위반,맑음,0,5
2018,대구광역시 북구5,대구광역시 북구 침산동(침산네거리 부근),2018-08-28,06시,경상,여,71세,자전거,경상,남,53세,이륜차,상해없음,차대차 - 측면충돌,안전운전 의무 불이행,흐림,0,5
2018,대구광역시 북구5,대구광역시 북구 침산동(침산네거리 부근),2018-09-22,16시,경상,남,13세,자전거,경상,남,35세,승용차,상해없음,차대차 - 측면충돌,안전운전 의무 불이행,맑음,0,5
2018,대구광역시 북구6,대구광역시 북구 침산동(오봉오거리 부근),2018-03-02,17시,경상,남,35세,화물차,상해없음,남,87세,자전거,경상,차대차 - 측면충돌,안전운전 의무 불이행,맑음,0,5
2018,대구광역시 북구6,대구광역시 북구 침산동(오봉오거리 부근),2018-03-22,17시,중상,남,37세,화물차,상해없음,남,62세,자전거,중상,차대차 - 측면충돌,안전거리 미확보,맑음,0,5
2018,대구광역시 북구6,대구광역시 북구 침산동(오봉오거리 부근),2018-03-27,21시,경상,남,32세,이륜차,부상신고,여,48세,자전거,경상,차대차 - 측면충돌,신호위반,맑음,0,5
2018,대구광역시 북구6,대구광역시 북구 침산동(오봉오거리 부근),2018-08-29,17시,경상,남,41세,화물차,상해없음,남,71세,자전거,경상,차대차 - 측면충돌,중앙선 침범,맑음,0,5
2018,대구광역시 북구7,대구광역시 북구 복현동(공항교강변공원주차장입구 부근),2018-02-13,18시,부상신고,여,66세,승용차,상해없음,남,47세,자전거,부상신고,차대차 - 기타,안전운전 의무 불이행,맑음,0,4
2018,대구광역시 북구7,대구광역시 북구 복현동(공항교강변공원주차장입구 부근),2018-08-03,21시,부상신고,남,50세,자전거,부상신고,남,59세,화물차,상해없음,차대차 - 정면충돌,안전운전 의무 불이행,맑음,0,4
2018,대구광역시 북구7,대구광역시 북구 복현동(공항교강변공원주차장입구 부근),2018-10-13,06시,경상,남,63세,자전거,경상,남,41세,화물차,상해없음,차대차 - 정면충돌,신호위반,맑음,0,4
2018,대구광역시 북구7,대구광역시 북구 복현동(공항교강변공원주차장입구 부근),2018-11-07,09시,중상,여,58세,승용차,상해없음,남,63세,자전거,중상,차대차 - 기타,안전운전 의무 불이행,맑음,0,4
2018,대구광역시 북구8,대구광역시 북구 태전동(대구병원 부근),2018-07-12,09시,경상,남,42세,승용차,상해없음,여,53세,자전거,경상,차대차 - 기타,안전운전 의무 불이행,맑음,0,4
2018,대구광역시 북구8,대구광역시 북구 태전동(대구병원 부근),2018-07-18,09시,경상,기타불명,불명,불명,기타불명,여,43세,자전거,경상,차대차 - 측면충돌,신호위반,맑음,0,4
2018,대구광역시 북구8,대구광역시 북구 태전동(대구병원 부근),2018-08-08,23시,경상,남,62세,자전거,경상,남,53세,승용차,상해없음,차대차 - 측면충돌,중앙선 침범,맑음,0,4
2018,대구광역시 북구8,대구광역시 북구 태전동(대구병원 부근),2018-12-31,10시,경상,남,41세,화물차,상해없음,남,74세,자전거,경상,차대차 - 정면충돌,안전운전 의무 불이행,맑음,0,4
2018,대구광역시 북구9,대구광역시 북구 침산동(북구청네거리 부근),2018-06-22,18시,경상,여,47세,승용차,상해없음,남,57세,자전거,경상,차대차 - 측면충돌,안전운전 의무 불이행,맑음,0,4
2018,대구광역시 북구9,대구광역시 북구 침산동(북구청네거리 부근),2018-06-23,22시,경상,여,48세,자전거,경상,남,48세,이륜차,상해없음,차대차 - 측면충돌,안전운전 의무 불이행,맑음,0,4
2018,대구광역시 북구9,대구광역시 북구 침산동(북구청네거리 부근),2018-07-16,14시,부상신고,남,68세,자전거,부상신고,남,60세,화물차,상해없음,차대차 - 측면충돌,안전운전 의무 불이행,맑음,0,4
2018,대구광역시 북구9,대구광역시 북구 침산동(북구청네거리 부근),2018-09-25,20시,경상,남,55세,승용차,상해없음,남,22세,자전거,경상,차대차 - 기타,안전운전 의무 불이행,맑음,0,4
2018,대구광역시 수성구1,대구광역시 수성구 황금동(들안길네거리 부근),2018-03-24,21시,중상,남,18세,자전거,중상,남,76세,승용차,상해없음,차대차 - 측면충돌,안전운전 의무 불이행,맑음,0,5
2018,대구광역시 수성구1,대구광역시 수성구 황금동(들안길네거리 부근),2018-07-27,15시,경상,남,62세,승용차,상해없음,남,71세,자전거,경상,차대차 - 측면충돌,안전운전 의무 불이행,맑음,0,5
2018,대구광역시 수성구1,대구광역시 수성구 황금동(들안길네거리 부근),2018-11-10,23시,중상,남,34세,승용차,상해없음,남,58세,자전거,중상,차대차 - 후진중충돌,안전운전 의무 불이행,맑음,0,5
2018,대구광역시 수성구1,대구광역시 수성구 황금동(들안길네거리 부근),2018-12-10,13시,경상,남,46세,승용차,상해없음,남,60세,자전거,경상,차대차 - 측면충돌,안전운전 의무 불이행,맑음,0,5
2018,대구광역시 수성구1,대구광역시 수성구 황금동(들안길네거리 부근),2018-12-31,06시,중상,남,48세,승용차,상해없음,남,75세,자전거,중상,차대차 - 추돌,안전운전 의무 불이행,맑음,0,5
2018,대구광역시 수성구2,대구광역시 수성구 황금동(투썸플레이스 대구황금점 부근),2018-01-26,14시,경상,여,56세,승용차,상해없음,남,64세,자전거,경상,차대차 - 정면충돌,안전운전 의무 불이행,맑음,0,5
2018,대구광역시 수성구2,대구광역시 수성구 황금동(투썸플레이스 대구황금점 부근),2018-04-29,07시,중상,여,25세,승용차,상해없음,여,71세,자전거,중상,차대차 - 측면충돌,안전운전 의무 불이행,맑음,0,5
2018,대구광역시 수성구2,대구광역시 수성구 황금동(투썸플레이스 대구황금점 부근),2018-05-14,15시,경상,남,36세,화물차,상해없음,여,34세,자전거,경상,차대차 - 측면충돌,안전운전 의무 불이행,맑음,0,5
2018,대구광역시 수성구2,대구광역시 수성구 황금동(투썸플레이스 대구황금점 부근),2018-06-09,18시,경상,남,53세,승용차,상해없음,남,68세,자전거,경상,차대차 - 측면충돌,안전운전 의무 불이행,맑음,0,5
2018,대구광역시 수성구2,대구광역시 수성구 황금동(투썸플레이스 대구황금점 부근),2018-07-18,14시,중상,남,52세,화물차,상해없음,남,80세,자전거,중상,차대차 - 기타,안전운전 의무 불이행,맑음,0,5
2018,대구광역시 수성구3,대구광역시 수성구 수성동1가(동성학교네거리 부근),2018-01-27,14시,부상신고,남,16세,자전거,부상신고,남,50세,승용차,상해없음,차대차 - 추돌,안전거리 미확보,맑음,0,4
2018,대구광역시 수성구3,대구광역시 수성구 수성동1가(동성학교네거리 부근),2018-04-03,13시,중상,남,43세,승용차,상해없음,남,78세,자전거,중상,차대차 - 측면충돌,안전운전 의무 불이행,맑음,0,4
2018,대구광역시 수성구3,대구광역시 수성구 수성동1가(동성학교네거리 부근),2018-06-26,06시,경상,여,46세,승용차,상해없음,남,18세,자전거,경상,차대차 - 측면충돌,안전운전 의무 불이행,맑음,0,4
2018,대구광역시 수성구3,대구광역시 수성구 수성동1가(동성학교네거리 부근),2018-08-16,04시,경상,기타불명,불명,불명,기타불명,여,55세,자전거,경상,차대차 - 기타,기타,비,0,4
2018,대구광역시 달서구1,대구광역시 달서구 감삼동(CU 참미소점 부근),2018-03-11,15시,중상,여,26세,승용차,상해없음,여,74세,자전거,중상,차대차 - 측면충돌,안전운전 의무 불이행,맑음,0,8
2018,대구광역시 달서구1,대구광역시 달서구 감삼동(CU 참미소점 부근),2018-03-30,15시,부상신고,남,22세,자전거,부상신고,여,58세,승용차,상해없음,차대차 - 측면충돌,안전운전 의무 불이행,맑음,0,8
2018,대구광역시 달서구1,대구광역시 달서구 감삼동(CU 참미소점 부근),2018-04-17,00시,중상,남,54세,승용차,상해없음,여,57세,자전거,중상,차대차 - 측면충돌,안전운전 의무 불이행,맑음,0,8
2018,대구광역시 달서구1,대구광역시 달서구 감삼동(CU 참미소점 부근),2018-06-01,08시,경상,남,64세,승용차,상해없음,남,47세,자전거,경상,차대차 - 측면충돌,안전운전 의무 불이행,맑음,0,8
2018,대구광역시 달서구1,대구광역시 달서구 감삼동(CU 참미소점 부근),2018-08-09,08시,경상,남,57세,화물차,기타불명,남,58세,자전거,경상,차대차 - 측면충돌,안전운전 의무 불이행,맑음,0,8
2018,대구광역시 달서구1,대구광역시 달서구 감삼동(CU 참미소점 부근),2018-11-26,13시,중상,남,16세,자전거,상해없음,남,78세,보행자,중상,차대사람 - 횡단중,신호위반,맑음,0,8
2018,대구광역시 달서구1,대구광역시 달서구 감삼동(CU 참미소점 부근),2018-12-06,19시,중상,여,51세,승용차,상해없음,남,32세,자전거,중상,차대차 - 측면충돌,안전운전 의무 불이행,맑음,0,8
2018,대구광역시 달서구1,대구광역시 달서구 감삼동(CU 참미소점 부근),2018-12-26,14시,중상,남,56세,승용차,상해없음,여,75세,자전거,중상,차대차 - 측면충돌,안전운전 의무 불이행,맑음,0,8
2018,대구광역시 달서구2,대구광역시 달서구 상인동(생고기대학교 상인점 부근),2018-03-31,12시,경상,여,49세,승용차,상해없음,남,77세,자전거,경상,차대차 - 측면충돌,안전운전 의무 불이행,맑음,0,7
2018,대구광역시 달서구2,대구광역시 달서구 상인동(생고기대학교 상인점 부근),2018-05-28,07시,경상,남,59세,화물차,상해없음,남,31세,자전거,경상,차대차 - 측면충돌,교차로 통행방법 위반,맑음,0,7
2018,대구광역시 달서구2,대구광역시 달서구 상인동(생고기대학교 상인점 부근),2018-06-16,11시,부상신고,남,9세,자전거,부상신고,없음,불명,없음,없음,차량단독 - 공작물충돌,안전운전 의무 불이행,맑음,0,7
2018,대구광역시 달서구2,대구광역시 달서구 상인동(생고기대학교 상인점 부근),2018-07-12,19시,경상,남,69세,승용차,상해없음,남,9세,자전거,경상,차대차 - 측면충돌,안전운전 의무 불이행,맑음,0,7
2018,대구광역시 달서구2,대구광역시 달서구 상인동(생고기대학교 상인점 부근),2018-07-13,10시,경상,여,36세,승용차,상해없음,남,66세,자전거,경상,차대차 - 측면충돌,안전운전 의무 불이행,맑음,0,7
2018,대구광역시 달서구2,대구광역시 달서구 상인동(생고기대학교 상인점 부근),2018-09-28,09시,경상,여,33세,승용차,상해없음,여,55세,자전거,경상,차대차 - 측면충돌,안전운전 의무 불이행,맑음,0,7
2018,대구광역시 달서구2,대구광역시 달서구 상인동(생고기대학교 상인점 부근),2018-12-21,08시,중상,남,63세,화물차,상해없음,남,26세,자전거,중상,차대차 - 측면충돌,안전운전 의무 불이행,맑음,0,7
2018,대구광역시 달서구3,대구광역시 달서구 성당동(할리스커피 대구두류공원점 부근),2018-01-15,09시,중상,남,61세,화물차,상해없음,남,75세,자전거,중상,차대차 - 측면충돌,신호위반,맑음,0,6
2018,대구광역시 달서구3,대구광역시 달서구 성당동(할리스커피 대구두류공원점 부근),2018-03-18,07시,부상신고,여,61세,승용차,상해없음,남,52세,자전거,부상신고,차대차 - 정면충돌,안전운전 의무 불이행,맑음,0,6