사고년도,다발시군구,지점명,사고일시,사고시간대,사고등급,가해자성별,가해자연령,가해차종,가해자신체상해정도,피해자성별,피해자연령,피해차종,피해자신체상해정도,사고유형,가해자법규위반,기상상태,사망자수,부상자수
2018,대구광역시 달서구3,대구광역시 달서구 성당동(할리스커피 대구두류공원점 부근),2018-04-13,13시,중상,남,58세,승용차,상해없음,남,82세,자전거,중상,차대차 - 측면충돌,안전운전 의무 불이행,맑음,0,6
2018,대구광역시 달서구3,대구광역시 달서구 성당동(할리스커피 대구두류공원점 부근),2018-04-28,15시,경상,남,9세,자전거,상해없음,여,42세,보행자,경상,차대사람 - 기타,안전운전 의무 불이행,맑음,0,6
2018,대구광역시 달서구3,대구광역시 달서구 성당동(할리스커피 대구두류공원점 부근),2018-09-27,17시,경상,남,74세,자전거,경상,남,46세,보행자,상해없음,차대사람 - 보도통행중,기타,맑음,0,6
2018,대구광역시 달서구3,대구광역시 달서구 성당동(할리스커피 대구두류공원점 부근),2018-10-21,18시,경상,남,56세,자전거,경상,남,37세,승용차,상해없음,차대차 - 측면충돌,기타,맑음,0,6
2018,대구광역시 달서구4,대구광역시 달서구 두류동(이월드입구 부근),2018-06-21,17시,경상,남,60세,승용차,상해없음,남,58세,자전거,경상,차대차 - 측면충돌,안전운전 의무 불이행,맑음,0,6
2018,대구광역시 달서구4,대구광역시 달서구 두류동(이월드입구 부근),2018-07-14,21시,중상,여,33세,개인형이동수단(PM),상해없음,남,56세,자전거,중상,차대차 - 추돌,안전운전 의무 불이행,맑음,0,6
2018,대구광역시 달서구4,대구광역시 달서구 두류동(이월드입구 부근),2018-09-06,07시,경상,여,39세,승용차,상해없음,남,69세,자전거,경상,차대차 - 측면충돌,안전운전 의무 불이행,맑음,0,6
2018,대구광역시 달서구4,대구광역시 달서구 두류동(이월드입구 부근),2018-09-16,11시,경상,남,24세,자전거,경상,남,37세,승용차,상해없음,차대차 - 추돌,안전거리 미확보,맑음,0,6
2018,대구광역시 달서구4,대구광역시 달서구 두류동(이월드입구 부근),2018-10-13,18시,경상,기타불명,불명,불명,기타불명,남,17세,자전거,경상,차대차 - 추돌,안전운전 의무 불이행,맑음,0,6
2018,대구광역시 달서구4,대구광역시 달서구 두류동(이월드입구 부근),2018-11-13,14시,경상,여,45세,화물차,상해없음,남,75세,자전거,경상,차대차 - 측면충돌,교차로 통행방법 위반,맑음,0,6
2018,대구광역시 달서구5,대구광역시 달서구 송현동(서부정류장역 부근),2018-02-27,10시,중상,여,60세,승용차,상해없음,남,74세,자전거,중상,차대차 - 측면충돌,안전운전 의무 불이행,맑음,0,5
2018,대구광역시 달서구5,대구광역시 달서구 송현동(서부정류장역 부근),2018-07-24,06시,경상,남,59세,승용차,상해없음,남,40세,자전거,경상,차대차 - 측면충돌,기타,맑음,0,5
2018,대구광역시 달서구5,대구광역시 달서구 송현동(서부정류장역 부근),2018-07-28,15시,부상신고,여,50세,승용차,상해없음,남,50세,자전거,부상신고,차대차 - 측면충돌,안전운전 의무 불이행,맑음,0,5
2018,대구광역시 달서구5,대구광역시 달서구 송현동(서부정류장역 부근),2018-11-11,04시,경상,남,59세,승용차,상해없음,여,48세,자전거,경상,차대차 - 측면충돌,안전운전 의무 불이행,맑음,0,5
2018,대구광역시 달서구5,대구광역시 달서구 송현동(서부정류장역 부근),2018-12-24,22시,경상,남,19세,원동기장치자전거,상해없음,여,61세,자전거,경상,차대차 - 측면충돌,안전운전 의무 불이행,맑음,0,5
2018,대구광역시 달서구6,대구광역시 달서구 상인동(상인프라자입구 부근),2018-03-13,20시,중상,기타불명,불명,불명,기타불명,남,70세,자전거,중상,차대차 - 측면충돌,안전운전 의무 불이행,맑음,0,4
2018,대구광역시 달서구6,대구광역시 달서구 상인동(상인프라자입구 부근),2018-04-28,12시,중상,남,38세,이륜차,상해없음,남,44세,자전거,중상,차대차 - 측면충돌,신호위반,맑음,0,4
2018,대구광역시 달서구6,대구광역시 달서구 상인동(상인프라자입구 부근),2018-05-31,08시,경상,여,28세,승용차,상해없음,남,34세,자전거,경상,차대차 - 측면충돌,안전운전 의무 불이행,맑음,0,4
2018,대구광역시 달서구6,대구광역시 달서구 상인동(상인프라자입구 부근),2018-07-20,17시,경상,남,38세,승용차,상해없음,남,37세,자전거,경상,차대차 - 측면충돌,안전운전 의무 불이행,맑음,0,4
2018,대구광역시 달서구7,대구광역시 달서구 본동(부림해물손칼국수 부근),2018-04-09,18시,경상,여,47세,승용차,상해없음,남,12세,자전거,경상,차대차 - 측면충돌,안전운전 의무 불이행,맑음,0,4
2018,대구광역시 달서구7,대구광역시 달서구 본동(부림해물손칼국수 부근),2018-06-22,16시,경상,여,50세,승용차,상해없음,남,69세,자전거,경상,차대차 - 측면충돌,안전운전 의무 불이행,맑음,0,4
2018,대구광역시 달서구7,대구광역시 달서구 본동(부림해물손칼국수 부근),2018-08-08,06시,중상,여,82세,자전거,중상,남,59세,승용차,기타불명,차대차 - 기타,안전운전 의무 불이행,맑음,0,4
2018,대구광역시 달서구7,대구광역시 달서구 본동(부림해물손칼국수 부근),2018-09-12,17시,경상,남,78세,승용차,상해없음,남,45세,자전거,경상,차대차 - 측면충돌,안전운전 의무 불이행,맑음,0,4
2018,대구광역시 달서구8,대구광역시 달서구 도원동(월곡네거리 부근),2018-05-10,14시,경상,남,48세,승용차,상해없음,남,68세,자전거,경상,차대차 - 기타,안전운전 의무 불이행,맑음,0,4
2018,대구광역시 달서구8,대구광역시 달서구 도원동(월곡네거리 부근),2018-08-02,17시,경상,남,57세,승용차,상해없음,남,72세,자전거,경상,차대차 - 측면충돌,안전운전 의무 불이행,맑음,0,4
2018,대구광역시 달서구8,대구광역시 달서구 도원동(월곡네거리 부근),2018-08-12,03시,중상,남,33세,자전거,중상,남,31세,승용차,상해없음,차대차 - 측면충돌,안전운전 의무 불이행,맑음,0,4
2018,대구광역시 달서구8,대구광역시 달서구 도원동(월곡네거리 부근),2018-08-31,22시,경상,남,23세,승용차,상해없음,여,59세,자전거,경상,차대차 - 정면충돌,신호위반,맑음,0,4
2018,대구광역시 달서구9,대구광역시 달서구 진천동(가야해물찜추어탕 부근),2018-01-09,13시,경상,기타불명,불명,불명,기타불명,남,48세,자전거,경상,차대차 - 기타,안전운전 의무 불이행,맑음,0,4
2018,대구광역시 달서구9,대구광역시 달서구 진천동(가야해물찜추어탕 부근),2018-05-28,09시,경상,남,30세,승용차,상해없음,남,71세,자전거,경상,차대차 - 측면충돌,기타,맑음,0,4
2018,대구광역시 달서구9,대구광역시 달서구 진천동(가야해물찜추어탕 부근),2018-08-30,18시,중상,남,54세,화물차,상해없음,여,61세,자전거,중상,차대차 - 기타,교차로 통행방법 위반,맑음,0,4
2018,대구광역시 달서구9,대구광역시 달서구 진천동(가야해물찜추어탕 부근),2018-11-10,11시,경상,남,77세,승용차,상해없음,여,69세,자전거,경상,차대차 - 기타,보행자 보호의무 위반,맑음,0,4
2018,대구광역시 달서구10,대구광역시 달서구 이곡동(스타벅스 대구성서IC DT점 부근),2018-05-23,18시,중상,남,59세,승용차,기타불명,여,30세,자전거,중상,차대차 - 측면충돌,신호위반,맑음,0,4
2018,대구광역시 달서구10,대구광역시 달서구 이곡동(스타벅스 대구성서IC DT점 부근),2018-07-17,21시,경상,여,65세,승용차,상해없음,남,14세,자전거,경상,차대차 - 측면충돌,신호위반,맑음,0,4
2018,대구광역시 달서구10,대구광역시 달서구 이곡동(스타벅스 대구성서IC DT점 부근),2018-11-22,15시,경상,남,62세,화물차,상해없음,남,74세,자전거,경상,차대차 - 측면충돌,안전운전 의무 불이행,맑음,0,4
2018,대구광역시 달서구10,대구광역시 달서구 이곡동(스타벅스 대구성서IC DT점 부근),2018-11-29,06시,경상,남,40세,승용차,상해없음,남,46세,자전거,경상,차대차 - 기타,안전운전 의무 불이행,맑음,0,4
2018,대구광역시 달서구11,대구광역시 달서구 진천동(차량기지교차로 부근),2018-01-18,10시,경상,여,73세,자전거,경상,여,55세,승용차,상해없음,차대차 - 측면충돌,기타,맑음,0,4
2018,대구광역시 달서구11,대구광역시 달서구 진천동(차량기지교차로 부근),2018-04-01,19시,경상,여,49세,승용차,상해없음,남,55세,자전거,경상,차대차 - 측면충돌,안전운전 의무 불이행,맑음,0,4
2018,대구광역시 달서구11,대구광역시 달서구 진천동(차량기지교차로 부근),2018-06-15,20시,경상,남,12세,자전거,경상,남,44세,승용차,상해없음,차대차 - 기타,안전운전 의무 불이행,맑음,0,4
2018,대구광역시 달서구11,대구광역시 달서구 진천동(차량기지교차로 부근),2018-08-14,15시,경상,남,10세,자전거,경상,남,48세,승용차,상해없음,차대차 - 정면충돌,기타,맑음,0,4
2018,인천광역시 미추홀구1,인천광역시 미추홀구 주안동(남인천새마을금고 중앙지점 부근),2018-06-30,16시,경상,남,27세,승용차,상해없음,여,76세,자전거,경상,차대차 - 기타,안전운전 의무 불이행,맑음,0,4
2018,인천광역시 미추홀구1,인천광역시 미추홀구 주안동(남인천새마을금고 중앙지점 부근),2018-07-05,11시,중상,남,47세,승합차,상해없음,남,73세,자전거,중상,차대차 - 기타,안전운전 의무 불이행,맑음,0,4
2018,인천광역시 미추홀구1,인천광역시 미추홀구 주안동(남인천새마을금고 중앙지점 부근),2018-11-19,11시,중상,남,78세,자전거,중상,남,74세,승용차,상해없음,차대차 - 기타,안전운전 의무 불이행,맑음,0,4
2018,인천광역시 미추홀구1,인천광역시 미추홀구 주안동(남인천새마을금고 중앙지점 부근),2018-12-09,16시,경상,여,57세,승용차,상해없음,남,59세,자전거,경상,차대차 - 기타,안전운전 의무 불이행,맑음,0,4
2018,광주광역시 서구1,광주광역시 서구 양동(무지개병원 부근),2018-04-17,12시,경상,남,36세,승용차,상해없음,남,63세,자전거,경상,차대차 - 측면충돌,안전운전 의무 불이행,맑음,0,5
2018,광주광역시 서구1,광주광역시 서구 양동(무지개병원 부근),2018-06-01,11시,경상,남,33세,승용차,상해없음,남,48세,자전거,경상,차대차 - 측면충돌,기타,맑음,0,5
2018,광주광역시 서구1,광주광역시 서구 양동(무지개병원 부근),2018-09-08,17시,경상,기타불명,불명,불명,기타불명,남,71세,자전거,경상,차대차 - 추돌,안전운전 의무 불이행,맑음,0,5
2018,광주광역시 서구1,광주광역시 서구 양동(무지개병원 부근),2018-11-13,13시,중상,남,76세,승용차,상해없음,남,76세,자전거,중상,차대차 - 기타,교차로 통행방법 위반,맑음,0,5
2018,광주광역시 서구1,광주광역시 서구 양동(무지개병원 부근),2018-11-15,10시,경상,남,59세,승용차,상해없음,여,53세,자전거,경상,차대차 - 추돌,안전운전 의무 불이행,맑음,0,5
2018,광주광역시 북구1,광주광역시 북구 신안동(태성아름진 부근),2018-04-12,18시,사망,여,31세,승용차,상해없음,남,80세,자전거,사망,차대차 - 측면충돌,안전운전 의무 불이행,맑음,1,3
2018,광주광역시 북구1,광주광역시 북구 신안동(태성아름진 부근),2018-05-22,08시,경상,남,67세,승용차,상해없음,남,73세,자전거,경상,차대차 - 측면충돌,안전운전 의무 불이행,맑음,1,3
2018,광주광역시 북구1,광주광역시 북구 신안동(태성아름진 부근),2018-05-29,17시,부상신고,남,14세,자전거,부상신고,남,57세,승용차,상해없음,차대차 - 측면충돌,신호위반,맑음,1,3
2018,광주광역시 북구1,광주광역시 북구 신안동(태성아름진 부근),2018-06-08,10시,경상,여,70세,자전거,경상,남,68세,승용차,상해없음,차대차 - 측면충돌,안전운전 의무 불이행,맑음,1,3
2018,대전광역시 동구1,대전광역시 동구 정동(역전가락국수 부근),2018-05-01,19시,경상,남,43세,자전거,경상,남,43세,승용차,상해없음,차대차 - 측면충돌,기타,흐림,0,5
2018,대전광역시 동구1,대전광역시 동구 정동(역전가락국수 부근),2018-05-24,20시,중상,남,71세,승용차,상해없음,여,61세,자전거,중상,차대차 - 측면충돌,안전운전 의무 불이행,맑음,0,5
2018,대전광역시 동구1,대전광역시 동구 정동(역전가락국수 부근),2018-06-25,17시,경상,남,75세,승용차,상해없음,남,61세,자전거,경상,차대차 - 측면충돌,안전운전 의무 불이행,맑음,0,5
2018,대전광역시 동구1,대전광역시 동구 정동(역전가락국수 부근),2018-07-04,16시,중상,여,60세,승용차,상해없음,남,75세,자전거,중상,차대차 - 기타,신호위반,맑음,0,5
2018,대전광역시 동구1,대전광역시 동구 정동(역전가락국수 부근),2018-07-10,13시,경상,여,54세,승용차,상해없음,남,57세,자전거,경상,차대차 - 기타,안전운전 의무 불이행,맑음,0,5
2018,대전광역시 동구2,대전광역시 동구 용전동(대전지방국토관리청 부근),2018-02-14,09시,중상,남,55세,화물차,상해없음,남,68세,자전거,중상,차대차 - 측면충돌,신호위반,맑음,0,5
2018,대전광역시 동구2,대전광역시 동구 용전동(대전지방국토관리청 부근),2018-04-02,14시,경상,남,58세,화물차,상해없음,남,68세,자전거,경상,차대차 - 추돌,안전운전 의무 불이행,맑음,0,5
2018,대전광역시 동구2,대전광역시 동구 용전동(대전지방국토관리청 부근),2018-04-03,15시,경상,남,51세,승용차,상해없음,여,58세,자전거,경상,차대차 - 기타,안전운전 의무 불이행,맑음,0,5
2018,대전광역시 동구2,대전광역시 동구 용전동(대전지방국토관리청 부근),2018-06-01,12시,경상,남,63세,승용차,상해없음,남,74세,자전거,경상,차대차 - 측면충돌,안전운전 의무 불이행,맑음,0,5
2018,대전광역시 동구2,대전광역시 동구 용전동(대전지방국토관리청 부근),2018-08-17,14시,중상,여,66세,자전거,중상,여,47세,승용차,상해없음,차대차 - 측면충돌,안전운전 의무 불이행,맑음,0,5
2018,대전광역시 동구3,대전광역시 동구 용전동(영락침례교회 부근),2018-03-16,22시,중상,여,49세,승용차,상해없음,남,28세,자전거,중상,차대차 - 측면충돌,신호위반,흐림,0,4
2018,대전광역시 동구3,대전광역시 동구 용전동(영락침례교회 부근),2018-04-20,14시,경상,남,49세,화물차,상해없음,남,79세,자전거,경상,차대차 - 측면충돌,안전운전 의무 불이행,맑음,0,4
2018,대전광역시 동구3,대전광역시 동구 용전동(영락침례교회 부근),2018-07-08,15시,중상,남,81세,자전거,중상,남,56세,승용차,상해없음,차대차 - 측면충돌,기타,맑음,0,4
2018,대전광역시 동구3,대전광역시 동구 용전동(영락침례교회 부근),2018-12-31,11시,경상,남,52세,승용차,상해없음,남,69세,자전거,경상,차대차 - 기타,안전운전 의무 불이행,맑음,0,4
2018,대전광역시 동구4,대전광역시 동구 용전동(윤온누리약국 부근),2018-02-09,08시,경상,남,43세,승용차,상해없음,남,60세,자전거,경상,차대차 - 측면충돌,안전운전 의무 불이행,맑음,0,4
2018,대전광역시 동구4,대전광역시 동구 용전동(윤온누리약국 부근),2018-02-24,14시,경상,남,51세,승용차,상해없음,남,60세,자전거,경상,차대차 - 기타,교차로 통행방법 위반,맑음,0,4
2018,대전광역시 동구4,대전광역시 동구 용전동(윤온누리약국 부근),2018-09-19,08시,경상,여,46세,승용차,상해없음,남,59세,자전거,경상,차대차 - 측면충돌,안전운전 의무 불이행,맑음,0,4
2018,대전광역시 동구4,대전광역시 동구 용전동(윤온누리약국 부근),2018-10-27,15시,중상,여,59세,승용차,상해없음,여,32세,자전거,중상,차대차 - 측면충돌,신호위반,맑음,0,4
2018,대전광역시 동구5,대전광역시 동구 가양동(동부네거리 부근),2018-01-02,07시,경상,남,49세,승용차,상해없음,남,45세,자전거,경상,차대차 - 측면충돌,안전운전 의무 불이행,맑음,0,4
2018,대전광역시 동구5,대전광역시 동구 가양동(동부네거리 부근),2018-02-27,13시,중상,남,85세,승용차,상해없음,남,76세,자전거,중상,차대차 - 측면충돌,안전운전 의무 불이행,맑음,0,4
2018,대전광역시 동구5,대전광역시 동구 가양동(동부네거리 부근),2018-05-17,19시,경상,남,62세,승용차,상해없음,여,51세,자전거,경상,차대차 - 측면충돌,신호위반,맑음,0,4
2018,대전광역시 동구5,대전광역시 동구 가양동(동부네거리 부근),2018-11-12,12시,경상,남,74세,승용차,상해없음,남,57세,자전거,경상,차대차 - 측면충돌,교차로 통행방법 위반,맑음,0,4
2018,대전광역시 중구1,대전광역시 중구 태평동(유가네순대국밥 부근),2018-03-31,13시,사망,남,48세,화물차,상해없음,남,77세,자전거,사망,차대차 - 측면충돌,신호위반,맑음,1,4
2018,대전광역시 중구1,대전광역시 중구 태평동(유가네순대국밥 부근),2018-04-12,10시,경상,남,55세,자전거,경상,여,47세,승용차,상해없음,차대차 - 기타,교차로 통행방법 위반,맑음,1,4
2018,대전광역시 중구1,대전광역시 중구 태평동(유가네순대국밥 부근),2018-04-26,11시,중상,여,55세,승용차,상해없음,여,63세,자전거,중상,차대차 - 측면충돌,안전운전 의무 불이행,맑음,1,4
2018,대전광역시 중구1,대전광역시 중구 태평동(유가네순대국밥 부근),2018-04-28,15시,중상,여,22세,승용차,상해없음,남,84세,자전거,중상,차대차 - 측면충돌,신호위반,맑음,1,4
2018,대전광역시 중구1,대전광역시 중구 태평동(유가네순대국밥 부근),2018-07-26,18시,경상,남,55세,자전거,경상,남,34세,승용차,상해없음,차대차 - 기타,안전운전 의무 불이행,맑음,1,4
2018,대전광역시 서구1,대전광역시 서구 둔산동(모정네거리 부근),2018-06-27,17시,중상,남,74세,승용차,상해없음,여,30세,자전거,중상,차대차 - 측면충돌,안전운전 의무 불이행,맑음,0,7
2018,대전광역시 서구1,대전광역시 서구 둔산동(모정네거리 부근),2018-07-13,19시,경상,여,56세,승용차,상해없음,남,22세,자전거,경상,차대차 - 측면충돌,안전운전 의무 불이행,맑음,0,7
2018,대전광역시 서구1,대전광역시 서구 둔산동(모정네거리 부근),2018-07-27,13시,중상,기타불명,불명,불명,기타불명,남,17세,자전거,중상,차대차 - 측면충돌,안전운전 의무 불이행,맑음,0,7
2018,대전광역시 서구1,대전광역시 서구 둔산동(모정네거리 부근),2018-08-27,01시,중상,남,57세,승용차,상해없음,여,69세,자전거,중상,차대차 - 기타,안전운전 의무 불이행,비,0,7
2018,대전광역시 서구1,대전광역시 서구 둔산동(모정네거리 부근),2018-10-17,17시,부상신고,남,52세,승용차,상해없음,남,82세,자전거,부상신고,차대차 - 기타,안전운전 의무 불이행,맑음,0,7
2018,대전광역시 서구1,대전광역시 서구 둔산동(모정네거리 부근),2018-12-04,19시,경상,남,31세,승용차,상해없음,남,10세,자전거,경상,차대차 - 기타,안전운전 의무 불이행,맑음,0,7
2018,대전광역시 서구1,대전광역시 서구 둔산동(모정네거리 부근),2018-12-21,07시,부상신고,여,43세,승용차,상해없음,남,17세,자전거,부상신고,차대차 - 측면충돌,안전운전 의무 불이행,맑음,0,7
2018,대전광역시 서구2,대전광역시 서구 둔산동(정부청사역사거리 부근),2018-02-21,06시,경상,남,46세,승용차,상해없음,여,50세,자전거,경상,차대차 - 기타,안전운전 의무 불이행,맑음,0,6
2018,대전광역시 서구2,대전광역시 서구 둔산동(정부청사역사거리 부근),2018-06-14,14시,경상,여,54세,승용차,상해없음,남,85세,자전거,경상,차대차 - 기타,안전운전 의무 불이행,맑음,0,6
2018,대전광역시 서구2,대전광역시 서구 둔산동(정부청사역사거리 부근),2018-06-23,12시,경상,남,69세,승용차,상해없음,남,73세,자전거,경상,차대차 - 기타,안전운전 의무 불이행,맑음,0,6
2018,대전광역시 서구2,대전광역시 서구 둔산동(정부청사역사거리 부근),2018-08-11,12시,경상,기타불명,불명,불명,기타불명,남,16세,자전거,경상,차대차 - 기타,안전운전 의무 불이행,맑음,0,6
2018,대전광역시 서구2,대전광역시 서구 둔산동(정부청사역사거리 부근),2018-10-14,10시,중상,남,24세,자전거,중상,없음,불명,없음,없음,차량단독 - 기타,안전운전 의무 불이행,맑음,0,6
2018,대전광역시 서구2,대전광역시 서구 둔산동(정부청사역사거리 부근),2018-10-21,09시,중상,남,54세,자전거,중상,남,38세,승용차,상해없음,차대차 - 측면충돌,신호위반,맑음,0,6
2018,대전광역시 서구3,대전광역시 서구 갈마동(갈마네거리 부근),2018-02-09,12시,경상,여,38세,승용차,상해없음,남,74세,자전거,경상,차대차 - 기타,안전운전 의무 불이행,맑음,0,6
2018,대전광역시 서구3,대전광역시 서구 갈마동(갈마네거리 부근),2018-03-07,16시,중상,남,21세,이륜차,상해없음,여,55세,자전거,중상,차대차 - 기타,기타,맑음,0,6
2018,대전광역시 서구3,대전광역시 서구 갈마동(갈마네거리 부근),2018-03-12,14시,중상,남,77세,승용차,상해없음,여,71세,자전거,중상,차대차 - 측면충돌,신호위반,맑음,0,6
2018,대전광역시 서구3,대전광역시 서구 갈마동(갈마네거리 부근),2018-04-20,19시,경상,여,30세,승용차,상해없음,여,26세,자전거,경상,차대차 - 기타,안전운전 의무 불이행,맑음,0,6
2018,대전광역시 서구3,대전광역시 서구 갈마동(갈마네거리 부근),2018-06-15,22시,경상,남,19세,이륜차,상해없음,남,12세,자전거,경상,차대차 - 기타,안전운전 의무 불이행,맑음,0,6
2018,대전광역시 서구3,대전광역시 서구 갈마동(갈마네거리 부근),2018-09-29,09시,경상,여,41세,승용차,상해없음,여,27세,자전거,경상,차대차 - 측면충돌,안전운전 의무 불이행,맑음,0,6
2018,대전광역시 서구4,대전광역시 서구 탄방동(남산공원네거리 부근),2018-05-20,10시,중상,남,35세,승용차,상해없음,여,32세,자전거,중상,차대차 - 기타,안전운전 의무 불이행,맑음,0,4
2018,대전광역시 서구4,대전광역시 서구 탄방동(남산공원네거리 부근),2018-07-03,12시,경상,남,61세,자전거,경상,남,49세,승용차,상해없음,차대차 - 후진중충돌,안전운전 의무 불이행,맑음,0,4
2018,대전광역시 서구4,대전광역시 서구 탄방동(남산공원네거리 부근),2018-10-09,19시,경상,남,69세,승용차,상해없음,남,39세,자전거,경상,차대차 - 측면충돌,안전운전 의무 불이행,맑음,0,4
2018,대전광역시 서구4,대전광역시 서구 탄방동(남산공원네거리 부근),2018-10-12,11시,중상,남,76세,승용차,상해없음,여,31세,자전거,중상,차대차 - 기타,안전운전 의무 불이행,맑음,0,4
2018,대전광역시 서구5,대전광역시 서구 월평동(이마트 트레이더스 월평점 부근),2018-04-11,11시,경상,남,26세,승용차,상해없음,여,56세,자전거,경상,차대차 - 측면충돌,안전운전 의무 불이행,맑음,0,4
2018,대전광역시 서구5,대전광역시 서구 월평동(이마트 트레이더스 월평점 부근),2018-05-04,17시,경상,남,62세,승용차,상해없음,남,69세,자전거,경상,차대차 - 기타,신호위반,맑음,0,4
2018,대전광역시 서구5,대전광역시 서구 월평동(이마트 트레이더스 월평점 부근),2018-06-07,20시,경상,남,50세,승합차,상해없음,남,24세,자전거,경상,차대차 - 기타,안전운전 의무 불이행,맑음,0,4
2018,대전광역시 서구5,대전광역시 서구 월평동(이마트 트레이더스 월평점 부근),2018-12-29,10시,경상,남,50세,승용차,상해없음,남,75세,자전거,경상,차대차 - 측면충돌,안전운전 의무 불이행,맑음,0,4
2018,대전광역시 유성구1,대전광역시 유성구 구암동(유성고등학교후문 부근),2018-03-13,07시,중상,남,29세,자전거,중상,남,60세,화물차,상해없음,차대차 - 기타,안전운전 의무 불이행,맑음,0,5
2018,대전광역시 유성구1,대전광역시 유성구 구암동(유성고등학교후문 부근),2018-06-05,09시,경상,남,62세,승용차,상해없음,여,53세,자전거,경상,차대차 - 추돌,안전운전 의무 불이행,맑음,0,5
2018,대전광역시 유성구1,대전광역시 유성구 구암동(유성고등학교후문 부근),2018-08-10,18시,경상,남,24세,승용차,상해없음,남,15세,자전거,경상,차대차 - 측면충돌,안전운전 의무 불이행,맑음,0,5
2018,대전광역시 유성구1,대전광역시 유성구 구암동(유성고등학교후문 부근),2018-10-07,17시,중상,남,61세,승용차,상해없음,남,51세,자전거,중상,차대차 - 기타,안전운전 의무 불이행,맑음,0,5
2018,대전광역시 유성구1,대전광역시 유성구 구암동(유성고등학교후문 부근),2018-11-04,18시,중상,여,56세,승용차,상해없음,남,60세,자전거,중상,차대차 - 추돌,안전운전 의무 불이행,맑음,0,5
2018,대전광역시 유성구2,대전광역시 유성구 봉명동(봉명빌라 부근),2018-03-31,17시,경상,남,66세,승용차,상해없음,남,9세,자전거,경상,차대차 - 기타,안전운전 의무 불이행,맑음,0,5
2018,대전광역시 유성구2,대전광역시 유성구 봉명동(봉명빌라 부근),2018-05-15,09시,경상,기타불명,불명,불명,기타불명,남,27세,자전거,경상,차대차 - 측면충돌,안전운전 의무 불이행,맑음,0,5
2018,대전광역시 유성구2,대전광역시 유성구 봉명동(봉명빌라 부근),2018-05-21,23시,경상,남,51세,화물차,상해없음,여,63세,자전거,경상,차대차 - 측면충돌,교차로 통행방법 위반,맑음,0,5
2018,대전광역시 유성구2,대전광역시 유성구 봉명동(봉명빌라 부근),2018-05-24,00시,경상,남,41세,이륜차,상해없음,남,14세,자전거,경상,차대차 - 기타,안전운전 의무 불이행,맑음,0,5
2018,대전광역시 유성구2,대전광역시 유성구 봉명동(봉명빌라 부근),2018-10-24,15시,경상,남,49세,자전거,경상,남,63세,승용차,상해없음,차대차 - 기타,안전운전 의무 불이행,맑음,0,5
2018,대전광역시 유성구3,대전광역시 유성구 장대동(궁동교 부근),2018-04-26,13시,중상,남,31세,승합차,상해없음,남,76세,자전거,중상,차대차 - 기타,안전운전 의무 불이행,맑음,0,4
2018,대전광역시 유성구3,대전광역시 유성구 장대동(궁동교 부근),2018-05-04,12시,경상,남,39세,승용차,상해없음,남,24세,자전거,경상,차대차 - 기타,안전운전 의무 불이행,맑음,0,4
2018,대전광역시 유성구3,대전광역시 유성구 장대동(궁동교 부근),2018-06-16,16시,경상,남,35세,화물차,상해없음,남,73세,자전거,경상,차대차 - 추돌,안전운전 의무 불이행,맑음,0,4
2018,대전광역시 유성구3,대전광역시 유성구 장대동(궁동교 부근),2018-12-07,06시,중상,남,73세,승용차,상해없음,남,92세,자전거,중상,차대차 - 기타,안전운전 의무 불이행,맑음,0,4
2018,울산광역시 중구1,울산광역시 중구 복산동(복산사거리 부근),2018-04-10,08시,경상,남,43세,승용차,상해없음,남,73세,자전거,경상,차대차 - 정면충돌,안전운전 의무 불이행,맑음,0,7
2018,울산광역시 중구1,울산광역시 중구 복산동(복산사거리 부근),2018-06-20,17시,중상,남,41세,승용차,상해없음,남,8세,자전거,중상,차대차 - 측면충돌,안전운전 의무 불이행,맑음,0,7
2018,울산광역시 중구1,울산광역시 중구 복산동(복산사거리 부근),2018-08-08,19시,경상,남,41세,승용차,상해없음,남,62세,자전거,경상,차대차 - 측면충돌,안전운전 의무 불이행,맑음,0,7
2018,울산광역시 중구1,울산광역시 중구 복산동(복산사거리 부근),2018-09-27,13시,경상,남,75세,자전거,상해없음,여,64세,보행자,경상,차대사람 - 기타,안전운전 의무 불이행,맑음,0,7
2018,울산광역시 중구1,울산광역시 중구 복산동(복산사거리 부근),2018-10-13,20시,경상,남,85세,자전거,경상,남,19세,승용차,부상신고,차대차 - 측면충돌,기타,맑음,0,7
2018,울산광역시 중구1,울산광역시 중구 복산동(복산사거리 부근),2018-10-23,20시,중상,남,39세,화물차,상해없음,남,63세,자전거,중상,차대차 - 정면충돌,안전운전 의무 불이행,맑음,0,7
2018,울산광역시 중구2,울산광역시 중구 옥교동(울산종합사료 부근),2018-01-20,13시,중상,남,42세,승용차,상해없음,남,80세,자전거,중상,차대차 - 기타,교차로 통행방법 위반,맑음,0,5
2018,울산광역시 중구2,울산광역시 중구 옥교동(울산종합사료 부근),2018-03-24,13시,경상,기타불명,불명,불명,기타불명,남,78세,자전거,경상,차대차 - 측면충돌,안전운전 의무 불이행,맑음,0,5
2018,울산광역시 중구2,울산광역시 중구 옥교동(울산종합사료 부근),2018-04-25,17시,중상,남,89세,자전거,중상,여,58세,승용차,상해없음,차대차 - 측면충돌,중앙선 침범,맑음,0,5