사고년도,다발시군구,지점명,사고일시,사고시간대,사고등급,가해자성별,가해자연령,가해차종,가해자신체상해정도,피해자성별,피해자연령,피해차종,피해자신체상해정도,사고유형,가해자법규위반,기상상태,사망자수,부상자수
2018,울산광역시 중구2,울산광역시 중구 옥교동(울산종합사료 부근),2018-06-12,12시,부상신고,남,70세,자전거,부상신고,여,64세,화물차,상해없음,차대차 - 측면충돌,중앙선 침범,맑음,0,5
2018,울산광역시 중구2,울산광역시 중구 옥교동(울산종합사료 부근),2018-10-13,12시,중상,남,79세,자전거,중상,없음,불명,없음,없음,차량단독 - 기타,안전운전 의무 불이행,맑음,0,5
2018,울산광역시 중구3,울산광역시 중구 옥교동(이안태화강엑소디움 부근),2018-02-03,15시,경상,남,14세,자전거,경상,남,51세,승합차,상해없음,차대차 - 측면충돌,안전운전 의무 불이행,맑음,0,5
2018,울산광역시 중구3,울산광역시 중구 옥교동(이안태화강엑소디움 부근),2018-03-02,13시,부상신고,남,82세,자전거,부상신고,여,44세,승용차,상해없음,차대차 - 정면충돌,중앙선 침범,맑음,0,5
2018,울산광역시 중구3,울산광역시 중구 옥교동(이안태화강엑소디움 부근),2018-06-04,10시,중상,여,62세,승용차,상해없음,남,55세,자전거,중상,차대차 - 기타,안전운전 의무 불이행,맑음,0,5
2018,울산광역시 중구3,울산광역시 중구 옥교동(이안태화강엑소디움 부근),2018-10-24,14시,부상신고,남,73세,자전거,부상신고,남,54세,승용차,상해없음,차대차 - 추돌,안전거리 미확보,맑음,0,5
2018,울산광역시 중구3,울산광역시 중구 옥교동(이안태화강엑소디움 부근),2018-11-27,13시,중상,남,78세,자전거,중상,남,72세,승합차,상해없음,차대차 - 측면충돌,안전운전 의무 불이행,맑음,0,5
2018,울산광역시 중구4,울산광역시 중구 학성동(학성공원사거리 부근),2018-03-12,07시,경상,여,60세,승용차,상해없음,남,68세,자전거,경상,차대차 - 기타,안전운전 의무 불이행,맑음,0,4
2018,울산광역시 중구4,울산광역시 중구 학성동(학성공원사거리 부근),2018-05-09,13시,부상신고,남,52세,자전거,부상신고,남,67세,승용차,상해없음,차대차 - 측면충돌,안전운전 의무 불이행,맑음,0,4
2018,울산광역시 중구4,울산광역시 중구 학성동(학성공원사거리 부근),2018-05-22,18시,부상신고,남,51세,자전거,부상신고,남,55세,화물차,상해없음,차대차 - 측면충돌,안전운전 의무 불이행,맑음,0,4
2018,울산광역시 중구4,울산광역시 중구 학성동(학성공원사거리 부근),2018-10-16,13시,경상,남,50세,승용차,상해없음,남,65세,자전거,경상,차대차 - 추돌,안전거리 미확보,맑음,0,4
2018,울산광역시 남구1,울산광역시 남구 신정동(신정4동주민센터입구사거리 부근),2018-04-12,08시,중상,여,32세,승용차,상해없음,남,75세,자전거,중상,차대차 - 측면충돌,안전거리 미확보,맑음,0,5
2018,울산광역시 남구1,울산광역시 남구 신정동(신정4동주민센터입구사거리 부근),2018-05-25,18시,부상신고,여,59세,자전거,부상신고,여,36세,승용차,상해없음,차대차 - 기타,신호위반,맑음,0,5
2018,울산광역시 남구1,울산광역시 남구 신정동(신정4동주민센터입구사거리 부근),2018-09-14,07시,중상,남,80세,자전거,중상,여,67세,승용차,상해없음,차대차 - 측면충돌,안전운전 의무 불이행,맑음,0,5
2018,울산광역시 남구1,울산광역시 남구 신정동(신정4동주민센터입구사거리 부근),2018-10-24,15시,경상,여,26세,승용차,상해없음,남,76세,자전거,경상,차대차 - 측면충돌,안전운전 의무 불이행,맑음,0,5
2018,울산광역시 남구1,울산광역시 남구 신정동(신정4동주민센터입구사거리 부근),2018-10-26,19시,경상,여,47세,승용차,상해없음,남,35세,자전거,경상,차대차 - 기타,안전운전 의무 불이행,맑음,0,5
2018,울산광역시 동구1,울산광역시 동구 동부동(안산사거리 부근),2018-04-19,00시,중상,남,51세,자전거,중상,여,57세,화물차,상해없음,차대차 - 측면충돌,신호위반,맑음,0,5
2018,울산광역시 동구1,울산광역시 동구 동부동(안산사거리 부근),2018-05-25,21시,중상,남,49세,자전거,중상,남,36세,승용차,상해없음,차대차 - 측면충돌,신호위반,맑음,0,5
2018,울산광역시 동구1,울산광역시 동구 동부동(안산사거리 부근),2018-07-23,17시,경상,남,34세,이륜차,상해없음,남,63세,자전거,경상,차대차 - 기타,신호위반,맑음,0,5
2018,울산광역시 동구1,울산광역시 동구 동부동(안산사거리 부근),2018-09-18,15시,경상,남,58세,승용차,상해없음,남,37세,자전거,경상,차대차 - 기타,안전운전 의무 불이행,맑음,0,5
2018,울산광역시 동구1,울산광역시 동구 동부동(안산사거리 부근),2018-11-24,05시,경상,남,58세,승용차,상해없음,남,34세,자전거,경상,차대차 - 측면충돌,안전운전 의무 불이행,맑음,0,5
2018,세종특별자치시 세종특별자치시1,세종특별자치시 세종특별자치시 조치원읍(상리사거리 부근),2018-06-20,09시,중상,남,47세,화물차,상해없음,여,22세,자전거,중상,차대차 - 측면충돌,안전운전 의무 불이행,맑음,1,3
2018,세종특별자치시 세종특별자치시1,세종특별자치시 세종특별자치시 조치원읍(상리사거리 부근),2018-06-22,11시,사망,남,65세,화물차,상해없음,여,66세,자전거,사망,차대차 - 측면충돌,안전운전 의무 불이행,맑음,1,3
2018,세종특별자치시 세종특별자치시1,세종특별자치시 세종특별자치시 조치원읍(상리사거리 부근),2018-07-06,08시,중상,남,53세,승용차,상해없음,남,38세,자전거,중상,차대차 - 기타,안전운전 의무 불이행,맑음,1,3
2018,세종특별자치시 세종특별자치시1,세종특별자치시 세종특별자치시 조치원읍(상리사거리 부근),2018-10-04,15시,중상,여,46세,승용차,상해없음,남,66세,자전거,중상,차대차 - 측면충돌,안전운전 의무 불이행,맑음,1,3
2018,경기도 수원시 장안구1,경기도 수원시 장안구 송죽동(경기도행정동우회관 부근),2018-01-14,13시,경상,여,14세,자전거,경상,남,58세,승용차,상해없음,차대차 - 기타,신호위반,맑음,0,6
2018,경기도 수원시 장안구1,경기도 수원시 장안구 송죽동(경기도행정동우회관 부근),2018-04-12,14시,경상,남,17세,자전거,상해없음,남,70세,보행자,경상,차대사람 - 기타,기타,맑음,0,6
2018,경기도 수원시 장안구1,경기도 수원시 장안구 송죽동(경기도행정동우회관 부근),2018-07-20,10시,경상,남,74세,자전거,경상,남,26세,승용차,상해없음,차대차 - 측면충돌,안전거리 미확보,맑음,0,6
2018,경기도 수원시 장안구1,경기도 수원시 장안구 송죽동(경기도행정동우회관 부근),2018-07-28,10시,중상,남,60세,자전거,중상,남,52세,승용차,상해없음,차대차 - 기타,신호위반,맑음,0,6
2018,경기도 수원시 장안구1,경기도 수원시 장안구 송죽동(경기도행정동우회관 부근),2018-09-28,10시,중상,남,84세,화물차,상해없음,여,58세,자전거,중상,차대차 - 측면충돌,신호위반,맑음,0,6
2018,경기도 수원시 장안구1,경기도 수원시 장안구 송죽동(경기도행정동우회관 부근),2018-10-19,16시,경상,남,26세,이륜차,상해없음,남,12세,자전거,경상,차대차 - 기타,신호위반,맑음,0,6
2018,경기도 수원시 장안구2,경기도 수원시 장안구 정자동(두견사거리 부근),2018-01-18,19시,경상,남,24세,승용차,상해없음,남,77세,자전거,경상,차대차 - 측면충돌,안전운전 의무 불이행,맑음,0,5
2018,경기도 수원시 장안구2,경기도 수원시 장안구 정자동(두견사거리 부근),2018-04-12,18시,경상,남,58세,이륜차,상해없음,여,37세,자전거,경상,차대차 - 측면충돌,신호위반,맑음,0,5
2018,경기도 수원시 장안구2,경기도 수원시 장안구 정자동(두견사거리 부근),2018-05-10,08시,경상,여,59세,승용차,상해없음,여,57세,자전거,경상,차대차 - 기타,신호위반,맑음,0,5
2018,경기도 수원시 장안구2,경기도 수원시 장안구 정자동(두견사거리 부근),2018-07-12,20시,경상,남,13세,자전거,경상,남,41세,승용차,상해없음,차대차 - 기타,안전운전 의무 불이행,맑음,0,5
2018,경기도 수원시 장안구2,경기도 수원시 장안구 정자동(두견사거리 부근),2018-10-07,18시,중상,남,67세,승용차,상해없음,여,66세,자전거,중상,차대차 - 기타,교차로 통행방법 위반,맑음,0,5
2018,경기도 수원시 장안구3,경기도 수원시 장안구 정자동(경기도체육회관 부근),2018-07-28,16시,경상,남,24세,화물차,상해없음,남,80세,자전거,경상,차대차 - 측면충돌,신호위반,맑음,0,4
2018,경기도 수원시 장안구3,경기도 수원시 장안구 정자동(경기도체육회관 부근),2018-09-08,06시,중상,남,73세,자전거,중상,남,36세,승합차,상해없음,차대차 - 측면충돌,안전운전 의무 불이행,맑음,0,4
2018,경기도 수원시 장안구3,경기도 수원시 장안구 정자동(경기도체육회관 부근),2018-10-24,09시,중상,남,59세,화물차,상해없음,여,54세,자전거,중상,차대차 - 측면충돌,안전운전 의무 불이행,맑음,0,4
2018,경기도 수원시 장안구3,경기도 수원시 장안구 정자동(경기도체육회관 부근),2018-12-09,23시,중상,남,50세,승용차,상해없음,남,26세,자전거,중상,차대차 - 기타,기타,맑음,0,4
2018,경기도 수원시 장안구4,경기도 수원시 장안구 송죽동(만석공원사거리 부근),2018-01-06,10시,중상,남,57세,승용차,상해없음,여,26세,자전거,중상,차대차 - 측면충돌,신호위반,맑음,0,4
2018,경기도 수원시 장안구4,경기도 수원시 장안구 송죽동(만석공원사거리 부근),2018-07-13,17시,경상,기타불명,불명,불명,기타불명,남,19세,자전거,경상,차대차 - 기타,신호위반,맑음,0,4
2018,경기도 수원시 장안구4,경기도 수원시 장안구 송죽동(만석공원사거리 부근),2018-09-28,08시,경상,여,24세,자전거,경상,남,15세,자전거,상해없음,차대차 - 기타,안전운전 의무 불이행,맑음,0,4
2018,경기도 수원시 장안구4,경기도 수원시 장안구 송죽동(만석공원사거리 부근),2018-10-09,14시,중상,남,54세,승용차,상해없음,남,27세,자전거,중상,차대차 - 기타,신호위반,맑음,0,4
2018,경기도 수원시 장안구5,경기도 수원시 장안구 정자동(정자초교사거리 부근),2018-03-13,09시,부상신고,남,57세,승용차,상해없음,여,36세,자전거,부상신고,차대차 - 측면충돌,안전운전 의무 불이행,맑음,0,4
2018,경기도 수원시 장안구5,경기도 수원시 장안구 정자동(정자초교사거리 부근),2018-04-10,19시,중상,남,55세,자전거,중상,남,43세,이륜차,상해없음,차대차 - 기타,안전운전 의무 불이행,맑음,0,4
2018,경기도 수원시 장안구5,경기도 수원시 장안구 정자동(정자초교사거리 부근),2018-06-23,18시,경상,여,41세,승용차,상해없음,남,14세,자전거,경상,차대차 - 기타,안전운전 의무 불이행,맑음,0,4
2018,경기도 수원시 장안구5,경기도 수원시 장안구 정자동(정자초교사거리 부근),2018-09-13,08시,부상신고,남,61세,승용차,상해없음,여,37세,자전거,부상신고,차대차 - 기타,안전운전 의무 불이행,맑음,0,4
2018,경기도 수원시 권선구1,경기도 수원시 권선구 세류동(GS25 권선장다리점 부근),2018-06-02,15시,경상,남,76세,자전거,경상,남,67세,승용차,상해없음,차대차 - 기타,안전운전 의무 불이행,맑음,1,4
2018,경기도 수원시 권선구1,경기도 수원시 권선구 세류동(GS25 권선장다리점 부근),2018-09-18,14시,사망,남,77세,자전거,사망,남,64세,승용차,상해없음,차대차 - 측면충돌,안전운전 의무 불이행,맑음,1,4
2018,경기도 수원시 권선구1,경기도 수원시 권선구 세류동(GS25 권선장다리점 부근),2018-10-10,16시,중상,남,49세,승용차,상해없음,남,56세,자전거,중상,차대차 - 측면충돌,안전운전 의무 불이행,맑음,1,4
2018,경기도 수원시 권선구1,경기도 수원시 권선구 세류동(GS25 권선장다리점 부근),2018-10-16,12시,중상,남,33세,승용차,기타불명,남,77세,자전거,중상,차대차 - 측면충돌,안전운전 의무 불이행,맑음,1,4
2018,경기도 수원시 권선구1,경기도 수원시 권선구 세류동(GS25 권선장다리점 부근),2018-11-03,11시,경상,남,22세,승용차,상해없음,남,27세,자전거,경상,차대차 - 측면충돌,안전운전 의무 불이행,맑음,1,4
2018,경기도 수원시 권선구2,경기도 수원시 권선구 권선동(한국투자저축은행 수원지점 부근),2018-02-14,11시,경상,남,59세,자전거,경상,남,44세,승용차,상해없음,차대차 - 기타,중앙선 침범,맑음,0,5
2018,경기도 수원시 권선구2,경기도 수원시 권선구 권선동(한국투자저축은행 수원지점 부근),2018-07-25,17시,중상,남,36세,승용차,상해없음,남,47세,자전거,중상,차대차 - 측면충돌,안전운전 의무 불이행,맑음,0,5
2018,경기도 수원시 권선구2,경기도 수원시 권선구 권선동(한국투자저축은행 수원지점 부근),2018-10-03,03시,중상,남,36세,이륜차,상해없음,남,58세,자전거,중상,차대차 - 측면충돌,안전운전 의무 불이행,맑음,0,5
2018,경기도 수원시 권선구2,경기도 수원시 권선구 권선동(한국투자저축은행 수원지점 부근),2018-10-18,20시,경상,남,27세,승용차,상해없음,남,33세,자전거,경상,차대차 - 기타,안전운전 의무 불이행,맑음,0,5
2018,경기도 수원시 권선구2,경기도 수원시 권선구 권선동(한국투자저축은행 수원지점 부근),2018-12-11,07시,경상,여,57세,승용차,상해없음,남,78세,자전거,경상,차대차 - 측면충돌,안전운전 의무 불이행,맑음,0,5
2018,경기도 수원시 팔달구1,경기도 수원시 팔달구 남수동(세븐일레븐 수원남문2호점 부근),2018-01-12,13시,중상,남,75세,화물차,상해없음,남,80세,자전거,중상,차대차 - 기타,신호위반,맑음,0,7
2018,경기도 수원시 팔달구1,경기도 수원시 팔달구 남수동(세븐일레븐 수원남문2호점 부근),2018-04-07,10시,경상,남,74세,자전거,경상,여,55세,승용차,상해없음,차대차 - 측면충돌,안전운전 의무 불이행,맑음,0,7
2018,경기도 수원시 팔달구1,경기도 수원시 팔달구 남수동(세븐일레븐 수원남문2호점 부근),2018-06-05,09시,경상,여,54세,자전거,경상,남,44세,승용차,상해없음,차대차 - 기타,안전운전 의무 불이행,맑음,0,7
2018,경기도 수원시 팔달구1,경기도 수원시 팔달구 남수동(세븐일레븐 수원남문2호점 부근),2018-06-17,18시,부상신고,남,41세,자전거,부상신고,남,33세,승용차,상해없음,차대차 - 측면충돌,안전운전 의무 불이행,맑음,0,7
2018,경기도 수원시 팔달구1,경기도 수원시 팔달구 남수동(세븐일레븐 수원남문2호점 부근),2018-09-01,15시,경상,남,71세,자전거,경상,남,70세,승용차,상해없음,차대차 - 기타,기타,맑음,0,7
2018,경기도 수원시 팔달구1,경기도 수원시 팔달구 남수동(세븐일레븐 수원남문2호점 부근),2018-10-01,13시,중상,남,68세,자전거,중상,남,38세,화물차,상해없음,차대차 - 기타,안전운전 의무 불이행,맑음,0,7
2018,경기도 수원시 팔달구1,경기도 수원시 팔달구 남수동(세븐일레븐 수원남문2호점 부근),2018-10-26,09시,부상신고,기타불명,불명,불명,기타불명,남,76세,자전거,부상신고,차대차 - 추돌,안전운전 의무 불이행,맑음,0,7
2018,경기도 수원시 팔달구2,경기도 수원시 팔달구 북수동(매향통닭 부근),2018-01-22,17시,중상,여,56세,자전거,중상,남,37세,승용차,상해없음,차대차 - 기타,안전운전 의무 불이행,비,0,6
2018,경기도 수원시 팔달구2,경기도 수원시 팔달구 북수동(매향통닭 부근),2018-03-21,19시,중상,여,60세,자전거,중상,남,39세,승용차,상해없음,차대차 - 기타,안전운전 의무 불이행,눈,0,6
2018,경기도 수원시 팔달구2,경기도 수원시 팔달구 북수동(매향통닭 부근),2018-05-31,08시,부상신고,남,68세,승용차,기타불명,남,17세,자전거,부상신고,차대차 - 기타,안전운전 의무 불이행,맑음,0,6
2018,경기도 수원시 팔달구2,경기도 수원시 팔달구 북수동(매향통닭 부근),2018-05-31,17시,부상신고,남,65세,자전거,부상신고,남,22세,승용차,상해없음,차대차 - 기타,안전운전 의무 불이행,맑음,0,6
2018,경기도 수원시 팔달구2,경기도 수원시 팔달구 북수동(매향통닭 부근),2018-06-08,19시,부상신고,남,21세,자전거,부상신고,남,48세,승용차,상해없음,차대차 - 정면충돌,중앙선 침범,맑음,0,6
2018,경기도 수원시 팔달구2,경기도 수원시 팔달구 북수동(매향통닭 부근),2018-06-19,14시,경상,여,21세,자전거,경상,여,62세,승용차,상해없음,차대차 - 기타,안전운전 의무 불이행,맑음,0,6
2018,경기도 수원시 팔달구3,경기도 수원시 팔달구 우만동(GS25 수원우만점 부근),2018-05-08,10시,경상,남,67세,승합차,상해없음,여,55세,자전거,경상,차대차 - 측면충돌,안전운전 의무 불이행,맑음,0,5
2018,경기도 수원시 팔달구3,경기도 수원시 팔달구 우만동(GS25 수원우만점 부근),2018-07-30,19시,중상,남,36세,승용차,상해없음,남,27세,자전거,중상,차대차 - 기타,교차로 통행방법 위반,맑음,0,5
2018,경기도 수원시 팔달구3,경기도 수원시 팔달구 우만동(GS25 수원우만점 부근),2018-09-01,00시,부상신고,남,54세,이륜차,상해없음,남,47세,자전거,부상신고,차대차 - 정면충돌,안전운전 의무 불이행,맑음,0,5
2018,경기도 수원시 팔달구3,경기도 수원시 팔달구 우만동(GS25 수원우만점 부근),2018-09-12,17시,경상,남,11세,자전거,경상,남,25세,승용차,상해없음,차대차 - 기타,안전운전 의무 불이행,맑음,0,5
2018,경기도 수원시 팔달구3,경기도 수원시 팔달구 우만동(GS25 수원우만점 부근),2018-11-23,08시,경상,남,12세,자전거,경상,남,20세,승용차,상해없음,차대차 - 기타,안전운전 의무 불이행,맑음,0,5
2018,경기도 수원시 팔달구4,경기도 수원시 팔달구 북수동(장안문로터리 부근),2018-01-04,15시,중상,남,57세,승합차,상해없음,남,60세,자전거,중상,차대차 - 측면충돌,안전운전 의무 불이행,맑음,0,4
2018,경기도 수원시 팔달구4,경기도 수원시 팔달구 북수동(장안문로터리 부근),2018-05-18,05시,중상,남,69세,승합차,상해없음,여,55세,자전거,중상,차대차 - 기타,안전거리 미확보,비,0,4
2018,경기도 수원시 팔달구4,경기도 수원시 팔달구 북수동(장안문로터리 부근),2018-08-03,08시,경상,남,85세,자전거,경상,없음,불명,없음,없음,차량단독 - 기타,안전운전 의무 불이행,맑음,0,4
2018,경기도 수원시 팔달구4,경기도 수원시 팔달구 북수동(장안문로터리 부근),2018-10-08,08시,부상신고,남,60세,자전거,부상신고,남,48세,승합차,상해없음,차대차 - 기타,안전거리 미확보,맑음,0,4
2018,경기도 성남시 수정구1,경기도 성남시 수정구 태평동(태평역 부근),2018-06-04,13시,중상,여,51세,승용차,상해없음,남,78세,자전거,중상,차대차 - 측면충돌,안전운전 의무 불이행,맑음,0,5
2018,경기도 성남시 수정구1,경기도 성남시 수정구 태평동(태평역 부근),2018-07-14,16시,중상,남,54세,승용차,상해없음,남,74세,자전거,중상,차대차 - 기타,기타,맑음,0,5
2018,경기도 성남시 수정구1,경기도 성남시 수정구 태평동(태평역 부근),2018-07-16,19시,경상,남,31세,승용차,상해없음,남,12세,자전거,경상,차대차 - 측면충돌,신호위반,맑음,0,5
2018,경기도 성남시 수정구1,경기도 성남시 수정구 태평동(태평역 부근),2018-09-14,17시,경상,남,50세,화물차,상해없음,남,66세,자전거,경상,차대차 - 측면충돌,신호위반,맑음,0,5
2018,경기도 성남시 수정구1,경기도 성남시 수정구 태평동(태평역 부근),2018-12-08,13시,경상,남,84세,자전거,경상,여,33세,승용차,상해없음,차대차 - 기타,안전운전 의무 불이행,맑음,0,5
2018,경기도 성남시 중원구1,경기도 성남시 중원구 성남동(모란사거리 부근),2018-02-13,18시,부상신고,남,62세,자전거,부상신고,남,49세,승합차,상해없음,차대차 - 측면충돌,기타,맑음,0,9
2018,경기도 성남시 중원구1,경기도 성남시 중원구 성남동(모란사거리 부근),2018-03-06,12시,경상,여,34세,승용차,상해없음,남,62세,자전거,경상,차대차 - 기타,신호위반,맑음,0,9
2018,경기도 성남시 중원구1,경기도 성남시 중원구 성남동(모란사거리 부근),2018-04-07,11시,중상,남,41세,승용차,상해없음,남,46세,자전거,중상,차대차 - 기타,안전운전 의무 불이행,맑음,0,9
2018,경기도 성남시 중원구1,경기도 성남시 중원구 성남동(모란사거리 부근),2018-05-11,20시,중상,여,27세,자전거,경상,남,43세,이륜차,중상,차대차 - 기타,기타,맑음,0,9
2018,경기도 성남시 중원구1,경기도 성남시 중원구 성남동(모란사거리 부근),2018-05-14,07시,중상,여,44세,승용차,상해없음,남,38세,자전거,중상,차대차 - 기타,안전운전 의무 불이행,맑음,0,9
2018,경기도 성남시 중원구1,경기도 성남시 중원구 성남동(모란사거리 부근),2018-08-07,06시,경상,남,23세,화물차,상해없음,남,75세,자전거,경상,차대차 - 측면충돌,신호위반,맑음,0,9
2018,경기도 성남시 중원구1,경기도 성남시 중원구 성남동(모란사거리 부근),2018-10-17,10시,경상,남,42세,승용차,상해없음,여,59세,자전거,경상,차대차 - 기타,안전운전 의무 불이행,맑음,0,9
2018,경기도 성남시 중원구1,경기도 성남시 중원구 성남동(모란사거리 부근),2018-11-19,11시,중상,남,60세,건설기계,상해없음,남,61세,자전거,중상,차대차 - 추돌,안전운전 의무 불이행,맑음,0,9
2018,경기도 성남시 중원구2,경기도 성남시 중원구 중앙동(신흥사거리 부근),2018-02-12,13시,경상,남,78세,자전거,상해없음,남,60세,보행자,경상,차대사람 - 기타,중앙선 침범,맑음,0,4
2018,경기도 성남시 중원구2,경기도 성남시 중원구 중앙동(신흥사거리 부근),2018-02-26,10시,경상,여,62세,승용차,기타불명,남,57세,자전거,경상,차대차 - 기타,안전운전 의무 불이행,맑음,0,4
2018,경기도 성남시 중원구2,경기도 성남시 중원구 중앙동(신흥사거리 부근),2018-04-28,16시,경상,여,10세,자전거,기타불명,여,25세,보행자,경상,차대사람 - 기타,안전운전 의무 불이행,맑음,0,4
2018,경기도 성남시 중원구2,경기도 성남시 중원구 중앙동(신흥사거리 부근),2018-05-26,17시,중상,남,40세,자전거,상해없음,남,53세,보행자,중상,차대사람 - 횡단중,안전운전 의무 불이행,맑음,0,4
2018,경기도 성남시 분당구1,경기도 성남시 분당구 수내동(양지마을청구2단지아파트정문 부근),2018-03-14,13시,경상,남,40세,자전거,상해없음,남,44세,보행자,경상,차대사람 - 기타,안전운전 의무 불이행,맑음,0,7
2018,경기도 성남시 분당구1,경기도 성남시 분당구 수내동(양지마을청구2단지아파트정문 부근),2018-05-07,11시,경상,남,50세,자전거,상해없음,여,66세,보행자,경상,차대사람 - 기타,안전운전 의무 불이행,맑음,0,7
2018,경기도 성남시 분당구1,경기도 성남시 분당구 수내동(양지마을청구2단지아파트정문 부근),2018-07-10,08시,경상,남,49세,승용차,상해없음,남,57세,자전거,경상,차대차 - 기타,안전운전 의무 불이행,맑음,0,7
2018,경기도 성남시 분당구1,경기도 성남시 분당구 수내동(양지마을청구2단지아파트정문 부근),2018-07-10,18시,경상,남,36세,승용차,상해없음,남,30세,자전거,경상,차대차 - 기타,안전운전 의무 불이행,맑음,0,7
2018,경기도 성남시 분당구1,경기도 성남시 분당구 수내동(양지마을청구2단지아파트정문 부근),2018-07-27,18시,경상,여,48세,승용차,상해없음,여,58세,자전거,경상,차대차 - 추돌,안전운전 의무 불이행,맑음,0,7
2018,경기도 성남시 분당구1,경기도 성남시 분당구 수내동(양지마을청구2단지아파트정문 부근),2018-10-18,09시,중상,여,44세,승용차,상해없음,여,64세,자전거,중상,차대차 - 추돌,안전운전 의무 불이행,맑음,0,7
2018,경기도 성남시 분당구1,경기도 성남시 분당구 수내동(양지마을청구2단지아파트정문 부근),2018-11-03,14시,경상,남,12세,자전거,상해없음,남,69세,자전거,경상,차대차 - 기타,안전운전 의무 불이행,맑음,0,7
2018,경기도 의정부시1,경기도 의정부시 호원동(회룡역앞사거리 부근),2018-06-19,19시,경상,남,10세,자전거,경상,남,57세,승합차,상해없음,차대차 - 측면충돌,기타,맑음,0,4
2018,경기도 의정부시1,경기도 의정부시 호원동(회룡역앞사거리 부근),2018-08-03,13시,경상,남,59세,이륜차,상해없음,남,74세,자전거,경상,차대차 - 기타,교차로 통행방법 위반,맑음,0,4
2018,경기도 의정부시1,경기도 의정부시 호원동(회룡역앞사거리 부근),2018-09-13,13시,중상,남,44세,승합차,상해없음,남,75세,자전거,중상,차대차 - 측면충돌,안전운전 의무 불이행,맑음,0,4
2018,경기도 의정부시1,경기도 의정부시 호원동(회룡역앞사거리 부근),2018-11-26,16시,중상,여,31세,승용차,상해없음,남,77세,자전거,중상,차대차 - 정면충돌,안전운전 의무 불이행,맑음,0,4
2018,경기도 의정부시2,경기도 의정부시 의정부동(명보치과 부근),2018-03-24,13시,중상,남,43세,승용차,상해없음,여,55세,자전거,중상,차대차 - 기타,안전운전 의무 불이행,맑음,0,4
2018,경기도 의정부시2,경기도 의정부시 의정부동(명보치과 부근),2018-07-19,15시,경상,여,70세,승용차,상해없음,남,50세,자전거,경상,차대차 - 기타,안전운전 의무 불이행,맑음,0,4
2018,경기도 의정부시2,경기도 의정부시 의정부동(명보치과 부근),2018-08-26,11시,경상,남,82세,자전거,경상,여,55세,승용차,상해없음,차대차 - 기타,기타,맑음,0,4
2018,경기도 의정부시2,경기도 의정부시 의정부동(명보치과 부근),2018-09-23,14시,부상신고,남,17세,자전거,상해없음,여,60세,보행자,부상신고,차대사람 - 횡단중,안전운전 의무 불이행,맑음,0,4
2018,경기도 안양시 만안구1,경기도 안양시 만안구 안양동(관악대로69번길 부근),2018-06-05,14시,중상,남,27세,화물차,상해없음,남,71세,자전거,중상,차대차 - 측면충돌,신호위반,맑음,0,6
2018,경기도 안양시 만안구1,경기도 안양시 만안구 안양동(관악대로69번길 부근),2018-08-11,08시,경상,남,15세,자전거,상해없음,남,46세,자전거,경상,차대차 - 정면충돌,안전운전 의무 불이행,맑음,0,6
2018,경기도 안양시 만안구1,경기도 안양시 만안구 안양동(관악대로69번길 부근),2018-09-25,12시,중상,남,45세,자전거,부상신고,남,60세,자전거,중상,차대차 - 기타,안전거리 미확보,맑음,0,6
2018,경기도 안양시 만안구1,경기도 안양시 만안구 안양동(관악대로69번길 부근),2018-10-15,07시,경상,남,54세,자전거,상해없음,남,28세,자전거,경상,차대차 - 기타,안전운전 의무 불이행,맑음,0,6
2018,경기도 안양시 만안구1,경기도 안양시 만안구 안양동(관악대로69번길 부근),2018-11-15,13시,중상,여,41세,화물차,상해없음,남,74세,자전거,중상,차대차 - 측면충돌,안전운전 의무 불이행,맑음,0,6
2018,경기도 안양시 만안구2,경기도 안양시 만안구 석수동(SK엔크린 안국에너지 서진주유소 부근),2018-04-19,19시,중상,남,72세,승용차,상해없음,남,49세,자전거,중상,차대차 - 측면충돌,안전거리 미확보,맑음,1,2
2018,경기도 안양시 만안구2,경기도 안양시 만안구 석수동(SK엔크린 안국에너지 서진주유소 부근),2018-09-13,15시,부상신고,남,79세,자전거,부상신고,여,64세,보행자,상해없음,차대사람 - 보도통행중,안전운전 의무 불이행,맑음,1,2
2018,경기도 안양시 만안구2,경기도 안양시 만안구 석수동(SK엔크린 안국에너지 서진주유소 부근),2018-10-22,15시,사망,남,58세,건설기계,상해없음,남,76세,자전거,사망,차대차 - 측면충돌,안전운전 의무 불이행,맑음,1,2
2018,경기도 안양시 동안구1,경기도 안양시 동안구 호계동(범계사거리 부근),2018-01-16,09시,경상,여,42세,승용차,상해없음,남,75세,자전거,경상,차대차 - 측면충돌,안전운전 의무 불이행,맑음,0,6
2018,경기도 안양시 동안구1,경기도 안양시 동안구 호계동(범계사거리 부근),2018-02-20,08시,경상,남,50세,승용차,상해없음,남,27세,자전거,경상,차대차 - 기타,안전운전 의무 불이행,맑음,0,6
2018,경기도 안양시 동안구1,경기도 안양시 동안구 호계동(범계사거리 부근),2018-04-17,17시,경상,여,56세,승용차,상해없음,여,60세,자전거,경상,차대차 - 측면충돌,교차로 통행방법 위반,맑음,0,6
2018,경기도 안양시 동안구1,경기도 안양시 동안구 호계동(범계사거리 부근),2018-08-31,00시,중상,남,41세,이륜차,상해없음,남,17세,자전거,중상,차대차 - 측면충돌,안전운전 의무 불이행,맑음,0,6
2018,경기도 안양시 동안구1,경기도 안양시 동안구 호계동(범계사거리 부근),2018-09-04,18시,경상,남,59세,승용차,기타불명,남,39세,자전거,경상,차대차 - 측면충돌,안전운전 의무 불이행,맑음,0,6