사고년도,다발시군구,지점명,사고일시,사고시간대,사고등급,가해자성별,가해자연령,가해차종,가해자신체상해정도,피해자성별,피해자연령,피해차종,피해자신체상해정도,사고유형,가해자법규위반,기상상태,사망자수,부상자수
2018,경기도 안산시 단원구5,경기도 안산시 단원구 초지동(초지운동장사거리 부근),2018-09-11,08시,중상,남,35세,승용차,상해없음,여,48세,자전거,중상,차대차 - 측면충돌,안전운전 의무 불이행,맑음,0,4
2018,경기도 안산시 단원구5,경기도 안산시 단원구 초지동(초지운동장사거리 부근),2018-11-17,11시,중상,여,74세,승용차,상해없음,여,55세,자전거,중상,차대차 - 측면충돌,안전운전 의무 불이행,맑음,0,4
2018,경기도 안산시 단원구6,경기도 안산시 단원구 고잔동(화정교 부근),2018-05-25,16시,중상,남,61세,승용차,상해없음,남,51세,자전거,중상,차대차 - 측면충돌,신호위반,맑음,0,4
2018,경기도 안산시 단원구6,경기도 안산시 단원구 고잔동(화정교 부근),2018-09-12,21시,중상,여,46세,승용차,상해없음,남,13세,자전거,중상,차대차 - 정면충돌,안전운전 의무 불이행,맑음,0,4
2018,경기도 안산시 단원구6,경기도 안산시 단원구 고잔동(화정교 부근),2018-12-05,09시,경상,여,62세,자전거,경상,여,45세,승용차,상해없음,차대차 - 기타,기타,맑음,0,4
2018,경기도 안산시 단원구6,경기도 안산시 단원구 고잔동(화정교 부근),2018-12-05,18시,경상,여,22세,자전거,경상,남,54세,화물차,상해없음,차대차 - 기타,안전운전 의무 불이행,맑음,0,4
2018,경기도 안산시 단원구7,경기도 안산시 단원구 와동(보쉬카서비스 안산와카 부근),2018-03-21,04시,중상,남,30세,승합차,상해없음,남,57세,자전거,중상,차대차 - 기타,안전운전 의무 불이행,맑음,0,4
2018,경기도 안산시 단원구7,경기도 안산시 단원구 와동(보쉬카서비스 안산와카 부근),2018-06-16,19시,경상,남,57세,승용차,상해없음,남,47세,자전거,경상,차대차 - 측면충돌,안전운전 의무 불이행,맑음,0,4
2018,경기도 안산시 단원구7,경기도 안산시 단원구 와동(보쉬카서비스 안산와카 부근),2018-06-22,21시,경상,남,56세,승용차,상해없음,남,52세,자전거,경상,차대차 - 측면충돌,교차로 통행방법 위반,맑음,0,4
2018,경기도 안산시 단원구7,경기도 안산시 단원구 와동(보쉬카서비스 안산와카 부근),2018-07-21,19시,경상,남,38세,승용차,기타불명,여,15세,자전거,경상,차대차 - 정면충돌,안전운전 의무 불이행,맑음,0,4
2018,경기도 안산시 단원구8,경기도 안산시 단원구 초지동(안산초지동우체국 부근),2018-02-27,22시,부상신고,남,39세,승용차,상해없음,여,43세,자전거,부상신고,차대차 - 정면충돌,안전운전 의무 불이행,맑음,0,4
2018,경기도 안산시 단원구8,경기도 안산시 단원구 초지동(안산초지동우체국 부근),2018-03-26,15시,경상,남,64세,승용차,상해없음,여,64세,자전거,경상,차대차 - 기타,안전운전 의무 불이행,맑음,0,4
2018,경기도 안산시 단원구8,경기도 안산시 단원구 초지동(안산초지동우체국 부근),2018-04-11,09시,중상,남,76세,자전거,중상,여,31세,승용차,상해없음,차대차 - 측면충돌,중앙선 침범,맑음,0,4
2018,경기도 안산시 단원구8,경기도 안산시 단원구 초지동(안산초지동우체국 부근),2018-07-27,16시,경상,남,66세,승용차,상해없음,여,14세,자전거,경상,차대차 - 기타,안전운전 의무 불이행,맑음,0,4
2018,경기도 고양시 덕양구1,경기도 고양시 덕양구 화정동(토당육교교차로 부근),2018-02-25,09시,경상,남,51세,자전거,경상,여,65세,승용차,상해없음,차대차 - 측면충돌,안전운전 의무 불이행,맑음,0,4
2018,경기도 고양시 덕양구1,경기도 고양시 덕양구 화정동(토당육교교차로 부근),2018-05-19,12시,중상,남,57세,승용차,상해없음,남,15세,자전거,중상,차대차 - 측면충돌,안전운전 의무 불이행,맑음,0,4
2018,경기도 고양시 덕양구1,경기도 고양시 덕양구 화정동(토당육교교차로 부근),2018-09-12,10시,중상,남,62세,자전거,중상,없음,불명,없음,없음,차량단독 - 공작물충돌,안전운전 의무 불이행,맑음,0,4
2018,경기도 고양시 덕양구1,경기도 고양시 덕양구 화정동(토당육교교차로 부근),2018-09-22,17시,부상신고,남,82세,자전거,부상신고,남,66세,승합차,상해없음,차대차 - 측면충돌,안전운전 의무 불이행,맑음,0,4
2018,경기도 고양시 일산동구1,경기도 고양시 일산동구 마두동(정발빌딩 부근),2018-05-04,09시,중상,남,35세,승용차,상해없음,여,63세,자전거,중상,차대차 - 기타,안전운전 의무 불이행,맑음,0,8
2018,경기도 고양시 일산동구1,경기도 고양시 일산동구 마두동(정발빌딩 부근),2018-05-10,07시,경상,여,54세,승용차,상해없음,남,20세,자전거,경상,차대차 - 측면충돌,안전운전 의무 불이행,맑음,0,8
2018,경기도 고양시 일산동구1,경기도 고양시 일산동구 마두동(정발빌딩 부근),2018-08-14,09시,경상,남,26세,자전거,경상,여,52세,승용차,상해없음,차대차 - 측면충돌,기타,맑음,0,8
2018,경기도 고양시 일산동구1,경기도 고양시 일산동구 마두동(정발빌딩 부근),2018-09-07,08시,경상,여,38세,승용차,상해없음,여,56세,자전거,경상,차대차 - 측면충돌,안전운전 의무 불이행,맑음,0,8
2018,경기도 고양시 일산동구1,경기도 고양시 일산동구 마두동(정발빌딩 부근),2018-09-15,22시,경상,남,52세,자전거,경상,남,53세,특수차,기타불명,차대차 - 추돌,안전운전 의무 불이행,맑음,0,8
2018,경기도 고양시 일산동구1,경기도 고양시 일산동구 마두동(정발빌딩 부근),2018-11-06,16시,부상신고,기타불명,불명,불명,기타불명,남,18세,자전거,부상신고,차대차 - 기타,안전운전 의무 불이행,맑음,0,8
2018,경기도 고양시 일산동구1,경기도 고양시 일산동구 마두동(정발빌딩 부근),2018-12-12,13시,경상,남,13세,자전거,상해없음,여,56세,승용차,경상,차대차 - 추돌,안전운전 의무 불이행,맑음,0,8
2018,경기도 고양시 일산동구2,경기도 고양시 일산동구 장항동(강선17단지삼거리 부근),2018-03-01,11시,경상,남,67세,승용차,상해없음,남,82세,자전거,경상,차대차 - 측면충돌,안전운전 의무 불이행,맑음,0,5
2018,경기도 고양시 일산동구2,경기도 고양시 일산동구 장항동(강선17단지삼거리 부근),2018-06-18,13시,경상,남,29세,승용차,상해없음,여,68세,자전거,경상,차대차 - 측면충돌,교차로 통행방법 위반,맑음,0,5
2018,경기도 고양시 일산동구2,경기도 고양시 일산동구 장항동(강선17단지삼거리 부근),2018-08-29,11시,중상,여,39세,승용차,상해없음,남,66세,자전거,중상,차대차 - 측면충돌,안전운전 의무 불이행,흐림,0,5
2018,경기도 고양시 일산동구2,경기도 고양시 일산동구 장항동(강선17단지삼거리 부근),2018-08-30,20시,경상,남,31세,자전거,상해없음,여,48세,보행자,경상,차대사람 - 횡단중,신호위반,맑음,0,5
2018,경기도 고양시 일산동구2,경기도 고양시 일산동구 장항동(강선17단지삼거리 부근),2018-09-19,09시,중상,여,37세,승용차,상해없음,남,82세,자전거,중상,차대차 - 기타,안전운전 의무 불이행,맑음,0,5
2018,경기도 고양시 일산동구3,경기도 고양시 일산동구 식사동(식사교차로 부근),2018-03-13,22시,중상,남,38세,자전거,중상,없음,불명,없음,없음,차량단독 - 기타,안전운전 의무 불이행,맑음,0,4
2018,경기도 고양시 일산동구3,경기도 고양시 일산동구 식사동(식사교차로 부근),2018-06-13,11시,중상,남,44세,자전거,중상,남,77세,승용차,상해없음,차대차 - 기타,교차로 통행방법 위반,맑음,0,4
2018,경기도 고양시 일산동구3,경기도 고양시 일산동구 식사동(식사교차로 부근),2018-08-17,09시,중상,남,41세,화물차,상해없음,남,52세,자전거,중상,차대차 - 추돌,안전운전 의무 불이행,맑음,0,4
2018,경기도 고양시 일산동구3,경기도 고양시 일산동구 식사동(식사교차로 부근),2018-08-20,05시,중상,남,52세,승용차,상해없음,남,65세,자전거,중상,차대차 - 측면충돌,신호위반,맑음,0,4
2018,경기도 고양시 일산서구1,경기도 고양시 일산서구 대화동(일산서구청사거리 부근),2018-03-29,01시,경상,남,59세,승용차,상해없음,여,57세,자전거,경상,차대차 - 측면충돌,안전운전 의무 불이행,맑음,0,4
2018,경기도 고양시 일산서구1,경기도 고양시 일산서구 대화동(일산서구청사거리 부근),2018-07-14,12시,경상,여,49세,자전거,상해없음,여,72세,보행자,경상,차대사람 - 기타,기타,맑음,0,4
2018,경기도 고양시 일산서구1,경기도 고양시 일산서구 대화동(일산서구청사거리 부근),2018-10-07,09시,부상신고,여,41세,승용차,상해없음,남,7세,자전거,부상신고,차대차 - 측면충돌,안전운전 의무 불이행,맑음,0,4
2018,경기도 고양시 일산서구1,경기도 고양시 일산서구 대화동(일산서구청사거리 부근),2018-10-16,10시,중상,남,47세,화물차,상해없음,남,76세,자전거,중상,차대차 - 측면충돌,안전운전 의무 불이행,맑음,0,4
2018,경기도 오산시1,경기도 오산시 오산동(중원사거리 부근),2018-04-15,19시,중상,남,27세,승용차,상해없음,남,70세,자전거,중상,차대차 - 측면충돌,안전운전 의무 불이행,맑음,0,7
2018,경기도 오산시1,경기도 오산시 오산동(중원사거리 부근),2018-04-26,19시,중상,여,58세,자전거,중상,남,19세,이륜차,상해없음,차대차 - 측면충돌,안전운전 의무 불이행,맑음,0,7
2018,경기도 오산시1,경기도 오산시 오산동(중원사거리 부근),2018-07-25,14시,경상,남,64세,자전거,상해없음,여,54세,보행자,경상,차대사람 - 횡단중,기타,맑음,0,7
2018,경기도 오산시1,경기도 오산시 오산동(중원사거리 부근),2018-09-05,08시,중상,여,32세,자전거,상해없음,여,36세,자전거,중상,차대차 - 측면충돌,안전운전 의무 불이행,맑음,0,7
2018,경기도 오산시1,경기도 오산시 오산동(중원사거리 부근),2018-10-15,10시,경상,남,56세,자전거,경상,여,48세,승용차,상해없음,차대차 - 기타,기타,맑음,0,7
2018,경기도 오산시1,경기도 오산시 오산동(중원사거리 부근),2018-11-13,14시,중상,남,76세,자전거,중상,남,46세,승합차,상해없음,차대차 - 기타,기타,맑음,0,7
2018,경기도 오산시1,경기도 오산시 오산동(중원사거리 부근),2018-11-20,15시,중상,남,74세,승용차,상해없음,여,57세,자전거,중상,차대차 - 기타,기타,맑음,0,7
2018,경기도 오산시2,경기도 오산시 오산동(콜마트 부근),2018-04-21,17시,경상,남,11세,자전거,경상,남,24세,승용차,상해없음,차대차 - 측면충돌,중앙선 침범,맑음,0,7
2018,경기도 오산시2,경기도 오산시 오산동(콜마트 부근),2018-06-28,16시,경상,남,76세,자전거,경상,여,47세,승용차,상해없음,차대차 - 추돌,안전운전 의무 불이행,맑음,0,7
2018,경기도 오산시2,경기도 오산시 오산동(콜마트 부근),2018-07-30,13시,경상,남,53세,원동기장치자전거,상해없음,남,12세,자전거,경상,차대차 - 측면충돌,신호위반,맑음,0,7
2018,경기도 오산시2,경기도 오산시 오산동(콜마트 부근),2018-08-29,23시,경상,남,25세,승합차,상해없음,남,58세,자전거,경상,차대차 - 측면충돌,안전운전 의무 불이행,비,0,7
2018,경기도 오산시2,경기도 오산시 오산동(콜마트 부근),2018-09-02,02시,중상,남,26세,승용차,상해없음,남,27세,자전거,중상,차대차 - 측면충돌,기타,맑음,0,7
2018,경기도 오산시2,경기도 오산시 오산동(콜마트 부근),2018-09-04,17시,경상,남,70세,승용차,상해없음,남,49세,자전거,경상,차대차 - 측면충돌,교차로 통행방법 위반,맑음,0,7
2018,경기도 오산시2,경기도 오산시 오산동(콜마트 부근),2018-12-22,18시,중상,여,58세,승용차,상해없음,여,56세,자전거,중상,차대차 - 기타,신호위반,맑음,0,7
2018,경기도 오산시3,경기도 오산시 오산동(대원약국 부근),2018-02-10,06시,경상,남,48세,승용차,상해없음,남,64세,자전거,경상,차대차 - 기타,교차로 통행방법 위반,맑음,1,7
2018,경기도 오산시3,경기도 오산시 오산동(대원약국 부근),2018-03-12,17시,부상신고,남,50세,승용차,상해없음,남,16세,자전거,상해없음,차대차 - 측면충돌,안전운전 의무 불이행,맑음,1,7
2018,경기도 오산시3,경기도 오산시 오산동(대원약국 부근),2018-05-01,07시,사망,남,53세,자전거,부상신고,남,29세,화물차,상해없음,차대차 - 기타,안전운전 의무 불이행,맑음,1,7
2018,경기도 오산시3,경기도 오산시 오산동(대원약국 부근),2018-05-10,10시,중상,남,65세,건설기계,상해없음,남,81세,자전거,중상,차대차 - 측면충돌,기타,맑음,1,7
2018,경기도 오산시3,경기도 오산시 오산동(대원약국 부근),2018-09-28,12시,경상,남,61세,화물차,상해없음,남,68세,자전거,경상,차대차 - 추돌,안전운전 의무 불이행,맑음,1,7
2018,경기도 오산시3,경기도 오산시 오산동(대원약국 부근),2018-09-30,21시,중상,여,24세,승용차,상해없음,남,58세,자전거,중상,차대차 - 기타,안전운전 의무 불이행,맑음,1,7
2018,경기도 오산시4,경기도 오산시 오산동(CU 오산남촌점 부근),2018-09-08,11시,경상,여,24세,승용차,상해없음,남,81세,자전거,경상,차대차 - 기타,안전운전 의무 불이행,맑음,0,4
2018,경기도 오산시4,경기도 오산시 오산동(CU 오산남촌점 부근),2018-09-16,05시,부상신고,여,66세,자전거,부상신고,남,40세,승용차,상해없음,차대차 - 기타,안전운전 의무 불이행,비,0,4
2018,경기도 오산시4,경기도 오산시 오산동(CU 오산남촌점 부근),2018-10-18,17시,중상,남,58세,자전거,중상,남,44세,화물차,상해없음,차대차 - 추돌,교차로 통행방법 위반,비,0,4
2018,경기도 오산시4,경기도 오산시 오산동(CU 오산남촌점 부근),2018-12-23,11시,경상,남,37세,승용차,상해없음,남,61세,자전거,경상,차대차 - 측면충돌,안전운전 의무 불이행,맑음,0,4
2018,경기도 시흥시1,경기도 시흥시 정왕동(GS25 시흥정왕점 부근),2018-01-24,22시,중상,여,45세,자전거,중상,남,17세,이륜차,상해없음,차대차 - 측면충돌,기타,맑음,0,5
2018,경기도 시흥시1,경기도 시흥시 정왕동(GS25 시흥정왕점 부근),2018-02-19,19시,경상,여,50세,자전거,경상,여,39세,승용차,상해없음,차대차 - 측면충돌,신호위반,맑음,0,5
2018,경기도 시흥시1,경기도 시흥시 정왕동(GS25 시흥정왕점 부근),2018-06-09,14시,부상신고,여,57세,자전거,부상신고,남,38세,승용차,상해없음,차대차 - 기타,안전운전 의무 불이행,맑음,0,5
2018,경기도 시흥시1,경기도 시흥시 정왕동(GS25 시흥정왕점 부근),2018-08-12,00시,부상신고,남,33세,승용차,상해없음,남,49세,자전거,부상신고,차대차 - 기타,안전운전 의무 불이행,맑음,0,5
2018,경기도 시흥시1,경기도 시흥시 정왕동(GS25 시흥정왕점 부근),2018-12-22,10시,경상,남,66세,자전거,경상,남,43세,화물차,상해없음,차대차 - 측면충돌,안전운전 의무 불이행,맑음,0,5
2018,경기도 시흥시2,경기도 시흥시 정왕동(정왕역앞 부근),2018-02-28,06시,부상신고,기타불명,불명,불명,기타불명,남,33세,자전거,부상신고,차대차 - 기타,안전운전 의무 불이행,맑음,0,5
2018,경기도 시흥시2,경기도 시흥시 정왕동(정왕역앞 부근),2018-03-29,13시,경상,여,54세,승용차,상해없음,남,49세,자전거,경상,차대차 - 기타,안전운전 의무 불이행,맑음,0,5
2018,경기도 시흥시2,경기도 시흥시 정왕동(정왕역앞 부근),2018-06-09,13시,경상,남,16세,자전거,상해없음,남,15세,자전거,경상,차대차 - 측면충돌,안전운전 의무 불이행,맑음,0,5
2018,경기도 시흥시2,경기도 시흥시 정왕동(정왕역앞 부근),2018-06-10,12시,중상,남,32세,자전거,상해없음,여,68세,자전거,중상,차대차 - 측면충돌,신호위반,맑음,0,5
2018,경기도 시흥시2,경기도 시흥시 정왕동(정왕역앞 부근),2018-12-14,17시,부상신고,남,40세,자전거,부상신고,여,50세,승용차,상해없음,차대차 - 측면충돌,중앙선 침범,맑음,0,5
2018,경기도 시흥시3,경기도 시흥시 정왕동(시화병원사거리 부근),2018-09-03,21시,중상,남,33세,화물차,상해없음,여,58세,자전거,중상,차대차 - 측면충돌,신호위반,비,0,4
2018,경기도 시흥시3,경기도 시흥시 정왕동(시화병원사거리 부근),2018-11-02,00시,중상,남,18세,승용차,상해없음,남,48세,자전거,중상,차대차 - 추돌,교차로 통행방법 위반,맑음,0,4
2018,경기도 시흥시3,경기도 시흥시 정왕동(시화병원사거리 부근),2018-12-05,19시,경상,기타불명,불명,불명,기타불명,남,14세,자전거,경상,차대차 - 측면충돌,신호위반,맑음,0,4
2018,경기도 시흥시3,경기도 시흥시 정왕동(시화병원사거리 부근),2018-12-17,07시,경상,여,61세,자전거,경상,여,46세,원동기장치자전거,상해없음,차대차 - 정면충돌,안전운전 의무 불이행,맑음,0,4
2018,경기도 군포시1,경기도 군포시 산본동(중앙공원사거리 부근),2018-06-05,19시,경상,남,70세,승용차,상해없음,남,13세,자전거,경상,차대차 - 기타,기타,맑음,0,4
2018,경기도 군포시1,경기도 군포시 산본동(중앙공원사거리 부근),2018-06-30,07시,중상,남,70세,자전거,중상,여,65세,승용차,상해없음,차대차 - 기타,안전운전 의무 불이행,맑음,0,4
2018,경기도 군포시1,경기도 군포시 산본동(중앙공원사거리 부근),2018-07-24,23시,중상,남,54세,자전거,중상,남,61세,승용차,상해없음,차대차 - 측면충돌,안전운전 의무 불이행,맑음,0,4
2018,경기도 군포시1,경기도 군포시 산본동(중앙공원사거리 부근),2018-09-27,11시,경상,남,79세,자전거,경상,남,57세,승용차,상해없음,차대차 - 측면충돌,안전운전 의무 불이행,맑음,0,4
2018,경기도 하남시1,경기도 하남시 덕풍동(하남풍산새뜰마을휴먼시아3단지아파트입구 부근),2018-04-21,09시,중상,여,44세,승용차,상해없음,남,75세,자전거,중상,차대차 - 측면충돌,안전운전 의무 불이행,맑음,0,6
2018,경기도 하남시1,경기도 하남시 덕풍동(하남풍산새뜰마을휴먼시아3단지아파트입구 부근),2018-04-28,16시,중상,남,28세,승용차,상해없음,남,70세,자전거,중상,차대차 - 기타,안전운전 의무 불이행,맑음,0,6
2018,경기도 하남시1,경기도 하남시 덕풍동(하남풍산새뜰마을휴먼시아3단지아파트입구 부근),2018-06-23,14시,경상,기타불명,불명,불명,기타불명,남,13세,자전거,경상,차대차 - 기타,안전운전 의무 불이행,맑음,0,6
2018,경기도 하남시1,경기도 하남시 덕풍동(하남풍산새뜰마을휴먼시아3단지아파트입구 부근),2018-06-30,16시,경상,남,30세,승용차,상해없음,여,57세,자전거,경상,차대차 - 기타,안전운전 의무 불이행,맑음,0,6
2018,경기도 하남시1,경기도 하남시 덕풍동(하남풍산새뜰마을휴먼시아3단지아파트입구 부근),2018-08-13,09시,중상,남,42세,화물차,상해없음,여,59세,자전거,중상,차대차 - 기타,안전운전 의무 불이행,맑음,0,6
2018,경기도 하남시1,경기도 하남시 덕풍동(하남풍산새뜰마을휴먼시아3단지아파트입구 부근),2018-10-20,14시,중상,남,83세,자전거,중상,여,61세,승용차,상해없음,차대차 - 기타,신호위반,맑음,0,6
2018,경기도 하남시2,경기도 하남시 망월동(미사2동 행정복지센터 부근),2018-05-31,08시,경상,여,42세,승용차,상해없음,남,66세,자전거,경상,차대차 - 측면충돌,안전운전 의무 불이행,맑음,0,4
2018,경기도 하남시2,경기도 하남시 망월동(미사2동 행정복지센터 부근),2018-06-02,22시,경상,남,18세,자전거,경상,남,39세,승용차,상해없음,차대차 - 기타,안전운전 의무 불이행,맑음,0,4
2018,경기도 하남시2,경기도 하남시 망월동(미사2동 행정복지센터 부근),2018-06-21,12시,경상,남,66세,화물차,상해없음,여,36세,자전거,경상,차대차 - 측면충돌,안전운전 의무 불이행,맑음,0,4
2018,경기도 하남시2,경기도 하남시 망월동(미사2동 행정복지센터 부근),2018-09-22,17시,경상,여,10세,자전거,상해없음,여,40세,보행자,경상,차대사람 - 횡단중,보행자 보호의무 위반,맑음,0,4
2018,경기도 파주시1,경기도 파주시 와동(메디컬프라자 부근),2018-06-10,20시,중상,남,7세,자전거,상해없음,여,62세,보행자,중상,차대사람 - 보도통행중,안전운전 의무 불이행,맑음,0,4
2018,경기도 파주시1,경기도 파주시 와동(메디컬프라자 부근),2018-07-30,19시,경상,남,15세,자전거,경상,남,62세,화물차,상해없음,차대차 - 기타,안전운전 의무 불이행,맑음,0,4
2018,경기도 파주시1,경기도 파주시 와동(메디컬프라자 부근),2018-09-13,18시,경상,여,40세,승용차,상해없음,남,14세,자전거,경상,차대차 - 기타,안전운전 의무 불이행,맑음,0,4
2018,경기도 파주시1,경기도 파주시 와동(메디컬프라자 부근),2018-11-26,06시,경상,남,42세,화물차,상해없음,여,28세,자전거,경상,차대차 - 측면충돌,안전운전 의무 불이행,흐림,0,4
2018,경기도 파주시2,경기도 파주시 야당동(야당과선교 부근),2018-02-08,19시,경상,남,47세,화물차,상해없음,남,13세,자전거,경상,차대차 - 기타,신호위반,흐림,0,4
2018,경기도 파주시2,경기도 파주시 야당동(야당과선교 부근),2018-02-12,13시,부상신고,남,71세,자전거,부상신고,남,44세,화물차,상해없음,차대차 - 측면충돌,안전운전 의무 불이행,맑음,0,4
2018,경기도 파주시2,경기도 파주시 야당동(야당과선교 부근),2018-05-25,18시,중상,남,27세,승용차,상해없음,여,57세,자전거,중상,차대차 - 후진중충돌,안전운전 의무 불이행,맑음,0,4
2018,경기도 파주시2,경기도 파주시 야당동(야당과선교 부근),2018-10-04,21시,경상,남,35세,승용차,상해없음,남,21세,자전거,경상,차대차 - 측면충돌,안전운전 의무 불이행,맑음,0,4
2018,경기도 이천시1,경기도 이천시 중리동(중리사거리 부근),2018-03-27,14시,경상,여,67세,자전거,경상,남,31세,승용차,상해없음,차대차 - 기타,안전운전 의무 불이행,맑음,0,5
2018,경기도 이천시1,경기도 이천시 중리동(중리사거리 부근),2018-04-12,10시,경상,여,65세,승용차,상해없음,남,63세,자전거,경상,차대차 - 기타,안전운전 의무 불이행,맑음,0,5
2018,경기도 이천시1,경기도 이천시 중리동(중리사거리 부근),2018-07-23,11시,경상,남,36세,이륜차,상해없음,남,24세,자전거,경상,차대차 - 기타,안전운전 의무 불이행,맑음,0,5
2018,경기도 이천시1,경기도 이천시 중리동(중리사거리 부근),2018-09-23,23시,부상신고,기타불명,불명,자전거,기타불명,여,16세,보행자,부상신고,차대사람 - 보도통행중,기타,맑음,0,5
2018,경기도 이천시1,경기도 이천시 중리동(중리사거리 부근),2018-12-11,17시,경상,남,75세,승용차,상해없음,남,31세,자전거,경상,차대차 - 측면충돌,신호위반,맑음,0,5
2018,경기도 김포시1,경기도 김포시 구래동(호수공원입구사거리 부근),2018-02-16,14시,경상,여,43세,화물차,상해없음,여,52세,자전거,경상,차대차 - 측면충돌,안전운전 의무 불이행,맑음,0,4
2018,경기도 김포시1,경기도 김포시 구래동(호수공원입구사거리 부근),2018-07-07,19시,경상,남,44세,자전거,상해없음,남,77세,보행자,경상,차대사람 - 기타,안전운전 의무 불이행,맑음,0,4
2018,경기도 김포시1,경기도 김포시 구래동(호수공원입구사거리 부근),2018-07-24,06시,중상,여,27세,승용차,상해없음,남,75세,자전거,중상,차대차 - 기타,안전운전 의무 불이행,맑음,0,4
2018,경기도 김포시1,경기도 김포시 구래동(호수공원입구사거리 부근),2018-12-22,15시,중상,여,38세,승용차,상해없음,남,77세,자전거,중상,차대차 - 기타,신호위반,맑음,0,4
2018,강원도 춘천시1,강원도 춘천시 효자동(강대삼거리 부근),2018-05-21,13시,경상,여,51세,승용차,상해없음,남,84세,자전거,경상,차대차 - 측면충돌,안전운전 의무 불이행,맑음,0,4
2018,강원도 춘천시1,강원도 춘천시 효자동(강대삼거리 부근),2018-06-15,08시,경상,여,39세,승용차,상해없음,남,19세,자전거,경상,차대차 - 측면충돌,안전운전 의무 불이행,맑음,0,4
2018,강원도 춘천시1,강원도 춘천시 효자동(강대삼거리 부근),2018-06-16,22시,중상,남,17세,자전거,중상,남,64세,승용차,상해없음,차대차 - 측면충돌,안전운전 의무 불이행,맑음,0,4
2018,강원도 춘천시1,강원도 춘천시 효자동(강대삼거리 부근),2018-07-17,08시,중상,여,63세,승용차,상해없음,남,56세,자전거,중상,차대차 - 측면충돌,안전운전 의무 불이행,맑음,0,4
2018,강원도 원주시1,강원도 원주시 개운동(도말사거리 부근),2018-05-10,08시,경상,여,42세,승용차,상해없음,여,22세,자전거,경상,차대차 - 기타,안전운전 의무 불이행,맑음,0,4
2018,강원도 원주시1,강원도 원주시 개운동(도말사거리 부근),2018-06-19,20시,경상,기타불명,불명,불명,기타불명,남,27세,자전거,경상,차대차 - 기타,안전운전 의무 불이행,맑음,0,4
2018,강원도 원주시1,강원도 원주시 개운동(도말사거리 부근),2018-09-08,14시,중상,남,39세,승용차,상해없음,남,77세,자전거,중상,차대차 - 측면충돌,교차로 통행방법 위반,맑음,0,4
2018,강원도 원주시1,강원도 원주시 개운동(도말사거리 부근),2018-10-14,15시,중상,여,60세,승용차,상해없음,여,76세,자전거,중상,차대차 - 기타,안전운전 의무 불이행,맑음,0,4
2018,강원도 속초시1,강원도 속초시 교동(속초시보건소 부근),2018-04-19,08시,중상,남,58세,승용차,상해없음,남,57세,자전거,중상,차대차 - 측면충돌,안전운전 의무 불이행,맑음,0,5
2018,강원도 속초시1,강원도 속초시 교동(속초시보건소 부근),2018-04-20,10시,중상,여,64세,승용차,상해없음,남,79세,자전거,중상,차대차 - 추돌,안전운전 의무 불이행,맑음,0,5
2018,강원도 속초시1,강원도 속초시 교동(속초시보건소 부근),2018-08-15,11시,중상,남,63세,화물차,상해없음,남,61세,자전거,중상,차대차 - 기타,안전운전 의무 불이행,맑음,0,5
2018,강원도 속초시1,강원도 속초시 교동(속초시보건소 부근),2018-10-08,12시,중상,여,55세,승용차,상해없음,남,83세,자전거,중상,차대차 - 정면충돌,신호위반,맑음,0,5
2018,강원도 속초시1,강원도 속초시 교동(속초시보건소 부근),2018-11-06,12시,중상,남,68세,자전거,중상,남,37세,화물차,상해없음,차대차 - 측면충돌,안전운전 의무 불이행,맑음,0,5
2018,충청북도 청주시 상당구1,충청북도 청주시 상당구 서운동(석교육거리 부근),2018-02-27,10시,경상,남,82세,자전거,경상,남,42세,승용차,상해없음,차대차 - 측면충돌,안전운전 의무 불이행,맑음,0,4
2018,충청북도 청주시 상당구1,충청북도 청주시 상당구 서운동(석교육거리 부근),2018-06-27,19시,중상,여,35세,승용차,상해없음,남,76세,자전거,중상,차대차 - 측면충돌,안전운전 의무 불이행,맑음,0,4
2018,충청북도 청주시 상당구1,충청북도 청주시 상당구 서운동(석교육거리 부근),2018-06-30,05시,중상,남,49세,승용차,상해없음,남,81세,자전거,중상,차대차 - 측면충돌,신호위반,맑음,0,4
2018,충청북도 청주시 상당구1,충청북도 청주시 상당구 서운동(석교육거리 부근),2018-09-22,16시,경상,남,63세,화물차,상해없음,남,69세,자전거,경상,차대차 - 측면충돌,안전운전 의무 불이행,맑음,0,4
2018,충청북도 청주시 상당구2,충청북도 청주시 상당구 금천동(굿모닝한의원 부근),2018-03-13,16시,경상,남,80세,승용차,상해없음,남,14세,자전거,경상,차대차 - 측면충돌,안전운전 의무 불이행,맑음,0,4
2018,충청북도 청주시 상당구2,충청북도 청주시 상당구 금천동(굿모닝한의원 부근),2018-05-31,13시,중상,남,55세,승용차,상해없음,여,57세,자전거,중상,차대차 - 측면충돌,안전운전 의무 불이행,맑음,0,4
2018,충청북도 청주시 상당구2,충청북도 청주시 상당구 금천동(굿모닝한의원 부근),2018-06-07,07시,중상,여,47세,승용차,상해없음,남,53세,자전거,중상,차대차 - 측면충돌,신호위반,맑음,0,4
2018,충청북도 청주시 상당구2,충청북도 청주시 상당구 금천동(굿모닝한의원 부근),2018-11-27,17시,경상,남,75세,자전거,경상,남,49세,승합차,상해없음,차대차 - 기타,안전운전 의무 불이행,맑음,0,4
2018,충청북도 청주시 상당구3,충청북도 청주시 상당구 영운동(청주동부소방서 부근),2018-04-16,19시,중상,남,65세,승용차,상해없음,남,65세,자전거,중상,차대차 - 측면충돌,안전운전 의무 불이행,맑음,0,4