사고년도,다발시군구,지점명,사고일시,사고시간대,사고등급,가해자성별,가해자연령,가해차종,가해자신체상해정도,피해자성별,피해자연령,피해차종,피해자신체상해정도,사고유형,가해자법규위반,기상상태,사망자수,부상자수
2018,충청북도 청주시 상당구3,충청북도 청주시 상당구 영운동(청주동부소방서 부근),2018-04-24,17시,경상,남,81세,자전거,경상,여,64세,승용차,상해없음,차대차 - 측면충돌,안전운전 의무 불이행,맑음,0,4
2018,충청북도 청주시 상당구3,충청북도 청주시 상당구 영운동(청주동부소방서 부근),2018-11-12,19시,경상,기타불명,불명,불명,기타불명,여,65세,자전거,경상,차대차 - 측면충돌,안전운전 의무 불이행,맑음,0,4
2018,충청북도 청주시 상당구3,충청북도 청주시 상당구 영운동(청주동부소방서 부근),2018-12-31,14시,중상,남,27세,승용차,상해없음,여,76세,자전거,중상,차대차 - 추돌,안전운전 의무 불이행,맑음,0,4
2018,충청북도 청주시 상당구4,충청북도 청주시 상당구 북문로3가동(신쭈꾸곱창의전설 부근),2018-03-24,13시,경상,남,74세,자전거,경상,남,59세,건설기계,상해없음,차대차 - 측면충돌,신호위반,맑음,0,4
2018,충청북도 청주시 상당구4,충청북도 청주시 상당구 북문로3가동(신쭈꾸곱창의전설 부근),2018-09-14,16시,경상,남,78세,자전거,경상,남,45세,승용차,상해없음,차대차 - 측면충돌,안전거리 미확보,비,0,4
2018,충청북도 청주시 상당구4,충청북도 청주시 상당구 북문로3가동(신쭈꾸곱창의전설 부근),2018-09-28,10시,경상,남,65세,승용차,상해없음,남,75세,자전거,경상,차대차 - 기타,신호위반,맑음,0,4
2018,충청북도 청주시 상당구4,충청북도 청주시 상당구 북문로3가동(신쭈꾸곱창의전설 부근),2018-11-11,18시,중상,남,10세,자전거,중상,남,67세,승용차,상해없음,차대차 - 기타,교차로 통행방법 위반,맑음,0,4
2018,충청북도 청주시 상당구5,충청북도 청주시 상당구 북문로2가동(태웅건설 부근),2018-10-20,11시,중상,여,42세,승용차,상해없음,남,71세,자전거,중상,차대차 - 기타,기타,맑음,1,2
2018,충청북도 청주시 상당구5,충청북도 청주시 상당구 북문로2가동(태웅건설 부근),2018-10-30,07시,사망,남,83세,자전거,사망,남,74세,승용차,상해없음,차대차 - 측면충돌,신호위반,맑음,1,2
2018,충청북도 청주시 상당구5,충청북도 청주시 상당구 북문로2가동(태웅건설 부근),2018-12-13,17시,중상,남,78세,자전거,중상,남,58세,이륜차,상해없음,차대차 - 기타,신호위반,맑음,1,2
2018,충청북도 청주시 서원구1,충청북도 청주시 서원구 모충동(모충사거리 부근),2018-01-18,12시,중상,남,68세,승용차,상해없음,여,75세,자전거,중상,차대차 - 측면충돌,신호위반,맑음,0,6
2018,충청북도 청주시 서원구1,충청북도 청주시 서원구 모충동(모충사거리 부근),2018-03-17,14시,중상,남,82세,이륜차,상해없음,남,64세,자전거,중상,차대차 - 측면충돌,교차로 통행방법 위반,맑음,0,6
2018,충청북도 청주시 서원구1,충청북도 청주시 서원구 모충동(모충사거리 부근),2018-05-25,18시,경상,남,59세,승용차,상해없음,남,61세,자전거,경상,차대차 - 측면충돌,안전운전 의무 불이행,맑음,0,6
2018,충청북도 청주시 서원구1,충청북도 청주시 서원구 모충동(모충사거리 부근),2018-06-01,08시,경상,여,65세,자전거,경상,여,25세,승용차,상해없음,차대차 - 측면충돌,신호위반,맑음,0,6
2018,충청북도 청주시 서원구1,충청북도 청주시 서원구 모충동(모충사거리 부근),2018-09-29,17시,경상,기타불명,불명,불명,기타불명,남,30세,자전거,경상,차대차 - 정면충돌,안전운전 의무 불이행,맑음,0,6
2018,충청북도 청주시 서원구1,충청북도 청주시 서원구 모충동(모충사거리 부근),2018-11-30,06시,경상,여,67세,승용차,상해없음,남,64세,자전거,경상,차대차 - 기타,안전운전 의무 불이행,맑음,0,6
2018,충청북도 청주시 서원구2,충청북도 청주시 서원구 사직동(사직사거리 부근),2018-02-08,10시,중상,남,75세,승용차,상해없음,남,70세,자전거,중상,차대차 - 측면충돌,안전운전 의무 불이행,맑음,0,6
2018,충청북도 청주시 서원구2,충청북도 청주시 서원구 사직동(사직사거리 부근),2018-05-21,17시,경상,남,29세,승용차,상해없음,남,91세,자전거,경상,차대차 - 기타,기타,맑음,0,6
2018,충청북도 청주시 서원구2,충청북도 청주시 서원구 사직동(사직사거리 부근),2018-07-27,22시,경상,남,27세,원동기장치자전거,경상,남,18세,자전거,경상,차대차 - 기타,안전운전 의무 불이행,맑음,0,6
2018,충청북도 청주시 서원구2,충청북도 청주시 서원구 사직동(사직사거리 부근),2018-08-24,19시,경상,여,66세,이륜차,상해없음,남,61세,자전거,경상,차대차 - 기타,안전운전 의무 불이행,맑음,0,6
2018,충청북도 청주시 서원구2,충청북도 청주시 서원구 사직동(사직사거리 부근),2018-11-23,15시,중상,남,63세,승용차,상해없음,남,75세,자전거,중상,차대차 - 기타,안전운전 의무 불이행,맑음,0,6
2018,충청북도 청주시 서원구3,충청북도 청주시 서원구 미평동(분평사거리 부근),2018-04-26,11시,경상,남,74세,자전거,경상,남,54세,자전거,경상,차대차 - 측면충돌,안전운전 의무 불이행,맑음,0,6
2018,충청북도 청주시 서원구3,충청북도 청주시 서원구 미평동(분평사거리 부근),2018-06-07,13시,경상,여,51세,승용차,상해없음,여,66세,자전거,경상,차대차 - 기타,안전운전 의무 불이행,맑음,0,6
2018,충청북도 청주시 서원구3,충청북도 청주시 서원구 미평동(분평사거리 부근),2018-09-18,18시,경상,여,66세,자전거,경상,여,28세,승용차,상해없음,차대차 - 측면충돌,기타,맑음,0,6
2018,충청북도 청주시 서원구3,충청북도 청주시 서원구 미평동(분평사거리 부근),2018-09-19,17시,경상,남,64세,승용차,상해없음,남,30세,자전거,경상,차대차 - 측면충돌,기타,맑음,0,6
2018,충청북도 청주시 서원구3,충청북도 청주시 서원구 미평동(분평사거리 부근),2018-11-14,16시,중상,여,49세,승용차,상해없음,남,76세,자전거,중상,차대차 - 측면충돌,안전운전 의무 불이행,맑음,0,6
2018,충청북도 청주시 서원구4,충청북도 청주시 서원구 수곡동(남중삼거리 부근),2018-03-22,13시,중상,남,73세,승용차,상해없음,남,47세,자전거,중상,차대차 - 추돌,신호위반,맑음,1,3
2018,충청북도 청주시 서원구4,충청북도 청주시 서원구 수곡동(남중삼거리 부근),2018-07-03,10시,경상,남,57세,승용차,상해없음,남,68세,자전거,경상,차대차 - 측면충돌,안전운전 의무 불이행,맑음,1,3
2018,충청북도 청주시 서원구4,충청북도 청주시 서원구 수곡동(남중삼거리 부근),2018-11-22,17시,중상,남,57세,화물차,상해없음,남,64세,자전거,중상,차대차 - 후진중충돌,안전운전 의무 불이행,맑음,1,3
2018,충청북도 청주시 서원구4,충청북도 청주시 서원구 수곡동(남중삼거리 부근),2018-11-28,13시,사망,남,76세,자전거,사망,남,25세,승용차,상해없음,차대차 - 측면충돌,신호위반,맑음,1,3
2018,충청북도 청주시 흥덕구1,충청북도 청주시 흥덕구 복대동(솔밭중학교후문 부근),2018-01-15,22시,경상,남,28세,승용차,상해없음,남,31세,자전거,경상,차대차 - 기타,교차로 통행방법 위반,맑음,0,6
2018,충청북도 청주시 흥덕구1,충청북도 청주시 흥덕구 복대동(솔밭중학교후문 부근),2018-01-24,14시,중상,남,58세,승용차,상해없음,남,73세,자전거,중상,차대차 - 기타,신호위반,맑음,0,6
2018,충청북도 청주시 흥덕구1,충청북도 청주시 흥덕구 복대동(솔밭중학교후문 부근),2018-04-08,14시,중상,남,36세,승용차,상해없음,남,12세,자전거,중상,차대차 - 측면충돌,안전운전 의무 불이행,맑음,0,6
2018,충청북도 청주시 흥덕구1,충청북도 청주시 흥덕구 복대동(솔밭중학교후문 부근),2018-05-05,22시,경상,남,22세,특수차,상해없음,남,41세,자전거,경상,차대차 - 측면충돌,교차로 통행방법 위반,비,0,6
2018,충청북도 청주시 흥덕구1,충청북도 청주시 흥덕구 복대동(솔밭중학교후문 부근),2018-07-14,09시,경상,남,41세,화물차,상해없음,남,8세,자전거,경상,차대차 - 기타,안전운전 의무 불이행,맑음,0,6
2018,충청북도 청주시 흥덕구1,충청북도 청주시 흥덕구 복대동(솔밭중학교후문 부근),2018-12-28,07시,부상신고,남,28세,자전거,부상신고,남,42세,승용차,상해없음,차대차 - 기타,중앙선 침범,맑음,0,6
2018,충청북도 청주시 흥덕구2,충청북도 청주시 흥덕구 가경동(덕일한마음아파트입구 부근),2018-04-19,17시,부상신고,남,12세,자전거,부상신고,남,60세,승합차,상해없음,차대차 - 측면충돌,안전운전 의무 불이행,맑음,0,4
2018,충청북도 청주시 흥덕구2,충청북도 청주시 흥덕구 가경동(덕일한마음아파트입구 부근),2018-06-17,13시,중상,남,32세,자전거,상해없음,여,57세,보행자,중상,차대사람 - 보도통행중,기타,맑음,0,4
2018,충청북도 청주시 흥덕구2,충청북도 청주시 흥덕구 가경동(덕일한마음아파트입구 부근),2018-07-28,11시,부상신고,남,12세,자전거,부상신고,남,71세,승용차,상해없음,차대차 - 측면충돌,신호위반,맑음,0,4
2018,충청북도 청주시 흥덕구2,충청북도 청주시 흥덕구 가경동(덕일한마음아파트입구 부근),2018-11-20,08시,중상,남,43세,승용차,상해없음,남,78세,자전거,중상,차대차 - 측면충돌,교차로 통행방법 위반,맑음,0,4
2018,충청북도 청주시 흥덕구3,충청북도 청주시 흥덕구 복대동(창옥빌딩 부근),2018-05-28,07시,부상신고,남,58세,자전거,부상신고,남,42세,화물차,상해없음,차대차 - 기타,중앙선 침범,맑음,0,4
2018,충청북도 청주시 흥덕구3,충청북도 청주시 흥덕구 복대동(창옥빌딩 부근),2018-07-12,20시,경상,남,23세,자전거,상해없음,남,27세,보행자,경상,차대사람 - 보도통행중,안전운전 의무 불이행,맑음,0,4
2018,충청북도 청주시 흥덕구3,충청북도 청주시 흥덕구 복대동(창옥빌딩 부근),2018-09-27,23시,경상,남,65세,승용차,상해없음,여,61세,자전거,경상,차대차 - 측면충돌,안전운전 의무 불이행,맑음,0,4
2018,충청북도 청주시 흥덕구3,충청북도 청주시 흥덕구 복대동(창옥빌딩 부근),2018-12-19,11시,경상,남,56세,화물차,상해없음,여,52세,자전거,경상,차대차 - 기타,교차로 통행방법 위반,맑음,0,4
2018,충청북도 충주시1,충청북도 충주시 문화동(문화새마을금고 본점 부근),2018-01-15,16시,경상,남,18세,자전거,경상,남,59세,승합차,상해없음,차대차 - 추돌,안전운전 의무 불이행,맑음,0,7
2018,충청북도 충주시1,충청북도 충주시 문화동(문화새마을금고 본점 부근),2018-02-23,21시,경상,여,45세,승용차,상해없음,여,47세,자전거,경상,차대차 - 기타,안전운전 의무 불이행,흐림,0,7
2018,충청북도 충주시1,충청북도 충주시 문화동(문화새마을금고 본점 부근),2018-06-09,14시,경상,남,72세,승용차,상해없음,남,11세,자전거,경상,차대차 - 추돌,안전운전 의무 불이행,맑음,0,7
2018,충청북도 충주시1,충청북도 충주시 문화동(문화새마을금고 본점 부근),2018-08-13,14시,중상,남,28세,승용차,상해없음,남,75세,자전거,중상,차대차 - 측면충돌,안전운전 의무 불이행,맑음,0,7
2018,충청북도 충주시1,충청북도 충주시 문화동(문화새마을금고 본점 부근),2018-08-22,15시,중상,남,84세,자전거,중상,남,62세,승용차,상해없음,차대차 - 측면충돌,안전운전 의무 불이행,맑음,0,7
2018,충청북도 충주시1,충청북도 충주시 문화동(문화새마을금고 본점 부근),2018-09-16,15시,중상,남,23세,이륜차,중상,남,75세,자전거,중상,차대차 - 기타,기타,맑음,0,7
2018,충청북도 충주시2,충청북도 충주시 교현동(충주공설운동장입구 부근),2018-02-04,10시,중상,여,50세,승용차,상해없음,여,71세,자전거,중상,차대차 - 기타,안전운전 의무 불이행,맑음,1,3
2018,충청북도 충주시2,충청북도 충주시 교현동(충주공설운동장입구 부근),2018-02-06,14시,사망,남,58세,화물차,상해없음,여,82세,자전거,사망,차대차 - 기타,안전운전 의무 불이행,맑음,1,3
2018,충청북도 충주시2,충청북도 충주시 교현동(충주공설운동장입구 부근),2018-04-20,15시,경상,남,48세,승용차,상해없음,남,78세,자전거,경상,차대차 - 기타,기타,맑음,1,3
2018,충청북도 충주시2,충청북도 충주시 교현동(충주공설운동장입구 부근),2018-09-02,07시,부상신고,남,64세,이륜차,부상신고,기타불명,불명,자전거,기타불명,차대차 - 기타,교차로 통행방법 위반,맑음,1,3
2018,충청북도 충주시3,충청북도 충주시 교현동(충북충주경찰서입구 부근),2018-03-12,16시,경상,여,55세,승용차,상해없음,남,14세,자전거,경상,차대차 - 측면충돌,안전운전 의무 불이행,맑음,0,5
2018,충청북도 충주시3,충청북도 충주시 교현동(충북충주경찰서입구 부근),2018-03-24,13시,경상,남,19세,이륜차,부상신고,남,67세,자전거,경상,차대차 - 기타,안전운전 의무 불이행,맑음,0,5
2018,충청북도 충주시3,충청북도 충주시 교현동(충북충주경찰서입구 부근),2018-03-26,07시,경상,남,58세,승용차,상해없음,남,61세,자전거,경상,차대차 - 기타,안전운전 의무 불이행,맑음,0,5
2018,충청북도 충주시3,충청북도 충주시 교현동(충북충주경찰서입구 부근),2018-04-17,08시,중상,남,42세,화물차,상해없음,여,70세,자전거,중상,차대차 - 기타,교차로 통행방법 위반,맑음,0,5
2018,충청북도 제천시1,충청북도 제천시 청전동(제천북부신협본점 부근),2018-04-18,11시,부상신고,남,30세,승용차,상해없음,여,42세,자전거,부상신고,차대차 - 측면충돌,안전운전 의무 불이행,맑음,0,4
2018,충청북도 제천시1,충청북도 제천시 청전동(제천북부신협본점 부근),2018-06-19,18시,경상,남,35세,승용차,상해없음,남,81세,자전거,경상,차대차 - 측면충돌,안전운전 의무 불이행,맑음,0,4
2018,충청북도 제천시1,충청북도 제천시 청전동(제천북부신협본점 부근),2018-06-26,10시,중상,남,59세,화물차,상해없음,남,61세,자전거,중상,차대차 - 측면충돌,안전운전 의무 불이행,비,0,4
2018,충청북도 제천시1,충청북도 제천시 청전동(제천북부신협본점 부근),2018-09-03,15시,중상,여,37세,승용차,상해없음,남,84세,자전거,중상,차대차 - 측면충돌,안전운전 의무 불이행,맑음,0,4
2018,충청남도 공주시1,충청남도 공주시 중동(중동교차로 부근),2018-06-12,15시,경상,여,40세,승용차,상해없음,남,11세,자전거,경상,차대차 - 측면충돌,안전운전 의무 불이행,맑음,0,5
2018,충청남도 공주시1,충청남도 공주시 중동(중동교차로 부근),2018-07-19,11시,경상,남,50세,승용차,상해없음,남,53세,자전거,경상,차대차 - 측면충돌,교차로 통행방법 위반,맑음,0,5
2018,충청남도 공주시1,충청남도 공주시 중동(중동교차로 부근),2018-08-06,08시,경상,여,44세,승용차,상해없음,남,61세,자전거,경상,차대차 - 측면충돌,안전운전 의무 불이행,맑음,0,5
2018,충청남도 공주시1,충청남도 공주시 중동(중동교차로 부근),2018-08-24,18시,경상,남,75세,자전거,경상,여,43세,승용차,상해없음,차대차 - 측면충돌,안전운전 의무 불이행,비,0,5
2018,충청남도 공주시1,충청남도 공주시 중동(중동교차로 부근),2018-12-05,18시,경상,남,24세,승용차,상해없음,여,54세,자전거,경상,차대차 - 측면충돌,안전운전 의무 불이행,맑음,0,5
2018,충청남도 보령시1,충청남도 보령시 대천동(정쌤헤어 부근),2018-01-02,16시,경상,여,45세,승용차,상해없음,남,80세,자전거,경상,차대차 - 측면충돌,안전운전 의무 불이행,맑음,0,5
2018,충청남도 보령시1,충청남도 보령시 대천동(정쌤헤어 부근),2018-02-13,13시,중상,남,70세,승용차,상해없음,남,85세,자전거,중상,차대차 - 기타,안전운전 의무 불이행,맑음,0,5
2018,충청남도 보령시1,충청남도 보령시 대천동(정쌤헤어 부근),2018-04-24,22시,중상,여,46세,승용차,상해없음,여,65세,자전거,중상,차대차 - 측면충돌,안전운전 의무 불이행,맑음,0,5
2018,충청남도 보령시1,충청남도 보령시 대천동(정쌤헤어 부근),2018-06-23,16시,중상,남,81세,자전거,중상,남,73세,화물차,상해없음,차대차 - 측면충돌,안전운전 의무 불이행,맑음,0,5
2018,충청남도 보령시1,충청남도 보령시 대천동(정쌤헤어 부근),2018-10-16,17시,중상,남,58세,화물차,상해없음,남,78세,자전거,중상,차대차 - 기타,안전운전 의무 불이행,맑음,0,5
2018,전라북도 군산시1,전라북도 군산시 경암동(운림목욕탕 부근),2018-02-02,10시,중상,남,74세,자전거,중상,남,49세,화물차,상해없음,차대차 - 측면충돌,신호위반,맑음,0,5
2018,전라북도 군산시1,전라북도 군산시 경암동(운림목욕탕 부근),2018-02-08,16시,부상신고,남,67세,자전거,부상신고,남,55세,이륜차,상해없음,차대차 - 기타,안전운전 의무 불이행,맑음,0,5
2018,전라북도 군산시1,전라북도 군산시 경암동(운림목욕탕 부근),2018-04-02,18시,경상,여,58세,승용차,상해없음,남,76세,자전거,경상,차대차 - 기타,신호위반,맑음,0,5
2018,전라북도 군산시1,전라북도 군산시 경암동(운림목욕탕 부근),2018-05-05,17시,중상,남,56세,자전거,중상,남,69세,승용차,상해없음,차대차 - 측면충돌,안전운전 의무 불이행,맑음,0,5
2018,전라북도 군산시1,전라북도 군산시 경암동(운림목욕탕 부근),2018-10-17,16시,중상,남,78세,자전거,중상,남,62세,승용차,상해없음,차대차 - 기타,안전운전 의무 불이행,맑음,0,5
2018,전라북도 군산시2,전라북도 군산시 소룡동(군산제일신용협동조합 소룡지점 부근),2018-03-02,13시,경상,여,39세,승용차,상해없음,남,67세,자전거,경상,차대차 - 측면충돌,기타,맑음,0,4
2018,전라북도 군산시2,전라북도 군산시 소룡동(군산제일신용협동조합 소룡지점 부근),2018-03-28,07시,경상,남,61세,자전거,경상,남,34세,승용차,상해없음,차대차 - 기타,신호위반,맑음,0,4
2018,전라북도 군산시2,전라북도 군산시 소룡동(군산제일신용협동조합 소룡지점 부근),2018-06-11,21시,경상,남,52세,승용차,상해없음,남,67세,자전거,경상,차대차 - 기타,안전운전 의무 불이행,맑음,0,4
2018,전라북도 군산시2,전라북도 군산시 소룡동(군산제일신용협동조합 소룡지점 부근),2018-07-31,00시,중상,남,57세,승용차,상해없음,남,56세,자전거,중상,차대차 - 기타,안전운전 의무 불이행,맑음,0,4
2018,전라북도 정읍시1,전라북도 정읍시 수성동(내장산약국 부근),2018-01-17,12시,중상,여,64세,자전거,중상,남,71세,승용차,상해없음,차대차 - 기타,안전운전 의무 불이행,맑음,0,7
2018,전라북도 정읍시1,전라북도 정읍시 수성동(내장산약국 부근),2018-01-28,14시,중상,여,77세,자전거,중상,남,68세,승용차,상해없음,차대차 - 측면충돌,교차로 통행방법 위반,맑음,0,7
2018,전라북도 정읍시1,전라북도 정읍시 수성동(내장산약국 부근),2018-05-28,15시,중상,남,46세,승용차,상해없음,여,74세,자전거,중상,차대차 - 기타,교차로 통행방법 위반,맑음,0,7
2018,전라북도 정읍시1,전라북도 정읍시 수성동(내장산약국 부근),2018-06-12,10시,중상,여,66세,자전거,중상,남,78세,승용차,상해없음,차대차 - 측면충돌,기타,맑음,0,7
2018,전라북도 정읍시1,전라북도 정읍시 수성동(내장산약국 부근),2018-07-14,16시,경상,여,77세,자전거,경상,여,45세,승용차,상해없음,차대차 - 정면충돌,안전운전 의무 불이행,맑음,0,7
2018,전라북도 정읍시1,전라북도 정읍시 수성동(내장산약국 부근),2018-07-27,19시,부상신고,여,73세,자전거,부상신고,남,40세,승용차,상해없음,차대차 - 측면충돌,신호위반,맑음,0,7
2018,전라북도 정읍시1,전라북도 정읍시 수성동(내장산약국 부근),2018-08-25,13시,경상,남,41세,이륜차,상해없음,남,14세,자전거,경상,차대차 - 측면충돌,기타,맑음,0,7
2018,전라북도 정읍시2,전라북도 정읍시 장명동(동초교사거리 부근),2018-03-01,08시,부상신고,남,21세,자전거,부상신고,남,57세,화물차,상해없음,차대차 - 측면충돌,안전운전 의무 불이행,맑음,0,4
2018,전라북도 정읍시2,전라북도 정읍시 장명동(동초교사거리 부근),2018-06-06,18시,중상,남,36세,화물차,상해없음,남,12세,자전거,중상,차대차 - 측면충돌,기타,맑음,0,4
2018,전라북도 정읍시2,전라북도 정읍시 장명동(동초교사거리 부근),2018-08-28,10시,경상,남,25세,승용차,상해없음,남,44세,자전거,경상,차대차 - 기타,안전운전 의무 불이행,맑음,0,4
2018,전라북도 정읍시2,전라북도 정읍시 장명동(동초교사거리 부근),2018-09-08,09시,경상,남,76세,화물차,상해없음,여,55세,자전거,경상,차대차 - 측면충돌,안전운전 의무 불이행,맑음,0,4
2018,전라남도 목포시1,전라남도 목포시 동명동(동명사거리 부근),2018-08-26,09시,중상,여,61세,자전거,중상,남,43세,승용차,상해없음,차대차 - 측면충돌,신호위반,맑음,0,4
2018,전라남도 목포시1,전라남도 목포시 동명동(동명사거리 부근),2018-09-06,12시,중상,남,71세,자전거,중상,남,63세,승용차,상해없음,차대차 - 기타,교차로 통행방법 위반,맑음,0,4
2018,전라남도 목포시1,전라남도 목포시 동명동(동명사거리 부근),2018-10-25,07시,중상,남,49세,자전거,중상,남,30세,승용차,상해없음,차대차 - 기타,중앙선 침범,맑음,0,4
2018,전라남도 목포시1,전라남도 목포시 동명동(동명사거리 부근),2018-12-18,08시,경상,남,70세,자전거,경상,여,68세,승용차,상해없음,차대차 - 기타,안전운전 의무 불이행,맑음,0,4
2018,전라남도 장성군1,전라남도 장성군 장성읍(전남장성경찰서읍내파출소 부근),2018-04-07,17시,경상,여,59세,자전거,경상,남,38세,화물차,상해없음,차대차 - 기타,안전운전 의무 불이행,맑음,0,4
2018,전라남도 장성군1,전라남도 장성군 장성읍(전남장성경찰서읍내파출소 부근),2018-05-24,17시,경상,남,13세,자전거,경상,여,49세,승용차,상해없음,차대차 - 측면충돌,안전운전 의무 불이행,맑음,0,4
2018,전라남도 장성군1,전라남도 장성군 장성읍(전남장성경찰서읍내파출소 부근),2018-08-01,16시,부상신고,남,69세,자전거,부상신고,여,69세,승용차,상해없음,차대차 - 기타,기타,맑음,0,4
2018,전라남도 장성군1,전라남도 장성군 장성읍(전남장성경찰서읍내파출소 부근),2018-10-21,15시,부상신고,남,52세,자전거,부상신고,남,49세,화물차,상해없음,차대차 - 기타,안전운전 의무 불이행,맑음,0,4
2018,경상북도 포항시 남구1,경상북도 포항시 남구 상도동(탑클리닉 부근),2018-02-02,08시,중상,여,64세,자전거,중상,남,49세,승용차,상해없음,차대차 - 측면충돌,안전운전 의무 불이행,맑음,1,4
2018,경상북도 포항시 남구1,경상북도 포항시 남구 상도동(탑클리닉 부근),2018-04-25,14시,경상,여,70세,자전거,경상,여,50세,승용차,상해없음,차대차 - 측면충돌,안전운전 의무 불이행,맑음,1,4
2018,경상북도 포항시 남구1,경상북도 포항시 남구 상도동(탑클리닉 부근),2018-05-10,20시,사망,남,37세,승용차,상해없음,남,67세,자전거,사망,차대차 - 측면충돌,안전운전 의무 불이행,맑음,1,4
2018,경상북도 포항시 남구1,경상북도 포항시 남구 상도동(탑클리닉 부근),2018-06-24,21시,경상,남,64세,자전거,경상,남,28세,승용차,상해없음,차대차 - 측면충돌,안전운전 의무 불이행,맑음,1,4
2018,경상북도 포항시 남구1,경상북도 포항시 남구 상도동(탑클리닉 부근),2018-07-04,14시,경상,여,68세,자전거,경상,여,45세,승용차,상해없음,차대차 - 기타,안전운전 의무 불이행,맑음,1,4
2018,경상북도 포항시 남구2,경상북도 포항시 남구 해도동(청산빌딩 부근),2018-04-07,16시,경상,남,47세,승용차,상해없음,남,73세,자전거,경상,차대차 - 측면충돌,기타,맑음,0,5
2018,경상북도 포항시 남구2,경상북도 포항시 남구 해도동(청산빌딩 부근),2018-05-14,08시,경상,남,54세,자전거,경상,여,42세,승용차,상해없음,차대차 - 측면충돌,중앙선 침범,맑음,0,5
2018,경상북도 포항시 남구2,경상북도 포항시 남구 해도동(청산빌딩 부근),2018-06-20,07시,중상,남,57세,승용차,상해없음,남,66세,자전거,중상,차대차 - 측면충돌,신호위반,맑음,0,5
2018,경상북도 포항시 남구2,경상북도 포항시 남구 해도동(청산빌딩 부근),2018-06-21,16시,중상,여,82세,자전거,중상,남,45세,승합차,상해없음,차대차 - 측면충돌,안전운전 의무 불이행,맑음,0,5
2018,경상북도 포항시 남구2,경상북도 포항시 남구 해도동(청산빌딩 부근),2018-11-16,07시,경상,남,50세,자전거,경상,남,63세,승용차,상해없음,차대차 - 기타,안전거리 미확보,맑음,0,5
2018,경상북도 포항시 남구3,경상북도 포항시 남구 해도동(DGB대구은행 해도동지점 부근),2018-08-17,18시,부상신고,남,59세,이륜차,상해없음,남,78세,자전거,부상신고,차대차 - 기타,안전운전 의무 불이행,맑음,0,4
2018,경상북도 포항시 남구3,경상북도 포항시 남구 해도동(DGB대구은행 해도동지점 부근),2018-10-13,16시,경상,남,62세,승용차,상해없음,여,45세,자전거,경상,차대차 - 기타,안전운전 의무 불이행,맑음,0,4
2018,경상북도 포항시 남구3,경상북도 포항시 남구 해도동(DGB대구은행 해도동지점 부근),2018-10-19,17시,경상,남,68세,자전거,경상,남,50세,승합차,상해없음,차대차 - 측면충돌,기타,맑음,0,4
2018,경상북도 포항시 남구3,경상북도 포항시 남구 해도동(DGB대구은행 해도동지점 부근),2018-12-20,08시,중상,남,23세,승용차,상해없음,여,64세,자전거,중상,차대차 - 측면충돌,안전운전 의무 불이행,맑음,0,4
2018,경상북도 포항시 북구1,경상북도 포항시 북구 대흥동(협진함석 부근),2018-05-28,09시,중상,여,61세,승용차,상해없음,남,76세,자전거,중상,차대차 - 기타,안전운전 의무 불이행,맑음,0,6
2018,경상북도 포항시 북구1,경상북도 포항시 북구 대흥동(협진함석 부근),2018-06-03,18시,중상,남,47세,자전거,중상,남,62세,승용차,기타불명,차대차 - 측면충돌,안전운전 의무 불이행,맑음,0,6
2018,경상북도 포항시 북구1,경상북도 포항시 북구 대흥동(협진함석 부근),2018-06-25,07시,중상,남,63세,화물차,상해없음,남,55세,자전거,중상,차대차 - 기타,안전운전 의무 불이행,맑음,0,6
2018,경상북도 포항시 북구1,경상북도 포항시 북구 대흥동(협진함석 부근),2018-08-05,18시,중상,남,66세,승합차,상해없음,여,56세,자전거,중상,차대차 - 기타,안전운전 의무 불이행,맑음,0,6
2018,경상북도 포항시 북구1,경상북도 포항시 북구 대흥동(협진함석 부근),2018-09-19,06시,중상,남,53세,화물차,상해없음,남,73세,자전거,중상,차대차 - 측면충돌,안전운전 의무 불이행,맑음,0,6
2018,경상북도 포항시 북구1,경상북도 포항시 북구 대흥동(협진함석 부근),2018-11-19,08시,중상,여,34세,승용차,상해없음,여,66세,자전거,중상,차대차 - 측면충돌,안전운전 의무 불이행,맑음,0,6
2018,경상북도 포항시 북구2,경상북도 포항시 북구 죽도동(5호광장사거리 부근),2018-07-13,22시,중상,남,64세,승용차,상해없음,남,54세,자전거,중상,차대차 - 측면충돌,안전운전 의무 불이행,맑음,0,5
2018,경상북도 포항시 북구2,경상북도 포항시 북구 죽도동(5호광장사거리 부근),2018-07-18,01시,중상,여,34세,승용차,상해없음,남,75세,자전거,중상,차대차 - 측면충돌,안전운전 의무 불이행,맑음,0,5
2018,경상북도 포항시 북구2,경상북도 포항시 북구 죽도동(5호광장사거리 부근),2018-10-31,19시,경상,남,22세,승용차,상해없음,남,29세,자전거,경상,차대차 - 기타,안전운전 의무 불이행,맑음,0,5
2018,경상북도 포항시 북구2,경상북도 포항시 북구 죽도동(5호광장사거리 부근),2018-11-02,12시,경상,남,50세,승용차,상해없음,남,62세,자전거,경상,차대차 - 측면충돌,안전운전 의무 불이행,맑음,0,5
2018,경상북도 포항시 북구2,경상북도 포항시 북구 죽도동(5호광장사거리 부근),2018-12-27,06시,중상,남,58세,자전거,중상,남,62세,승용차,상해없음,차대차 - 기타,신호위반,맑음,0,5
2018,경상북도 포항시 북구3,경상북도 포항시 북구 죽도동(죽도동민복지회관 부근),2018-03-13,10시,중상,남,75세,자전거,중상,남,59세,승용차,경상,차대차 - 기타,안전운전 의무 불이행,맑음,0,6