사고년도,다발시군구,지점명,사고일시,사고시간대,사고등급,가해자성별,가해자연령,가해차종,가해자신체상해정도,피해자성별,피해자연령,피해차종,피해자신체상해정도,사고유형,가해자법규위반,기상상태,사망자수,부상자수
2018,경상남도 김해시1,경상남도 김해시 부원동(부원동사거리 부근),2018-01-22,16시,부상신고,남,76세,자전거,부상신고,여,38세,승용차,상해없음,차대차 - 측면충돌,중앙선 침범,맑음,0,9
2018,경상남도 김해시1,경상남도 김해시 부원동(부원동사거리 부근),2018-01-25,15시,중상,여,49세,승용차,상해없음,여,67세,자전거,중상,차대차 - 측면충돌,안전운전 의무 불이행,맑음,0,9
2018,경상남도 김해시1,경상남도 김해시 부원동(부원동사거리 부근),2018-02-02,08시,부상신고,남,81세,자전거,부상신고,여,32세,승용차,상해없음,차대차 - 기타,신호위반,맑음,0,9
2018,경상남도 김해시1,경상남도 김해시 부원동(부원동사거리 부근),2018-03-25,19시,중상,여,61세,승용차,상해없음,남,73세,자전거,중상,차대차 - 측면충돌,안전운전 의무 불이행,맑음,0,9
2018,경상남도 김해시1,경상남도 김해시 부원동(부원동사거리 부근),2018-04-27,14시,경상,여,62세,자전거,경상,남,61세,승용차,상해없음,차대차 - 기타,안전운전 의무 불이행,맑음,0,9
2018,경상남도 김해시1,경상남도 김해시 부원동(부원동사거리 부근),2018-04-30,09시,경상,여,51세,승용차,상해없음,남,70세,자전거,경상,차대차 - 추돌,안전운전 의무 불이행,맑음,0,9
2018,경상남도 김해시1,경상남도 김해시 부원동(부원동사거리 부근),2018-06-20,19시,경상,여,62세,자전거,경상,남,31세,승용차,상해없음,차대차 - 측면충돌,안전운전 의무 불이행,맑음,0,9
2018,경상남도 김해시1,경상남도 김해시 부원동(부원동사거리 부근),2018-07-26,05시,경상,남,69세,원동기장치자전거,경상,남,74세,자전거,상해없음,차대차 - 측면충돌,기타,맑음,0,9
2018,경상남도 김해시2,경상남도 김해시 내동(경원사거리 부근),2018-06-26,22시,경상,여,31세,자전거,경상,남,31세,승용차,상해없음,차대차 - 측면충돌,안전운전 의무 불이행,맑음,0,4
2018,경상남도 김해시2,경상남도 김해시 내동(경원사거리 부근),2018-08-28,10시,경상,여,38세,승용차,상해없음,남,34세,자전거,경상,차대차 - 측면충돌,안전운전 의무 불이행,맑음,0,4
2018,경상남도 김해시2,경상남도 김해시 내동(경원사거리 부근),2018-09-12,09시,중상,남,64세,자전거,중상,남,47세,화물차,상해없음,차대차 - 기타,안전운전 의무 불이행,맑음,0,4
2018,경상남도 김해시2,경상남도 김해시 내동(경원사거리 부근),2018-10-06,03시,중상,남,26세,승용차,상해없음,여,68세,자전거,중상,차대차 - 기타,안전운전 의무 불이행,비,0,4
2018,경상남도 김해시3,경상남도 김해시 서상동(일진건재당약국 부근),2018-02-26,16시,경상,남,67세,승용차,상해없음,남,50세,자전거,경상,차대차 - 기타,중앙선 침범,맑음,0,4
2018,경상남도 김해시3,경상남도 김해시 서상동(일진건재당약국 부근),2018-03-03,10시,경상,남,67세,승용차,상해없음,남,14세,자전거,경상,차대차 - 기타,기타,맑음,0,4
2018,경상남도 김해시3,경상남도 김해시 서상동(일진건재당약국 부근),2018-05-07,08시,중상,남,67세,승용차,상해없음,여,56세,자전거,중상,차대차 - 기타,안전운전 의무 불이행,흐림,0,4
2018,경상남도 김해시3,경상남도 김해시 서상동(일진건재당약국 부근),2018-07-21,22시,경상,여,53세,자전거,경상,남,18세,원동기장치자전거,상해없음,차대차 - 측면충돌,기타,맑음,0,4
2018,경상남도 양산시1,경상남도 양산시 물금읍(범어고등학교 부근),2018-04-08,11시,경상,여,42세,승용차,상해없음,남,11세,자전거,경상,차대차 - 측면충돌,안전운전 의무 불이행,맑음,0,4
2018,경상남도 양산시1,경상남도 양산시 물금읍(범어고등학교 부근),2018-06-07,14시,경상,여,61세,승용차,상해없음,남,75세,자전거,경상,차대차 - 기타,안전운전 의무 불이행,맑음,0,4
2018,경상남도 양산시1,경상남도 양산시 물금읍(범어고등학교 부근),2018-09-13,15시,경상,여,46세,승용차,상해없음,남,73세,자전거,경상,차대차 - 기타,신호위반,맑음,0,4
2018,경상남도 양산시1,경상남도 양산시 물금읍(범어고등학교 부근),2018-11-18,15시,중상,여,32세,승용차,상해없음,여,52세,자전거,중상,차대차 - 측면충돌,안전운전 의무 불이행,맑음,0,4
2018,경상남도 창녕군1,경상남도 창녕군 남지읍(서울민치과의원 부근),2018-01-27,18시,경상,남,46세,승용차,상해없음,여,69세,자전거,경상,차대차 - 기타,안전운전 의무 불이행,맑음,0,5
2018,경상남도 창녕군1,경상남도 창녕군 남지읍(서울민치과의원 부근),2018-02-02,18시,경상,남,80세,자전거,경상,남,49세,화물차,상해없음,차대차 - 측면충돌,안전운전 의무 불이행,맑음,0,5
2018,경상남도 창녕군1,경상남도 창녕군 남지읍(서울민치과의원 부근),2018-04-23,21시,중상,남,76세,승용차,상해없음,여,63세,자전거,중상,차대차 - 기타,중앙선 침범,비,0,5
2018,경상남도 창녕군1,경상남도 창녕군 남지읍(서울민치과의원 부근),2018-07-07,16시,중상,남,51세,화물차,상해없음,남,58세,자전거,중상,차대차 - 측면충돌,안전운전 의무 불이행,맑음,0,5
2018,경상남도 창녕군1,경상남도 창녕군 남지읍(서울민치과의원 부근),2018-10-18,15시,중상,여,54세,승용차,상해없음,여,74세,자전거,중상,차대차 - 측면충돌,안전운전 의무 불이행,맑음,0,5
2019,서울특별시 종로구1,서울특별시 종로구 서린동(종로구청입구 부근),2019-02-12,16시,중상,남,63세,승용차,상해없음,남,37세,자전거,중상,차대차 - 측면충돌,기타,맑음,0,5
2019,서울특별시 종로구1,서울특별시 종로구 서린동(종로구청입구 부근),2019-04-11,07시,경상,여,38세,승용차,상해없음,남,58세,자전거,경상,차대차 - 측면충돌,교차로 통행방법 위반,맑음,0,5
2019,서울특별시 종로구1,서울특별시 종로구 서린동(종로구청입구 부근),2019-09-20,18시,경상,기타불명,불명,불명,기타불명,여,25세,자전거,경상,차대차 - 측면충돌,기타,맑음,0,5
2019,서울특별시 종로구1,서울특별시 종로구 서린동(종로구청입구 부근),2019-11-07,07시,중상,남,51세,승용차,상해없음,여,49세,자전거,중상,차대차 - 측면충돌,안전운전 의무 불이행,맑음,0,5
2019,서울특별시 종로구1,서울특별시 종로구 서린동(종로구청입구 부근),2019-11-19,21시,경상,남,59세,승용차,상해없음,남,54세,자전거,경상,차대차 - 측면충돌,기타,맑음,0,5
2019,서울특별시 중구1,서울특별시 중구 을지로6가(신평화시장 부근),2019-01-03,07시,경상,남,63세,승용차,상해없음,남,59세,자전거,경상,차대차 - 기타,기타,맑음,0,5
2019,서울특별시 중구1,서울특별시 중구 을지로6가(신평화시장 부근),2019-04-07,14시,경상,남,53세,자전거,경상,여,56세,보행자,경상,차대사람 - 횡단중,안전운전 의무 불이행,맑음,0,5
2019,서울특별시 중구1,서울특별시 중구 을지로6가(신평화시장 부근),2019-08-16,16시,부상신고,여,23세,자전거,부상신고,여,51세,승용차,상해없음,차대차 - 측면충돌,안전거리 미확보,맑음,0,5
2019,서울특별시 중구1,서울특별시 중구 을지로6가(신평화시장 부근),2019-09-26,12시,경상,남,69세,자전거,경상,여,71세,승용차,상해없음,차대차 - 측면충돌,신호위반,맑음,0,5
2019,서울특별시 용산구1,서울특별시 용산구 서빙고동(반포대교북단 부근),2019-05-12,08시,경상,남,42세,자전거,상해없음,남,64세,자전거,경상,차대차 - 정면충돌,안전운전 의무 불이행,맑음,0,4
2019,서울특별시 용산구1,서울특별시 용산구 서빙고동(반포대교북단 부근),2019-06-17,17시,경상,남,37세,자전거,상해없음,남,46세,자전거,경상,차대차 - 정면충돌,안전운전 의무 불이행,맑음,0,4
2019,서울특별시 용산구1,서울특별시 용산구 서빙고동(반포대교북단 부근),2019-07-24,01시,경상,남,23세,승용차,상해없음,여,26세,자전거,경상,차대차 - 측면충돌,기타,맑음,0,4
2019,서울특별시 용산구1,서울특별시 용산구 서빙고동(반포대교북단 부근),2019-08-23,22시,중상,남,43세,자전거,중상,남,28세,승용차,상해없음,차대차 - 기타,안전운전 의무 불이행,맑음,0,4
2019,서울특별시 용산구2,서울특별시 용산구 이촌동(이촌동길대건로진입로1 부근),2019-01-11,08시,경상,여,65세,승용차,상해없음,여,38세,자전거,경상,차대차 - 기타,기타,맑음,0,4
2019,서울특별시 용산구2,서울특별시 용산구 이촌동(이촌동길대건로진입로1 부근),2019-01-15,18시,중상,남,39세,승용차,상해없음,남,55세,자전거,중상,차대차 - 기타,안전운전 의무 불이행,맑음,0,4
2019,서울특별시 용산구2,서울특별시 용산구 이촌동(이촌동길대건로진입로1 부근),2019-01-28,19시,경상,남,61세,승용차,상해없음,여,31세,자전거,경상,차대차 - 기타,안전운전 의무 불이행,맑음,0,4
2019,서울특별시 용산구2,서울특별시 용산구 이촌동(이촌동길대건로진입로1 부근),2019-07-21,21시,경상,여,51세,자전거,기타불명,남,43세,자전거,경상,차대차 - 측면충돌,안전운전 의무 불이행,맑음,0,4
2019,서울특별시 성동구1,서울특별시 성동구 성수동2가(뚝도시장 부근),2019-04-01,19시,경상,남,12세,자전거,경상,남,31세,승합차,상해없음,차대차 - 측면충돌,교차로 통행방법 위반,맑음,0,5
2019,서울특별시 성동구1,서울특별시 성동구 성수동2가(뚝도시장 부근),2019-06-04,15시,경상,여,58세,승용차,상해없음,여,31세,자전거,경상,차대차 - 기타,안전운전 의무 불이행,맑음,0,5
2019,서울특별시 성동구1,서울특별시 성동구 성수동2가(뚝도시장 부근),2019-10-31,20시,중상,남,60세,승용차,상해없음,남,46세,자전거,중상,차대차 - 추돌,안전운전 의무 불이행,맑음,0,5
2019,서울특별시 성동구1,서울특별시 성동구 성수동2가(뚝도시장 부근),2019-12-16,05시,중상,남,27세,화물차,상해없음,여,72세,자전거,중상,차대차 - 기타,교차로 통행방법 위반,맑음,0,5
2019,서울특별시 성동구1,서울특별시 성동구 성수동2가(뚝도시장 부근),2019-12-19,15시,중상,남,63세,승용차,상해없음,남,77세,자전거,중상,차대차 - 측면충돌,안전운전 의무 불이행,맑음,0,5
2019,서울특별시 성동구2,서울특별시 성동구 성수동1가(개풍빌딩 부근),2019-02-02,12시,경상,남,27세,승용차,상해없음,여,59세,자전거,경상,차대차 - 기타,기타,맑음,0,5
2019,서울특별시 성동구2,서울특별시 성동구 성수동1가(개풍빌딩 부근),2019-05-01,09시,경상,남,57세,화물차,상해없음,여,20세,자전거,경상,차대차 - 측면충돌,기타,맑음,0,5
2019,서울특별시 성동구2,서울특별시 성동구 성수동1가(개풍빌딩 부근),2019-05-10,17시,중상,남,35세,화물차,상해없음,남,62세,자전거,중상,차대차 - 측면충돌,신호위반,맑음,0,5
2019,서울특별시 성동구2,서울특별시 성동구 성수동1가(개풍빌딩 부근),2019-06-08,21시,경상,여,51세,자전거,상해없음,남,20세,이륜차,경상,차대차 - 정면충돌,안전운전 의무 불이행,맑음,0,5
2019,서울특별시 성동구2,서울특별시 성동구 성수동1가(개풍빌딩 부근),2019-08-05,16시,경상,여,17세,자전거,경상,여,63세,승용차,상해없음,차대차 - 측면충돌,안전거리 미확보,맑음,0,5
2019,서울특별시 성동구3,서울특별시 성동구 성수동1가(성수여중 부근),2019-01-24,16시,경상,남,83세,자전거,경상,남,50세,화물차,상해없음,차대차 - 기타,교차로 통행방법 위반,맑음,0,5
2019,서울특별시 성동구3,서울특별시 성동구 성수동1가(성수여중 부근),2019-04-16,18시,경상,남,56세,이륜차,상해없음,남,13세,자전거,경상,차대차 - 측면충돌,신호위반,맑음,0,5
2019,서울특별시 성동구3,서울특별시 성동구 성수동1가(성수여중 부근),2019-07-14,18시,경상,남,57세,자전거,경상,여,38세,자전거,상해없음,차대차 - 기타,안전거리 미확보,맑음,0,5
2019,서울특별시 성동구3,서울특별시 성동구 성수동1가(성수여중 부근),2019-09-25,11시,부상신고,여,59세,자전거,부상신고,남,55세,승용차,상해없음,차대차 - 측면충돌,기타,맑음,0,5
2019,서울특별시 성동구3,서울특별시 성동구 성수동1가(성수여중 부근),2019-11-28,12시,경상,여,38세,승용차,상해없음,남,60세,자전거,경상,차대차 - 기타,안전운전 의무 불이행,맑음,0,5
2019,서울특별시 성동구4,서울특별시 성동구 성수동1가(대림아파트 부근),2019-03-22,18시,경상,남,30세,승용차,상해없음,여,30세,자전거,경상,차대차 - 측면충돌,신호위반,맑음,0,4
2019,서울특별시 성동구4,서울특별시 성동구 성수동1가(대림아파트 부근),2019-04-05,06시,경상,기타불명,불명,불명,기타불명,남,86세,자전거,경상,차대차 - 기타,안전운전 의무 불이행,맑음,0,4
2019,서울특별시 성동구4,서울특별시 성동구 성수동1가(대림아파트 부근),2019-07-16,15시,경상,남,13세,자전거,경상,남,35세,승용차,상해없음,차대차 - 측면충돌,안전운전 의무 불이행,맑음,0,4
2019,서울특별시 성동구4,서울특별시 성동구 성수동1가(대림아파트 부근),2019-09-25,00시,중상,남,59세,승용차,상해없음,남,26세,자전거,중상,차대차 - 측면충돌,신호위반,맑음,0,4
2019,서울특별시 광진구1,서울특별시 광진구 군자동(능동119안전센터 부근),2019-01-15,20시,중상,남,22세,원동기장치자전거,상해없음,여,48세,자전거,중상,차대차 - 측면충돌,신호위반,맑음,0,4
2019,서울특별시 광진구1,서울특별시 광진구 군자동(능동119안전센터 부근),2019-06-02,08시,중상,남,75세,자전거,상해없음,남,40세,이륜차,중상,차대차 - 측면충돌,안전운전 의무 불이행,맑음,0,4
2019,서울특별시 광진구1,서울특별시 광진구 군자동(능동119안전센터 부근),2019-06-05,14시,경상,여,59세,자전거,경상,여,60세,승용차,상해없음,차대차 - 정면충돌,안전운전 의무 불이행,맑음,0,4
2019,서울특별시 광진구1,서울특별시 광진구 군자동(능동119안전센터 부근),2019-10-30,10시,중상,남,75세,자전거,중상,남,61세,승용차,상해없음,차대차 - 측면충돌,안전운전 의무 불이행,맑음,0,4
2019,서울특별시 광진구2,서울특별시 광진구 구의동(광진우체국 부근),2019-05-13,16시,중상,남,71세,승합차,상해없음,남,62세,자전거,중상,차대차 - 측면충돌,신호위반,맑음,0,4
2019,서울특별시 광진구2,서울특별시 광진구 구의동(광진우체국 부근),2019-07-17,15시,경상,남,9세,자전거,경상,남,42세,화물차,상해없음,차대차 - 기타,안전운전 의무 불이행,맑음,0,4
2019,서울특별시 광진구2,서울특별시 광진구 구의동(광진우체국 부근),2019-07-18,22시,경상,남,50세,승용차,상해없음,여,57세,자전거,경상,차대차 - 측면충돌,신호위반,맑음,0,4
2019,서울특별시 광진구2,서울특별시 광진구 구의동(광진우체국 부근),2019-07-23,21시,경상,여,22세,자전거,경상,여,37세,승용차,상해없음,차대차 - 측면충돌,안전운전 의무 불이행,맑음,0,4
2019,서울특별시 광진구3,서울특별시 광진구 자양동(신양초교앞 부근),2019-05-07,14시,중상,남,34세,이륜차,상해없음,남,33세,자전거,중상,차대차 - 측면충돌,안전운전 의무 불이행,맑음,0,4
2019,서울특별시 광진구3,서울특별시 광진구 자양동(신양초교앞 부근),2019-06-21,11시,부상신고,남,49세,자전거,부상신고,남,51세,승용차,상해없음,차대차 - 측면충돌,신호위반,맑음,0,4
2019,서울특별시 광진구3,서울특별시 광진구 자양동(신양초교앞 부근),2019-06-29,15시,경상,여,81세,자전거,경상,여,59세,승용차,상해없음,차대차 - 측면충돌,안전운전 의무 불이행,흐림,0,4
2019,서울특별시 광진구3,서울특별시 광진구 자양동(신양초교앞 부근),2019-12-03,15시,경상,남,9세,자전거,기타불명,남,57세,보행자,경상,차대사람 - 기타,안전운전 의무 불이행,맑음,0,4
2019,서울특별시 동대문구1,서울특별시 동대문구 용두동(마장동사거리 부근),2019-04-23,22시,경상,여,26세,자전거,경상,남,62세,승용차,상해없음,차대차 - 측면충돌,안전운전 의무 불이행,맑음,0,9
2019,서울특별시 동대문구1,서울특별시 동대문구 용두동(마장동사거리 부근),2019-04-25,19시,부상신고,남,52세,자전거,부상신고,남,38세,승용차,상해없음,차대차 - 측면충돌,신호위반,비,0,9
2019,서울특별시 동대문구1,서울특별시 동대문구 용두동(마장동사거리 부근),2019-05-05,21시,경상,남,66세,승용차,상해없음,남,18세,자전거,경상,차대차 - 기타,교차로 통행방법 위반,맑음,0,9
2019,서울특별시 동대문구1,서울특별시 동대문구 용두동(마장동사거리 부근),2019-05-16,16시,부상신고,남,75세,자전거,상해없음,여,42세,보행자,부상신고,차대사람 - 보도통행중,기타,맑음,0,9
2019,서울특별시 동대문구1,서울특별시 동대문구 용두동(마장동사거리 부근),2019-08-25,10시,경상,여,67세,승용차,상해없음,남,72세,자전거,경상,차대차 - 측면충돌,신호위반,맑음,0,9
2019,서울특별시 동대문구1,서울특별시 동대문구 용두동(마장동사거리 부근),2019-10-21,06시,중상,남,31세,승용차,상해없음,남,58세,자전거,중상,차대차 - 기타,신호위반,맑음,0,9
2019,서울특별시 동대문구1,서울특별시 동대문구 용두동(마장동사거리 부근),2019-11-07,08시,부상신고,남,73세,자전거,부상신고,남,74세,승용차,상해없음,차대차 - 기타,안전운전 의무 불이행,맑음,0,9
2019,서울특별시 동대문구1,서울특별시 동대문구 용두동(마장동사거리 부근),2019-11-25,17시,경상,남,74세,자전거,경상,남,25세,승용차,상해없음,차대차 - 측면충돌,안전운전 의무 불이행,맑음,0,9
2019,서울특별시 동대문구1,서울특별시 동대문구 용두동(마장동사거리 부근),2019-12-31,09시,경상,남,83세,승용차,상해없음,여,28세,자전거,경상,차대차 - 측면충돌,안전운전 의무 불이행,맑음,0,9
2019,서울특별시 동대문구2,서울특별시 동대문구 용두동(청계천대성스카이렉스 부근),2019-05-14,23시,부상신고,남,46세,자전거,부상신고,남,56세,승용차,상해없음,차대차 - 측면충돌,안전운전 의무 불이행,맑음,0,9
2019,서울특별시 동대문구2,서울특별시 동대문구 용두동(청계천대성스카이렉스 부근),2019-06-17,19시,경상,여,56세,자전거,경상,남,35세,이륜차,경상,차대차 - 측면충돌,기타,맑음,0,9
2019,서울특별시 동대문구2,서울특별시 동대문구 용두동(청계천대성스카이렉스 부근),2019-07-19,17시,중상,남,33세,이륜차,상해없음,여,33세,자전거,중상,차대차 - 측면충돌,안전운전 의무 불이행,맑음,0,9
2019,서울특별시 동대문구2,서울특별시 동대문구 용두동(청계천대성스카이렉스 부근),2019-08-13,19시,경상,남,26세,승용차,상해없음,남,34세,자전거,경상,차대차 - 기타,안전운전 의무 불이행,맑음,0,9
2019,서울특별시 동대문구2,서울특별시 동대문구 용두동(청계천대성스카이렉스 부근),2019-10-17,07시,경상,남,46세,자전거,경상,남,33세,승용차,상해없음,차대차 - 기타,기타,맑음,0,9
2019,서울특별시 동대문구2,서울특별시 동대문구 용두동(청계천대성스카이렉스 부근),2019-10-22,23시,경상,남,42세,자전거,경상,남,26세,승용차,상해없음,차대차 - 측면충돌,안전운전 의무 불이행,맑음,0,9
2019,서울특별시 동대문구2,서울특별시 동대문구 용두동(청계천대성스카이렉스 부근),2019-10-26,17시,부상신고,남,58세,자전거,부상신고,남,41세,화물차,상해없음,차대차 - 추돌,안전운전 의무 불이행,맑음,0,9
2019,서울특별시 동대문구2,서울특별시 동대문구 용두동(청계천대성스카이렉스 부근),2019-12-24,11시,경상,남,66세,승용차,상해없음,남,64세,자전거,경상,차대차 - 기타,신호위반,맑음,0,9
2019,서울특별시 동대문구3,서울특별시 동대문구 용두동(용두치안센터 부근),2019-03-08,14시,경상,남,66세,자전거,경상,남,64세,화물차,상해없음,차대차 - 측면충돌,기타,맑음,0,8
2019,서울특별시 동대문구3,서울특별시 동대문구 용두동(용두치안센터 부근),2019-04-29,18시,중상,남,65세,자전거,상해없음,여,70세,보행자,중상,차대사람 - 기타,안전운전 의무 불이행,맑음,0,8
2019,서울특별시 동대문구3,서울특별시 동대문구 용두동(용두치안센터 부근),2019-05-04,12시,경상,남,37세,이륜차,상해없음,남,35세,자전거,경상,차대차 - 측면충돌,신호위반,맑음,0,8
2019,서울특별시 동대문구3,서울특별시 동대문구 용두동(용두치안센터 부근),2019-05-15,10시,중상,여,55세,자전거,중상,남,23세,승용차,상해없음,차대차 - 기타,안전운전 의무 불이행,맑음,0,8
2019,서울특별시 동대문구3,서울특별시 동대문구 용두동(용두치안센터 부근),2019-06-22,11시,경상,남,61세,승용차,상해없음,남,25세,자전거,경상,차대차 - 기타,안전운전 의무 불이행,맑음,0,8
2019,서울특별시 동대문구3,서울특별시 동대문구 용두동(용두치안센터 부근),2019-10-16,13시,경상,남,35세,이륜차,경상,남,24세,자전거,상해없음,차대차 - 측면충돌,기타,맑음,0,8
2019,서울특별시 동대문구3,서울특별시 동대문구 용두동(용두치안센터 부근),2019-10-22,12시,경상,여,60세,승용차,상해없음,여,61세,자전거,경상,차대차 - 측면충돌,안전운전 의무 불이행,맑음,0,8
2019,서울특별시 동대문구4,서울특별시 동대문구 용두동(성심의원고산자로진입 부근),2019-04-08,10시,부상신고,남,79세,자전거,부상신고,남,50세,승용차,상해없음,차대차 - 기타,안전운전 의무 불이행,맑음,1,5
2019,서울특별시 동대문구4,서울특별시 동대문구 용두동(성심의원고산자로진입 부근),2019-04-14,23시,경상,남,67세,자전거,경상,남,58세,화물차,상해없음,차대차 - 기타,안전운전 의무 불이행,맑음,1,5
2019,서울특별시 동대문구4,서울특별시 동대문구 용두동(성심의원고산자로진입 부근),2019-09-03,09시,경상,남,65세,자전거,경상,남,38세,승용차,상해없음,차대차 - 측면충돌,안전운전 의무 불이행,맑음,1,5
2019,서울특별시 동대문구4,서울특별시 동대문구 용두동(성심의원고산자로진입 부근),2019-09-10,09시,중상,남,52세,화물차,상해없음,남,61세,자전거,중상,차대차 - 측면충돌,안전운전 의무 불이행,비,1,5
2019,서울특별시 동대문구4,서울특별시 동대문구 용두동(성심의원고산자로진입 부근),2019-09-12,15시,경상,여,67세,자전거,경상,남,40세,승용차,상해없음,차대차 - 기타,기타,흐림,1,5
2019,서울특별시 동대문구4,서울특별시 동대문구 용두동(성심의원고산자로진입 부근),2019-10-18,05시,사망,남,55세,승용차,상해없음,남,77세,자전거,사망,차대차 - 정면충돌,안전운전 의무 불이행,맑음,1,5
2019,서울특별시 동대문구5,서울특별시 동대문구 청량리동(식당재료유통할인 부근),2019-07-29,12시,경상,남,40세,화물차,상해없음,여,62세,자전거,경상,차대차 - 측면충돌,안전운전 의무 불이행,맑음,0,6
2019,서울특별시 동대문구5,서울특별시 동대문구 청량리동(식당재료유통할인 부근),2019-07-31,10시,부상신고,여,65세,자전거,부상신고,남,58세,화물차,상해없음,차대차 - 추돌,안전운전 의무 불이행,흐림,0,6
2019,서울특별시 동대문구5,서울특별시 동대문구 청량리동(식당재료유통할인 부근),2019-08-07,18시,중상,남,57세,원동기장치자전거,상해없음,여,68세,자전거,중상,차대차 - 추돌,안전운전 의무 불이행,맑음,0,6
2019,서울특별시 동대문구5,서울특별시 동대문구 청량리동(식당재료유통할인 부근),2019-08-28,14시,경상,남,55세,이륜차,상해없음,남,11세,자전거,경상,차대차 - 측면충돌,안전운전 의무 불이행,맑음,0,6
2019,서울특별시 동대문구5,서울특별시 동대문구 청량리동(식당재료유통할인 부근),2019-09-23,13시,중상,여,55세,승용차,상해없음,여,62세,자전거,중상,차대차 - 측면충돌,안전거리 미확보,맑음,0,6
2019,서울특별시 동대문구5,서울특별시 동대문구 청량리동(식당재료유통할인 부근),2019-12-19,13시,경상,남,85세,승용차,상해없음,남,77세,자전거,경상,차대차 - 기타,안전운전 의무 불이행,맑음,0,6
2019,서울특별시 동대문구6,서울특별시 동대문구 장안동(장한로답십리로진출 부근),2019-01-06,06시,중상,여,70세,자전거,중상,남,75세,이륜차,상해없음,차대차 - 기타,중앙선 침범,맑음,0,5
2019,서울특별시 동대문구6,서울특별시 동대문구 장안동(장한로답십리로진출 부근),2019-08-09,07시,중상,남,71세,화물차,상해없음,남,49세,자전거,중상,차대차 - 기타,신호위반,맑음,0,5
2019,서울특별시 동대문구6,서울특별시 동대문구 장안동(장한로답십리로진출 부근),2019-09-09,12시,중상,남,91세,자전거,상해없음,여,67세,보행자,중상,차대사람 - 기타,안전운전 의무 불이행,맑음,0,5
2019,서울특별시 동대문구6,서울특별시 동대문구 장안동(장한로답십리로진출 부근),2019-10-22,19시,경상,여,11세,자전거,경상,남,70세,화물차,상해없음,차대차 - 측면충돌,기타,맑음,0,5
2019,서울특별시 동대문구6,서울특별시 동대문구 장안동(장한로답십리로진출 부근),2019-11-07,19시,중상,남,36세,승용차,상해없음,남,69세,자전거,중상,차대차 - 기타,기타,맑음,0,5
2019,서울특별시 동대문구7,서울특별시 동대문구 장안동(나나약국 부근),2019-03-26,07시,경상,남,67세,승용차,상해없음,여,78세,자전거,경상,차대차 - 측면충돌,안전운전 의무 불이행,맑음,0,5
2019,서울특별시 동대문구7,서울특별시 동대문구 장안동(나나약국 부근),2019-05-16,17시,경상,여,37세,승용차,상해없음,여,82세,자전거,경상,차대차 - 측면충돌,기타,맑음,0,5
2019,서울특별시 동대문구7,서울특별시 동대문구 장안동(나나약국 부근),2019-06-08,08시,중상,남,59세,승용차,상해없음,여,64세,자전거,중상,차대차 - 기타,안전운전 의무 불이행,맑음,0,5
2019,서울특별시 동대문구7,서울특별시 동대문구 장안동(나나약국 부근),2019-08-09,04시,중상,남,66세,자전거,상해없음,남,53세,자전거,중상,차대차 - 정면충돌,안전운전 의무 불이행,기타/불명,0,5
2019,서울특별시 동대문구7,서울특별시 동대문구 장안동(나나약국 부근),2019-09-30,17시,중상,남,69세,승합차,상해없음,남,62세,자전거,중상,차대차 - 측면충돌,안전운전 의무 불이행,맑음,0,5
2019,서울특별시 동대문구8,서울특별시 동대문구 장안동(서광아침의빛아파트 부근),2019-05-02,18시,중상,남,42세,자전거,부상신고,여,67세,보행자,중상,차대사람 - 기타,안전운전 의무 불이행,맑음,0,8
2019,서울특별시 동대문구8,서울특별시 동대문구 장안동(서광아침의빛아파트 부근),2019-05-04,19시,경상,남,28세,자전거,경상,남,49세,승용차,상해없음,차대차 - 측면충돌,기타,맑음,0,8
2019,서울특별시 동대문구8,서울특별시 동대문구 장안동(서광아침의빛아파트 부근),2019-05-22,19시,중상,남,49세,자전거,중상,남,35세,이륜차,경상,차대차 - 측면충돌,신호위반,맑음,0,8
2019,서울특별시 동대문구8,서울특별시 동대문구 장안동(서광아침의빛아파트 부근),2019-07-04,14시,경상,여,59세,자전거,상해없음,여,45세,자전거,경상,차대차 - 추돌,안전운전 의무 불이행,맑음,0,8
2019,서울특별시 동대문구8,서울특별시 동대문구 장안동(서광아침의빛아파트 부근),2019-07-19,18시,경상,남,59세,자전거,경상,남,30세,자전거,경상,차대차 - 기타,안전운전 의무 불이행,흐림,0,8
2019,서울특별시 동대문구9,서울특별시 동대문구 답십리동(촬영소사거리 부근),2019-05-27,19시,경상,여,45세,승용차,상해없음,남,60세,자전거,경상,차대차 - 측면충돌,기타,흐림,0,4
2019,서울특별시 동대문구9,서울특별시 동대문구 답십리동(촬영소사거리 부근),2019-07-13,10시,경상,남,37세,자전거,경상,남,56세,승용차,상해없음,차대차 - 추돌,안전운전 의무 불이행,맑음,0,4
2019,서울특별시 동대문구9,서울특별시 동대문구 답십리동(촬영소사거리 부근),2019-10-01,07시,중상,남,61세,화물차,상해없음,여,72세,자전거,중상,차대차 - 기타,기타,맑음,0,4
2019,서울특별시 동대문구9,서울특별시 동대문구 답십리동(촬영소사거리 부근),2019-10-07,14시,부상신고,남,54세,자전거,부상신고,남,68세,승용차,상해없음,차대차 - 기타,중앙선 침범,비,0,4
2019,서울특별시 동대문구10,서울특별시 동대문구 신설동(신설동역 부근),2019-05-13,15시,경상,남,64세,승용차,상해없음,남,71세,자전거,경상,차대차 - 측면충돌,안전운전 의무 불이행,맑음,0,6