사고년도,다발시군구,지점명,사고일시,사고시간대,사고등급,가해자성별,가해자연령,가해차종,가해자신체상해정도,피해자성별,피해자연령,피해차종,피해자신체상해정도,사고유형,가해자법규위반,기상상태,사망자수,부상자수
2019,서울특별시 영등포구12,서울특별시 영등포구 신길동(대진목재 부근),2019-07-09,20시,경상,남,76세,자전거,경상,남,37세,승용차,상해없음,차대차 - 측면충돌,안전운전 의무 불이행,맑음,0,5
2019,서울특별시 영등포구12,서울특별시 영등포구 신길동(대진목재 부근),2019-07-22,00시,경상,기타불명,불명,불명,기타불명,남,45세,자전거,경상,차대차 - 측면충돌,신호위반,맑음,0,5
2019,서울특별시 영등포구12,서울특별시 영등포구 신길동(대진목재 부근),2019-11-03,21시,부상신고,남,56세,이륜차,부상신고,남,28세,자전거,상해없음,차대차 - 기타,안전운전 의무 불이행,맑음,0,5
2019,서울특별시 영등포구13,서울특별시 영등포구 여의도동(여의나루역 부근),2019-06-06,15시,중상,남,16세,자전거,상해없음,여,67세,보행자,중상,차대사람 - 기타,안전운전 의무 불이행,비,0,6
2019,서울특별시 영등포구13,서울특별시 영등포구 여의도동(여의나루역 부근),2019-08-25,10시,경상,남,45세,자전거,부상신고,남,30세,보행자,상해없음,차대사람 - 보도통행중,안전운전 의무 불이행,맑음,0,6
2019,서울특별시 영등포구13,서울특별시 영등포구 여의도동(여의나루역 부근),2019-09-01,14시,중상,여,41세,자전거,상해없음,남,40세,자전거,중상,차대차 - 기타,안전운전 의무 불이행,맑음,0,6
2019,서울특별시 영등포구13,서울특별시 영등포구 여의도동(여의나루역 부근),2019-10-20,15시,경상,남,61세,화물차,상해없음,여,49세,자전거,경상,차대차 - 기타,안전운전 의무 불이행,맑음,0,6
2019,서울특별시 영등포구14,서울특별시 영등포구 여의도동(영등포수난구조대입구 부근),2019-05-26,13시,경상,남,36세,자전거,경상,남,7세,자전거,상해없음,차대차 - 추돌,안전운전 의무 불이행,맑음,0,4
2019,서울특별시 영등포구14,서울특별시 영등포구 여의도동(영등포수난구조대입구 부근),2019-06-11,22시,경상,여,33세,자전거,경상,남,19세,자전거,상해없음,차대차 - 측면충돌,안전운전 의무 불이행,맑음,0,4
2019,서울특별시 영등포구14,서울특별시 영등포구 여의도동(영등포수난구조대입구 부근),2019-08-04,01시,중상,남,35세,자전거,중상,남,32세,승용차,상해없음,차대차 - 추돌,안전운전 의무 불이행,맑음,0,4
2019,서울특별시 영등포구14,서울특별시 영등포구 여의도동(영등포수난구조대입구 부근),2019-08-17,17시,중상,남,14세,자전거,상해없음,남,45세,자전거,중상,차대차 - 기타,안전운전 의무 불이행,맑음,0,4
2019,서울특별시 영등포구15,서울특별시 영등포구 양화동(올림픽대로램프7 부근),2019-02-24,10시,경상,남,63세,자전거,상해없음,남,47세,자전거,경상,차대차 - 기타,안전운전 의무 불이행,맑음,0,5
2019,서울특별시 영등포구15,서울특별시 영등포구 양화동(올림픽대로램프7 부근),2019-08-17,18시,중상,여,46세,자전거,중상,남,10세,보행자,상해없음,차대사람 - 횡단중,안전운전 의무 불이행,맑음,0,5
2019,서울특별시 영등포구15,서울특별시 영등포구 양화동(올림픽대로램프7 부근),2019-09-29,18시,경상,여,23세,자전거,경상,여,22세,자전거,부상신고,차대차 - 기타,안전운전 의무 불이행,맑음,0,5
2019,서울특별시 영등포구15,서울특별시 영등포구 양화동(올림픽대로램프7 부근),2019-11-09,15시,경상,남,30세,승용차,상해없음,여,19세,자전거,경상,차대차 - 기타,안전운전 의무 불이행,맑음,0,5
2019,서울특별시 영등포구16,서울특별시 영등포구 신길동(하이마트 부근),2019-04-27,13시,경상,여,67세,자전거,경상,남,57세,화물차,상해없음,차대차 - 기타,기타,맑음,0,4
2019,서울특별시 영등포구16,서울특별시 영등포구 신길동(하이마트 부근),2019-07-24,08시,경상,남,79세,자전거,경상,남,31세,승용차,상해없음,차대차 - 측면충돌,안전운전 의무 불이행,흐림,0,4
2019,서울특별시 영등포구16,서울특별시 영등포구 신길동(하이마트 부근),2019-10-04,08시,부상신고,남,17세,자전거,상해없음,여,33세,보행자,부상신고,차대사람 - 기타,안전운전 의무 불이행,맑음,0,4
2019,서울특별시 영등포구16,서울특별시 영등포구 신길동(하이마트 부근),2019-10-15,18시,경상,남,62세,자전거,경상,남,70세,승용차,상해없음,차대차 - 측면충돌,신호위반,맑음,0,4
2019,서울특별시 영등포구17,서울특별시 영등포구 신길동(대방역 부근),2019-05-10,02시,경상,남,54세,자전거,경상,남,66세,승용차,상해없음,차대차 - 측면충돌,안전운전 의무 불이행,맑음,0,4
2019,서울특별시 영등포구17,서울특별시 영등포구 신길동(대방역 부근),2019-05-12,11시,부상신고,남,24세,자전거,부상신고,남,37세,승용차,상해없음,차대차 - 측면충돌,안전운전 의무 불이행,맑음,0,4
2019,서울특별시 영등포구17,서울특별시 영등포구 신길동(대방역 부근),2019-08-02,08시,경상,여,46세,자전거,경상,여,35세,승용차,상해없음,차대차 - 측면충돌,안전운전 의무 불이행,맑음,0,4
2019,서울특별시 영등포구17,서울특별시 영등포구 신길동(대방역 부근),2019-11-04,16시,경상,남,66세,자전거,상해없음,여,28세,보행자,경상,차대사람 - 보도통행중,기타,맑음,0,4
2019,서울특별시 영등포구18,서울특별시 영등포구 여의도동(여의하류IC10 부근),2019-04-21,10시,부상신고,남,52세,자전거,부상신고,여,25세,자전거,부상신고,차대차 - 기타,안전운전 의무 불이행,흐림,0,6
2019,서울특별시 영등포구18,서울특별시 영등포구 여의도동(여의하류IC10 부근),2019-05-02,10시,경상,남,20세,자전거,상해없음,남,80세,자전거,경상,차대차 - 기타,안전운전 의무 불이행,맑음,0,6
2019,서울특별시 영등포구18,서울특별시 영등포구 여의도동(여의하류IC10 부근),2019-06-15,13시,부상신고,남,13세,자전거,부상신고,남,62세,자전거,상해없음,차대차 - 측면충돌,안전운전 의무 불이행,맑음,0,6
2019,서울특별시 영등포구18,서울특별시 영등포구 여의도동(여의하류IC10 부근),2019-07-30,21시,부상신고,남,20세,자전거,부상신고,여,55세,자전거,부상신고,차대차 - 측면충돌,안전운전 의무 불이행,맑음,0,6
2019,서울특별시 동작구1,서울특별시 동작구 신대방동(신대방삼거리역 부근),2019-04-03,14시,경상,남,41세,이륜차,상해없음,남,31세,자전거,경상,차대차 - 기타,안전운전 의무 불이행,맑음,0,8
2019,서울특별시 동작구1,서울특별시 동작구 신대방동(신대방삼거리역 부근),2019-04-14,06시,경상,남,46세,자전거,경상,남,67세,승용차,상해없음,차대차 - 기타,안전운전 의무 불이행,맑음,0,8
2019,서울특별시 동작구1,서울특별시 동작구 신대방동(신대방삼거리역 부근),2019-06-26,16시,경상,여,58세,자전거,상해없음,여,59세,보행자,경상,차대사람 - 기타,기타,맑음,0,8
2019,서울특별시 동작구1,서울특별시 동작구 신대방동(신대방삼거리역 부근),2019-07-03,03시,중상,남,23세,이륜차,부상신고,남,43세,자전거,중상,차대차 - 측면충돌,안전운전 의무 불이행,맑음,0,8
2019,서울특별시 동작구1,서울특별시 동작구 신대방동(신대방삼거리역 부근),2019-08-28,23시,경상,남,56세,자전거,상해없음,남,25세,보행자,경상,차대사람 - 횡단중,신호위반,맑음,0,8
2019,서울특별시 동작구1,서울특별시 동작구 신대방동(신대방삼거리역 부근),2019-10-11,21시,경상,남,42세,승용차,상해없음,남,57세,자전거,경상,차대차 - 기타,안전운전 의무 불이행,맑음,0,8
2019,서울특별시 동작구2,서울특별시 동작구 노량진동(노량진전화국 부근),2019-05-11,11시,중상,남,81세,승용차,상해없음,남,81세,자전거,중상,차대차 - 측면충돌,안전운전 의무 불이행,맑음,0,6
2019,서울특별시 동작구2,서울특별시 동작구 노량진동(노량진전화국 부근),2019-07-28,15시,중상,남,38세,이륜차,경상,남,77세,자전거,중상,차대차 - 추돌,안전운전 의무 불이행,비,0,6
2019,서울특별시 동작구2,서울특별시 동작구 노량진동(노량진전화국 부근),2019-09-09,11시,부상신고,남,77세,자전거,상해없음,여,33세,보행자,부상신고,차대사람 - 보도통행중,기타,맑음,0,6
2019,서울특별시 동작구2,서울특별시 동작구 노량진동(노량진전화국 부근),2019-10-17,05시,중상,남,55세,승용차,상해없음,남,33세,자전거,중상,차대차 - 측면충돌,안전거리 미확보,맑음,0,6
2019,서울특별시 동작구2,서울특별시 동작구 노량진동(노량진전화국 부근),2019-10-26,13시,경상,남,58세,승용차,상해없음,남,49세,자전거,경상,차대차 - 기타,기타,맑음,0,6
2019,서울특별시 동작구3,서울특별시 동작구 노량진동(올림픽대로노들길램프 부근),2019-05-06,17시,경상,남,35세,자전거,상해없음,남,28세,자전거,경상,차대차 - 정면충돌,안전운전 의무 불이행,맑음,0,6
2019,서울특별시 동작구3,서울특별시 동작구 노량진동(올림픽대로노들길램프 부근),2019-05-11,17시,경상,남,71세,자전거,경상,여,25세,자전거,부상신고,차대차 - 측면충돌,안전운전 의무 불이행,맑음,0,6
2019,서울특별시 동작구3,서울특별시 동작구 노량진동(올림픽대로노들길램프 부근),2019-06-09,15시,중상,남,54세,자전거,상해없음,남,42세,자전거,중상,차대차 - 추돌,안전운전 의무 불이행,맑음,0,6
2019,서울특별시 동작구3,서울특별시 동작구 노량진동(올림픽대로노들길램프 부근),2019-10-06,19시,중상,남,40세,자전거,중상,남,15세,자전거,경상,차대차 - 측면충돌,안전운전 의무 불이행,맑음,0,6
2019,서울특별시 관악구1,서울특별시 관악구 신림동(패션거리입구 부근),2019-04-27,16시,경상,남,51세,자전거,상해없음,여,56세,보행자,경상,차대사람 - 길가장자리구역통행중,안전운전 의무 불이행,맑음,0,9
2019,서울특별시 관악구1,서울특별시 관악구 신림동(패션거리입구 부근),2019-04-28,13시,중상,남,15세,자전거,상해없음,여,74세,보행자,중상,차대사람 - 기타,신호위반,맑음,0,9
2019,서울특별시 관악구1,서울특별시 관악구 신림동(패션거리입구 부근),2019-05-20,09시,경상,남,52세,승용차,상해없음,여,46세,자전거,경상,차대차 - 기타,안전운전 의무 불이행,맑음,0,9
2019,서울특별시 관악구1,서울특별시 관악구 신림동(패션거리입구 부근),2019-05-28,14시,경상,여,30세,승용차,상해없음,남,77세,자전거,경상,차대차 - 측면충돌,안전운전 의무 불이행,맑음,0,9
2019,서울특별시 관악구1,서울특별시 관악구 신림동(패션거리입구 부근),2019-06-23,08시,중상,남,60세,승용차,상해없음,남,78세,자전거,중상,차대차 - 기타,안전운전 의무 불이행,맑음,0,9
2019,서울특별시 관악구1,서울특별시 관악구 신림동(패션거리입구 부근),2019-09-17,19시,중상,여,30세,승용차,상해없음,남,24세,자전거,중상,차대차 - 기타,안전운전 의무 불이행,맑음,0,9
2019,서울특별시 관악구1,서울특별시 관악구 신림동(패션거리입구 부근),2019-09-21,18시,중상,남,67세,승용차,상해없음,남,73세,자전거,중상,차대차 - 측면충돌,안전운전 의무 불이행,맑음,0,9
2019,서울특별시 관악구1,서울특별시 관악구 신림동(패션거리입구 부근),2019-10-04,16시,부상신고,남,49세,자전거,부상신고,여,23세,승용차,상해없음,차대차 - 정면충돌,교차로 통행방법 위반,맑음,0,9
2019,서울특별시 관악구1,서울특별시 관악구 신림동(패션거리입구 부근),2019-11-26,11시,중상,여,50세,자전거,중상,남,35세,이륜차,상해없음,차대차 - 측면충돌,안전운전 의무 불이행,맑음,0,9
2019,서울특별시 관악구2,서울특별시 관악구 신림동(디지털단지입구 부근),2019-04-08,10시,중상,남,68세,승용차,상해없음,남,36세,자전거,중상,차대차 - 측면충돌,안전운전 의무 불이행,맑음,0,8
2019,서울특별시 관악구2,서울특별시 관악구 신림동(디지털단지입구 부근),2019-05-16,08시,중상,남,84세,자전거,중상,남,55세,승용차,상해없음,차대차 - 기타,신호위반,맑음,0,8
2019,서울특별시 관악구2,서울특별시 관악구 신림동(디지털단지입구 부근),2019-05-29,00시,중상,남,65세,승용차,상해없음,여,57세,자전거,중상,차대차 - 기타,안전운전 의무 불이행,맑음,0,8
2019,서울특별시 관악구2,서울특별시 관악구 신림동(디지털단지입구 부근),2019-06-11,19시,경상,여,46세,자전거,경상,남,70세,승용차,상해없음,차대차 - 측면충돌,중앙선 침범,맑음,0,8
2019,서울특별시 관악구2,서울특별시 관악구 신림동(디지털단지입구 부근),2019-06-27,14시,부상신고,여,60세,자전거,부상신고,여,41세,승용차,상해없음,차대차 - 측면충돌,신호위반,맑음,0,8
2019,서울특별시 관악구2,서울특별시 관악구 신림동(디지털단지입구 부근),2019-07-17,19시,경상,남,30세,승용차,상해없음,남,64세,자전거,경상,차대차 - 기타,기타,기타/불명,0,8
2019,서울특별시 관악구2,서울특별시 관악구 신림동(디지털단지입구 부근),2019-10-09,18시,경상,남,68세,승용차,상해없음,남,58세,자전거,경상,차대차 - 기타,안전운전 의무 불이행,맑음,0,8
2019,서울특별시 관악구2,서울특별시 관악구 신림동(디지털단지입구 부근),2019-12-04,17시,중상,남,58세,이륜차,상해없음,여,33세,자전거,중상,차대차 - 기타,안전운전 의무 불이행,맑음,0,8
2019,서울특별시 관악구3,서울특별시 관악구 남현동(사당역 부근),2019-03-13,10시,경상,남,71세,자전거,경상,여,64세,승용차,상해없음,차대차 - 측면충돌,안전운전 의무 불이행,맑음,0,5
2019,서울특별시 관악구3,서울특별시 관악구 남현동(사당역 부근),2019-09-20,23시,부상신고,남,76세,승합차,상해없음,남,56세,자전거,부상신고,차대차 - 측면충돌,안전거리 미확보,맑음,0,5
2019,서울특별시 관악구3,서울특별시 관악구 남현동(사당역 부근),2019-09-26,08시,부상신고,남,37세,승용차,상해없음,남,22세,자전거,부상신고,차대차 - 측면충돌,안전운전 의무 불이행,맑음,0,5
2019,서울특별시 관악구3,서울특별시 관악구 남현동(사당역 부근),2019-10-29,03시,경상,남,56세,승용차,상해없음,남,58세,자전거,경상,차대차 - 측면충돌,안전운전 의무 불이행,맑음,0,5
2019,서울특별시 관악구3,서울특별시 관악구 남현동(사당역 부근),2019-11-09,10시,부상신고,남,18세,자전거,부상신고,남,59세,승용차,상해없음,차대차 - 기타,안전거리 미확보,맑음,0,5
2019,서울특별시 관악구4,서울특별시 관악구 신림동(김동규치과의원 부근),2019-01-16,08시,경상,남,71세,자전거,기타불명,남,19세,보행자,경상,차대사람 - 횡단중,보행자 보호의무 위반,맑음,0,4
2019,서울특별시 관악구4,서울특별시 관악구 신림동(김동규치과의원 부근),2019-01-18,06시,중상,남,51세,자전거,중상,남,47세,승합차,상해없음,차대차 - 측면충돌,안전운전 의무 불이행,맑음,0,4
2019,서울특별시 관악구4,서울특별시 관악구 신림동(김동규치과의원 부근),2019-04-05,17시,경상,여,49세,승용차,상해없음,남,41세,자전거,경상,차대차 - 추돌,안전운전 의무 불이행,맑음,0,4
2019,서울특별시 관악구4,서울특별시 관악구 신림동(김동규치과의원 부근),2019-08-16,15시,경상,남,17세,이륜차,상해없음,남,72세,자전거,경상,차대차 - 측면충돌,신호위반,맑음,0,4
2019,서울특별시 강남구1,서울특별시 강남구 압구정동(한남IC미성길진입 부근),2019-04-07,15시,중상,기타불명,불명,자전거,기타불명,남,14세,자전거,중상,차대차 - 추돌,안전운전 의무 불이행,맑음,0,5
2019,서울특별시 강남구1,서울특별시 강남구 압구정동(한남IC미성길진입 부근),2019-04-14,14시,경상,남,55세,자전거,상해없음,여,54세,보행자,경상,차대사람 - 길가장자리구역통행중,안전운전 의무 불이행,맑음,0,5
2019,서울특별시 강남구1,서울특별시 강남구 압구정동(한남IC미성길진입 부근),2019-05-07,23시,경상,남,53세,자전거,상해없음,여,20세,보행자,경상,차대사람 - 기타,안전운전 의무 불이행,맑음,0,5
2019,서울특별시 강남구1,서울특별시 강남구 압구정동(한남IC미성길진입 부근),2019-08-24,16시,경상,남,35세,자전거,경상,남,13세,자전거,상해없음,차대차 - 추돌,안전거리 미확보,맑음,0,5
2019,서울특별시 송파구1,서울특별시 송파구 송파동(석촌역 부근),2019-02-27,18시,경상,남,59세,자전거,상해없음,남,29세,보행자,경상,차대사람 - 횡단중,안전운전 의무 불이행,맑음,0,12
2019,서울특별시 송파구1,서울특별시 송파구 송파동(석촌역 부근),2019-03-19,21시,경상,남,26세,이륜차,상해없음,여,62세,자전거,경상,차대차 - 기타,안전운전 의무 불이행,맑음,0,12
2019,서울특별시 송파구1,서울특별시 송파구 송파동(석촌역 부근),2019-03-30,12시,경상,여,51세,자전거,경상,남,30세,승용차,상해없음,차대차 - 측면충돌,안전운전 의무 불이행,맑음,0,12
2019,서울특별시 송파구1,서울특별시 송파구 송파동(석촌역 부근),2019-05-01,21시,경상,여,54세,승용차,상해없음,여,29세,자전거,경상,차대차 - 측면충돌,안전운전 의무 불이행,맑음,0,12
2019,서울특별시 송파구1,서울특별시 송파구 송파동(석촌역 부근),2019-06-05,14시,중상,여,58세,승용차,상해없음,남,69세,자전거,중상,차대차 - 측면충돌,안전운전 의무 불이행,맑음,0,12
2019,서울특별시 송파구1,서울특별시 송파구 송파동(석촌역 부근),2019-07-10,09시,중상,여,56세,승용차,부상신고,여,36세,자전거,중상,차대차 - 측면충돌,안전운전 의무 불이행,흐림,0,12
2019,서울특별시 송파구1,서울특별시 송파구 송파동(석촌역 부근),2019-07-11,15시,중상,여,69세,자전거,중상,여,36세,승용차,상해없음,차대차 - 기타,안전운전 의무 불이행,맑음,0,12
2019,서울특별시 송파구1,서울특별시 송파구 송파동(석촌역 부근),2019-08-09,07시,중상,여,61세,자전거,중상,남,50세,승용차,상해없음,차대차 - 측면충돌,중앙선 침범,맑음,0,12
2019,서울특별시 송파구1,서울특별시 송파구 송파동(석촌역 부근),2019-10-31,18시,중상,여,74세,승용차,상해없음,남,13세,자전거,중상,차대차 - 측면충돌,안전운전 의무 불이행,맑음,0,12
2019,서울특별시 송파구1,서울특별시 송파구 송파동(석촌역 부근),2019-11-05,10시,중상,여,37세,승용차,상해없음,여,49세,자전거,중상,차대차 - 측면충돌,안전운전 의무 불이행,맑음,0,12
2019,서울특별시 송파구1,서울특별시 송파구 송파동(석촌역 부근),2019-12-11,16시,경상,남,23세,원동기장치자전거,상해없음,여,37세,자전거,경상,차대차 - 측면충돌,안전운전 의무 불이행,맑음,0,12
2019,서울특별시 송파구2,서울특별시 송파구 풍납동(세제빌딩 부근),2019-01-23,06시,경상,남,68세,승용차,상해없음,남,49세,자전거,경상,차대차 - 측면충돌,안전운전 의무 불이행,맑음,0,9
2019,서울특별시 송파구2,서울특별시 송파구 풍납동(세제빌딩 부근),2019-03-17,16시,경상,남,41세,자전거,경상,남,27세,승용차,상해없음,차대차 - 측면충돌,기타,맑음,0,9
2019,서울특별시 송파구2,서울특별시 송파구 풍납동(세제빌딩 부근),2019-05-03,17시,경상,남,74세,자전거,상해없음,여,52세,보행자,경상,차대사람 - 보도통행중,안전운전 의무 불이행,맑음,0,9
2019,서울특별시 송파구2,서울특별시 송파구 풍납동(세제빌딩 부근),2019-05-18,21시,경상,남,65세,승용차,상해없음,남,48세,자전거,경상,차대차 - 측면충돌,안전운전 의무 불이행,맑음,0,9
2019,서울특별시 송파구2,서울특별시 송파구 풍납동(세제빌딩 부근),2019-06-15,11시,중상,남,34세,승용차,상해없음,남,33세,자전거,중상,차대차 - 측면충돌,안전운전 의무 불이행,맑음,0,9
2019,서울특별시 송파구2,서울특별시 송파구 풍납동(세제빌딩 부근),2019-06-28,17시,부상신고,남,51세,자전거,부상신고,남,64세,승용차,상해없음,차대차 - 측면충돌,안전운전 의무 불이행,맑음,0,9
2019,서울특별시 송파구2,서울특별시 송파구 풍납동(세제빌딩 부근),2019-09-02,22시,중상,남,29세,자전거,중상,여,45세,승용차,상해없음,차대차 - 측면충돌,기타,맑음,0,9
2019,서울특별시 송파구2,서울특별시 송파구 풍납동(세제빌딩 부근),2019-10-18,16시,경상,남,25세,자전거,상해없음,남,24세,보행자,경상,차대사람 - 보도통행중,안전운전 의무 불이행,맑음,0,9
2019,서울특별시 송파구2,서울특별시 송파구 풍납동(세제빌딩 부근),2019-12-17,22시,중상,남,49세,화물차,상해없음,남,15세,자전거,중상,차대차 - 측면충돌,안전운전 의무 불이행,맑음,0,9
2019,서울특별시 송파구3,서울특별시 송파구 삼전동(배명로터리 부근),2019-01-03,13시,경상,남,39세,승용차,기타불명,여,46세,자전거,경상,차대차 - 측면충돌,안전운전 의무 불이행,맑음,0,9
2019,서울특별시 송파구3,서울특별시 송파구 삼전동(배명로터리 부근),2019-02-08,19시,중상,남,60세,승용차,상해없음,여,31세,자전거,중상,차대차 - 측면충돌,안전운전 의무 불이행,맑음,0,9
2019,서울특별시 송파구3,서울특별시 송파구 삼전동(배명로터리 부근),2019-02-11,08시,경상,남,62세,자전거,경상,여,38세,승용차,상해없음,차대차 - 측면충돌,안전거리 미확보,맑음,0,9
2019,서울특별시 송파구3,서울특별시 송파구 삼전동(배명로터리 부근),2019-03-10,12시,부상신고,남,24세,자전거,부상신고,남,71세,승용차,상해없음,차대차 - 측면충돌,안전운전 의무 불이행,맑음,0,9
2019,서울특별시 송파구3,서울특별시 송파구 삼전동(배명로터리 부근),2019-04-24,16시,부상신고,여,55세,자전거,부상신고,남,68세,승용차,상해없음,차대차 - 측면충돌,기타,맑음,0,9
2019,서울특별시 송파구3,서울특별시 송파구 삼전동(배명로터리 부근),2019-07-03,09시,부상신고,여,48세,자전거,부상신고,여,38세,승용차,기타불명,차대차 - 측면충돌,안전운전 의무 불이행,맑음,0,9
2019,서울특별시 송파구3,서울특별시 송파구 삼전동(배명로터리 부근),2019-07-06,00시,중상,남,43세,승용차,상해없음,남,42세,자전거,중상,차대차 - 측면충돌,안전운전 의무 불이행,맑음,0,9
2019,서울특별시 송파구3,서울특별시 송파구 삼전동(배명로터리 부근),2019-08-13,19시,경상,여,33세,자전거,경상,남,76세,승용차,상해없음,차대차 - 정면충돌,안전운전 의무 불이행,맑음,0,9
2019,서울특별시 송파구3,서울특별시 송파구 삼전동(배명로터리 부근),2019-09-15,21시,경상,여,52세,자전거,경상,남,26세,승용차,상해없음,차대차 - 측면충돌,안전운전 의무 불이행,맑음,0,9
2019,서울특별시 송파구4,서울특별시 송파구 삼전동(삼전사거리 부근),2019-01-29,23시,경상,남,41세,승용차,상해없음,여,21세,자전거,경상,차대차 - 측면충돌,안전운전 의무 불이행,맑음,0,10
2019,서울특별시 송파구4,서울특별시 송파구 삼전동(삼전사거리 부근),2019-03-02,05시,중상,남,67세,승용차,상해없음,남,26세,자전거,중상,차대차 - 측면충돌,중앙선 침범,기타/불명,0,10
2019,서울특별시 송파구4,서울특별시 송파구 삼전동(삼전사거리 부근),2019-06-05,14시,부상신고,여,64세,자전거,부상신고,남,66세,승용차,상해없음,차대차 - 기타,안전운전 의무 불이행,맑음,0,10
2019,서울특별시 송파구4,서울특별시 송파구 삼전동(삼전사거리 부근),2019-06-11,07시,부상신고,남,15세,자전거,부상신고,여,32세,승용차,상해없음,차대차 - 측면충돌,안전운전 의무 불이행,맑음,0,10
2019,서울특별시 송파구4,서울특별시 송파구 삼전동(삼전사거리 부근),2019-08-05,18시,부상신고,남,73세,자전거,부상신고,남,33세,자전거,상해없음,차대차 - 측면충돌,안전운전 의무 불이행,맑음,0,10
2019,서울특별시 송파구4,서울특별시 송파구 삼전동(삼전사거리 부근),2019-09-01,14시,경상,남,17세,자전거,경상,남,34세,승용차,상해없음,차대차 - 기타,안전운전 의무 불이행,맑음,0,10
2019,서울특별시 송파구4,서울특별시 송파구 삼전동(삼전사거리 부근),2019-10-19,10시,중상,남,29세,승용차,상해없음,남,44세,자전거,중상,차대차 - 측면충돌,안전운전 의무 불이행,맑음,0,10
2019,서울특별시 송파구4,서울특별시 송파구 삼전동(삼전사거리 부근),2019-10-31,17시,경상,남,14세,자전거,경상,남,57세,승용차,상해없음,차대차 - 측면충돌,안전운전 의무 불이행,맑음,0,10
2019,서울특별시 송파구4,서울특별시 송파구 삼전동(삼전사거리 부근),2019-12-21,20시,부상신고,남,58세,자전거,부상신고,남,27세,보행자,부상신고,차대사람 - 기타,안전운전 의무 불이행,맑음,0,10
2019,서울특별시 송파구5,서울특별시 송파구 가락동(가락시장동문 부근),2019-02-23,12시,부상신고,남,26세,승용차,상해없음,남,49세,자전거,부상신고,차대차 - 기타,안전운전 의무 불이행,맑음,0,9
2019,서울특별시 송파구5,서울특별시 송파구 가락동(가락시장동문 부근),2019-03-31,08시,경상,남,45세,승용차,상해없음,여,56세,자전거,경상,차대차 - 측면충돌,안전운전 의무 불이행,맑음,0,9
2019,서울특별시 송파구5,서울특별시 송파구 가락동(가락시장동문 부근),2019-05-09,11시,경상,남,61세,자전거,상해없음,여,68세,보행자,경상,차대사람 - 보도통행중,기타,맑음,0,9
2019,서울특별시 송파구5,서울특별시 송파구 가락동(가락시장동문 부근),2019-08-08,07시,중상,남,75세,승용차,상해없음,남,45세,자전거,중상,차대차 - 측면충돌,안전운전 의무 불이행,맑음,0,9
2019,서울특별시 송파구5,서울특별시 송파구 가락동(가락시장동문 부근),2019-08-17,06시,경상,남,63세,자전거,경상,남,59세,원동기장치자전거,상해없음,차대차 - 측면충돌,중앙선 침범,맑음,0,9
2019,서울특별시 송파구5,서울특별시 송파구 가락동(가락시장동문 부근),2019-09-18,12시,경상,기타불명,불명,이륜차,기타불명,남,27세,자전거,경상,차대차 - 측면충돌,안전운전 의무 불이행,맑음,0,9
2019,서울특별시 송파구5,서울특별시 송파구 가락동(가락시장동문 부근),2019-10-02,03시,부상신고,여,22세,자전거,부상신고,남,70세,승용차,상해없음,차대차 - 측면충돌,안전운전 의무 불이행,맑음,0,9
2019,서울특별시 송파구5,서울특별시 송파구 가락동(가락시장동문 부근),2019-10-21,08시,부상신고,남,30세,승용차,기타불명,남,48세,자전거,부상신고,차대차 - 기타,안전운전 의무 불이행,맑음,0,9
2019,서울특별시 송파구5,서울특별시 송파구 가락동(가락시장동문 부근),2019-10-22,10시,경상,남,66세,승합차,상해없음,여,22세,자전거,경상,차대차 - 측면충돌,안전운전 의무 불이행,맑음,0,9
2019,서울특별시 송파구6,서울특별시 송파구 잠실동(신천역 부근),2019-01-31,09시,중상,남,53세,승용차,상해없음,여,76세,자전거,중상,차대차 - 기타,교차로 통행방법 위반,맑음,0,8
2019,서울특별시 송파구6,서울특별시 송파구 잠실동(신천역 부근),2019-02-01,14시,부상신고,남,13세,자전거,부상신고,여,41세,승용차,상해없음,차대차 - 측면충돌,기타,맑음,0,8
2019,서울특별시 송파구6,서울특별시 송파구 잠실동(신천역 부근),2019-03-22,21시,부상신고,여,38세,승용차,상해없음,남,10세,자전거,부상신고,차대차 - 측면충돌,안전운전 의무 불이행,맑음,0,8
2019,서울특별시 송파구6,서울특별시 송파구 잠실동(신천역 부근),2019-05-03,23시,중상,남,29세,자전거,중상,남,56세,승용차,상해없음,차대차 - 측면충돌,안전운전 의무 불이행,맑음,0,8
2019,서울특별시 송파구6,서울특별시 송파구 잠실동(신천역 부근),2019-06-28,22시,경상,남,13세,자전거,상해없음,남,6세,보행자,경상,차대사람 - 기타,보행자 보호의무 위반,맑음,0,8
2019,서울특별시 송파구6,서울특별시 송파구 잠실동(신천역 부근),2019-08-08,11시,경상,남,18세,자전거,상해없음,여,49세,보행자,경상,차대사람 - 보도통행중,기타,맑음,0,8
2019,서울특별시 송파구6,서울특별시 송파구 잠실동(신천역 부근),2019-10-21,15시,경상,남,73세,승용차,상해없음,남,12세,자전거,경상,차대차 - 기타,안전운전 의무 불이행,맑음,0,8
2019,서울특별시 송파구6,서울특별시 송파구 잠실동(신천역 부근),2019-12-26,20시,경상,남,33세,자전거,상해없음,여,54세,보행자,경상,차대사람 - 기타,안전운전 의무 불이행,맑음,0,8