사고년도,다발시군구,지점명,사고일시,사고시간대,사고등급,가해자성별,가해자연령,가해차종,가해자신체상해정도,피해자성별,피해자연령,피해차종,피해자신체상해정도,사고유형,가해자법규위반,기상상태,사망자수,부상자수
2019,부산광역시 남구1,부산광역시 남구 대연동(용소로64번길3 부근),2019-08-16,18시,경상,남,47세,자전거,경상,남,22세,승용차,상해없음,차대차 - 기타,신호위반,맑음,0,5
2019,부산광역시 남구2,부산광역시 남구 대연동(수영로324 부근),2019-04-11,18시,부상신고,남,25세,이륜차,상해없음,남,24세,자전거,부상신고,차대차 - 측면충돌,안전운전 의무 불이행,맑음,0,5
2019,부산광역시 남구2,부산광역시 남구 대연동(수영로324 부근),2019-06-08,12시,경상,남,21세,이륜차,상해없음,남,27세,자전거,경상,차대차 - 기타,안전거리 미확보,맑음,0,5
2019,부산광역시 남구2,부산광역시 남구 대연동(수영로324 부근),2019-06-20,20시,부상신고,기타불명,불명,불명,기타불명,여,48세,자전거,부상신고,차대차 - 기타,안전운전 의무 불이행,맑음,0,5
2019,부산광역시 남구2,부산광역시 남구 대연동(수영로324 부근),2019-09-10,09시,경상,남,39세,이륜차,상해없음,남,50세,자전거,경상,차대차 - 기타,안전운전 의무 불이행,맑음,0,5
2019,부산광역시 남구2,부산광역시 남구 대연동(수영로324 부근),2019-11-21,16시,경상,남,56세,승합차,상해없음,남,65세,자전거,상해없음,차대차 - 기타,안전운전 의무 불이행,맑음,0,5
2019,부산광역시 사하구1,부산광역시 사하구 하단동(낙동남로1233번길1 부근),2019-06-21,09시,중상,남,45세,승합차,상해없음,남,65세,자전거,중상,차대차 - 기타,안전운전 의무 불이행,맑음,0,4
2019,부산광역시 사하구1,부산광역시 사하구 하단동(낙동남로1233번길1 부근),2019-07-06,12시,중상,남,69세,승용차,상해없음,남,64세,자전거,중상,차대차 - 측면충돌,안전운전 의무 불이행,맑음,0,4
2019,부산광역시 사하구1,부산광역시 사하구 하단동(낙동남로1233번길1 부근),2019-07-10,06시,중상,남,69세,승용차,상해없음,남,71세,자전거,중상,차대차 - 기타,안전운전 의무 불이행,맑음,0,4
2019,부산광역시 사하구1,부산광역시 사하구 하단동(낙동남로1233번길1 부근),2019-10-03,15시,중상,여,32세,승용차,상해없음,남,83세,자전거,중상,차대차 - 측면충돌,안전운전 의무 불이행,맑음,0,4
2019,부산광역시 연제구1,부산광역시 연제구 거제동(남문구사거리 부근),2019-03-13,20시,중상,남,27세,자전거,중상,남,60세,승합차,상해없음,차대차 - 추돌,안전운전 의무 불이행,맑음,0,4
2019,부산광역시 연제구1,부산광역시 연제구 거제동(남문구사거리 부근),2019-06-24,12시,경상,남,64세,승용차,상해없음,남,26세,자전거,경상,차대차 - 기타,안전운전 의무 불이행,맑음,0,4
2019,부산광역시 연제구1,부산광역시 연제구 거제동(남문구사거리 부근),2019-07-23,16시,중상,남,59세,자전거,중상,남,60세,승용차,상해없음,차대차 - 추돌,안전운전 의무 불이행,맑음,0,4
2019,부산광역시 연제구1,부산광역시 연제구 거제동(남문구사거리 부근),2019-11-06,11시,중상,남,88세,자전거,중상,남,69세,승용차,상해없음,차대차 - 측면충돌,기타,맑음,0,4
2019,부산광역시 사상구1,부산광역시 사상구 덕포동(운산로52 부근),2019-02-15,08시,부상신고,남,78세,자전거,부상신고,여,48세,승용차,상해없음,차대차 - 기타,중앙선 침범,맑음,0,4
2019,부산광역시 사상구1,부산광역시 사상구 덕포동(운산로52 부근),2019-05-30,15시,중상,여,54세,자전거,상해없음,여,76세,보행자,중상,차대사람 - 횡단중,보행자 보호의무 위반,맑음,0,4
2019,부산광역시 사상구1,부산광역시 사상구 덕포동(운산로52 부근),2019-09-04,14시,중상,남,27세,승합차,상해없음,여,75세,자전거,중상,차대차 - 측면충돌,안전운전 의무 불이행,맑음,0,4
2019,부산광역시 사상구1,부산광역시 사상구 덕포동(운산로52 부근),2019-10-22,19시,중상,남,42세,이륜차,상해없음,남,67세,자전거,중상,차대차 - 기타,신호위반,맑음,0,4
2019,대구광역시 중구1,대구광역시 중구 대신동(큰장네거리 부근),2019-05-05,07시,중상,남,63세,자전거,중상,여,72세,승용차,상해없음,차대차 - 측면충돌,안전거리 미확보,맑음,2,2
2019,대구광역시 중구1,대구광역시 중구 대신동(큰장네거리 부근),2019-05-24,21시,중상,남,13세,자전거,중상,여,46세,승용차,상해없음,차대차 - 측면충돌,안전운전 의무 불이행,맑음,2,2
2019,대구광역시 중구1,대구광역시 중구 대신동(큰장네거리 부근),2019-06-11,05시,사망,남,41세,화물차,상해없음,남,62세,자전거,사망,차대차 - 측면충돌,안전운전 의무 불이행,맑음,2,2
2019,대구광역시 중구1,대구광역시 중구 대신동(큰장네거리 부근),2019-11-04,17시,사망,남,72세,자전거,사망,남,56세,승용차,상해없음,차대차 - 측면충돌,신호위반,맑음,2,2
2019,대구광역시 중구2,대구광역시 중구 봉산동(봉산육거리 부근),2019-01-07,07시,중상,남,41세,승용차,상해없음,남,74세,자전거,중상,차대차 - 측면충돌,안전운전 의무 불이행,맑음,0,4
2019,대구광역시 중구2,대구광역시 중구 봉산동(봉산육거리 부근),2019-04-28,22시,중상,남,21세,승용차,상해없음,남,48세,자전거,중상,차대차 - 측면충돌,안전운전 의무 불이행,맑음,0,4
2019,대구광역시 중구2,대구광역시 중구 봉산동(봉산육거리 부근),2019-10-04,10시,중상,여,40세,승용차,상해없음,남,89세,자전거,중상,차대차 - 측면충돌,안전운전 의무 불이행,맑음,0,4
2019,대구광역시 중구2,대구광역시 중구 봉산동(봉산육거리 부근),2019-11-11,18시,중상,남,23세,이륜차,상해없음,남,42세,자전거,중상,차대차 - 기타,안전운전 의무 불이행,맑음,0,4
2019,대구광역시 중구3,대구광역시 중구 남산동(계명네거리 부근),2019-05-14,14시,경상,여,65세,승용차,상해없음,남,68세,자전거,경상,차대차 - 측면충돌,안전운전 의무 불이행,맑음,0,4
2019,대구광역시 중구3,대구광역시 중구 남산동(계명네거리 부근),2019-07-20,20시,중상,남,55세,승합차,상해없음,여,64세,자전거,중상,차대차 - 측면충돌,안전운전 의무 불이행,비,0,4
2019,대구광역시 중구3,대구광역시 중구 남산동(계명네거리 부근),2019-08-28,15시,경상,여,57세,승용차,상해없음,남,45세,자전거,경상,차대차 - 측면충돌,신호위반,맑음,0,4
2019,대구광역시 중구3,대구광역시 중구 남산동(계명네거리 부근),2019-09-30,22시,경상,여,21세,자전거,기타불명,남,70세,보행자,경상,차대사람 - 보도통행중,안전운전 의무 불이행,맑음,0,4
2019,대구광역시 동구1,대구광역시 동구 신기동(반야월로130 부근),2019-04-20,19시,중상,남,57세,자전거,중상,남,62세,이륜차,상해없음,차대차 - 정면충돌,안전운전 의무 불이행,맑음,0,5
2019,대구광역시 동구1,대구광역시 동구 신기동(반야월로130 부근),2019-04-21,11시,중상,남,74세,자전거,상해없음,여,84세,보행자,중상,차대사람 - 기타,안전운전 의무 불이행,맑음,0,5
2019,대구광역시 동구1,대구광역시 동구 신기동(반야월로130 부근),2019-08-10,10시,중상,남,67세,화물차,상해없음,여,60세,자전거,중상,차대차 - 측면충돌,안전운전 의무 불이행,맑음,0,5
2019,대구광역시 동구1,대구광역시 동구 신기동(반야월로130 부근),2019-09-18,17시,경상,남,36세,승용차,상해없음,남,17세,자전거,경상,차대차 - 기타,안전운전 의무 불이행,맑음,0,5
2019,대구광역시 동구1,대구광역시 동구 신기동(반야월로130 부근),2019-10-27,11시,중상,남,75세,화물차,상해없음,여,67세,자전거,중상,차대차 - 기타,교차로 통행방법 위반,맑음,0,5
2019,대구광역시 동구2,대구광역시 동구 효목동(아양로220 부근),2019-01-09,09시,경상,기타불명,불명,불명,기타불명,여,51세,자전거,경상,차대차 - 기타,안전운전 의무 불이행,맑음,0,5
2019,대구광역시 동구2,대구광역시 동구 효목동(아양로220 부근),2019-05-15,23시,경상,기타불명,불명,불명,기타불명,남,57세,자전거,경상,차대차 - 측면충돌,안전운전 의무 불이행,맑음,0,5
2019,대구광역시 동구2,대구광역시 동구 효목동(아양로220 부근),2019-09-23,09시,중상,남,34세,승용차,상해없음,여,60세,자전거,중상,차대차 - 측면충돌,안전운전 의무 불이행,맑음,0,5
2019,대구광역시 동구2,대구광역시 동구 효목동(아양로220 부근),2019-10-21,16시,중상,남,72세,자전거,중상,남,38세,승용차,상해없음,차대차 - 기타,안전운전 의무 불이행,맑음,0,5
2019,대구광역시 동구2,대구광역시 동구 효목동(아양로220 부근),2019-11-30,10시,경상,남,33세,승용차,상해없음,여,51세,자전거,경상,차대차 - 기타,안전운전 의무 불이행,맑음,0,5
2019,대구광역시 동구3,대구광역시 동구 불로동(대하직영해안주유소 부근),2019-03-26,09시,경상,남,49세,화물차,상해없음,여,66세,자전거,경상,차대차 - 측면충돌,안전운전 의무 불이행,맑음,0,5
2019,대구광역시 동구3,대구광역시 동구 불로동(대하직영해안주유소 부근),2019-04-20,19시,경상,남,60세,자전거,경상,남,31세,승용차,상해없음,차대차 - 측면충돌,신호위반,맑음,0,5
2019,대구광역시 동구3,대구광역시 동구 불로동(대하직영해안주유소 부근),2019-07-22,21시,경상,남,50세,승용차,상해없음,남,30세,자전거,경상,차대차 - 기타,기타,맑음,0,5
2019,대구광역시 동구3,대구광역시 동구 불로동(대하직영해안주유소 부근),2019-07-25,12시,부상신고,남,74세,자전거,부상신고,남,47세,화물차,상해없음,차대차 - 기타,안전운전 의무 불이행,맑음,0,5
2019,대구광역시 동구3,대구광역시 동구 불로동(대하직영해안주유소 부근),2019-10-18,06시,중상,남,45세,화물차,상해없음,남,25세,자전거,중상,차대차 - 측면충돌,안전운전 의무 불이행,맑음,0,5
2019,대구광역시 동구4,대구광역시 동구 신암동(공고네거리 부근),2019-06-14,18시,중상,여,48세,승용차,상해없음,남,80세,자전거,중상,차대차 - 측면충돌,안전운전 의무 불이행,맑음,0,4
2019,대구광역시 동구4,대구광역시 동구 신암동(공고네거리 부근),2019-07-23,17시,경상,남,30세,승합차,상해없음,남,79세,자전거,경상,차대차 - 기타,안전운전 의무 불이행,맑음,0,4
2019,대구광역시 동구4,대구광역시 동구 신암동(공고네거리 부근),2019-08-28,14시,경상,여,56세,승용차,상해없음,남,70세,자전거,경상,차대차 - 기타,안전운전 의무 불이행,맑음,0,4
2019,대구광역시 동구4,대구광역시 동구 신암동(공고네거리 부근),2019-11-16,16시,경상,남,63세,자전거,경상,남,44세,화물차,상해없음,차대차 - 측면충돌,안전운전 의무 불이행,맑음,0,4
2019,대구광역시 서구1,대구광역시 서구 비산동(원대네거리 부근),2019-04-24,15시,중상,남,70세,자전거,중상,남,26세,승용차,상해없음,차대차 - 측면충돌,안전운전 의무 불이행,맑음,0,9
2019,대구광역시 서구1,대구광역시 서구 비산동(원대네거리 부근),2019-05-17,16시,중상,남,63세,승용차,상해없음,남,65세,자전거,중상,차대차 - 측면충돌,교차로 통행방법 위반,맑음,0,9
2019,대구광역시 서구1,대구광역시 서구 비산동(원대네거리 부근),2019-05-19,11시,경상,남,49세,승용차,상해없음,남,61세,자전거,경상,차대차 - 기타,안전운전 의무 불이행,맑음,0,9
2019,대구광역시 서구1,대구광역시 서구 비산동(원대네거리 부근),2019-05-23,10시,부상신고,여,46세,자전거,부상신고,남,72세,이륜차,상해없음,차대차 - 측면충돌,안전운전 의무 불이행,맑음,0,9
2019,대구광역시 서구1,대구광역시 서구 비산동(원대네거리 부근),2019-06-05,09시,중상,여,54세,자전거,중상,남,67세,화물차,상해없음,차대차 - 측면충돌,안전운전 의무 불이행,맑음,0,9
2019,대구광역시 서구1,대구광역시 서구 비산동(원대네거리 부근),2019-09-10,19시,중상,남,57세,승용차,상해없음,남,76세,자전거,중상,차대차 - 기타,안전운전 의무 불이행,맑음,0,9
2019,대구광역시 서구1,대구광역시 서구 비산동(원대네거리 부근),2019-10-11,12시,경상,남,43세,화물차,상해없음,남,53세,자전거,경상,차대차 - 측면충돌,안전운전 의무 불이행,맑음,0,9
2019,대구광역시 서구1,대구광역시 서구 비산동(원대네거리 부근),2019-10-12,15시,중상,여,44세,승용차,상해없음,남,75세,자전거,중상,차대차 - 측면충돌,중앙선 침범,맑음,0,9
2019,대구광역시 서구1,대구광역시 서구 비산동(원대네거리 부근),2019-10-17,09시,경상,여,51세,승용차,상해없음,남,59세,자전거,경상,차대차 - 측면충돌,안전운전 의무 불이행,맑음,0,9
2019,대구광역시 서구2,대구광역시 서구 비산동(팔달로191 부근),2019-01-12,17시,중상,남,40세,이륜차,경상,여,71세,자전거,중상,차대차 - 측면충돌,안전운전 의무 불이행,맑음,0,10
2019,대구광역시 서구2,대구광역시 서구 비산동(팔달로191 부근),2019-02-15,16시,중상,남,59세,이륜차,상해없음,남,65세,자전거,중상,차대차 - 측면충돌,안전거리 미확보,맑음,0,10
2019,대구광역시 서구2,대구광역시 서구 비산동(팔달로191 부근),2019-03-13,07시,중상,여,56세,승합차,상해없음,남,58세,자전거,중상,차대차 - 정면충돌,안전운전 의무 불이행,맑음,0,10
2019,대구광역시 서구2,대구광역시 서구 비산동(팔달로191 부근),2019-04-07,23시,중상,남,39세,자전거,중상,남,25세,승용차,상해없음,차대차 - 측면충돌,안전운전 의무 불이행,맑음,0,10
2019,대구광역시 서구2,대구광역시 서구 비산동(팔달로191 부근),2019-04-10,11시,중상,남,67세,자전거,중상,남,46세,화물차,상해없음,차대차 - 정면충돌,중앙선 침범,맑음,0,10
2019,대구광역시 서구2,대구광역시 서구 비산동(팔달로191 부근),2019-07-15,17시,경상,남,14세,자전거,경상,기타불명,불명,불명,기타불명,차대차 - 측면충돌,안전운전 의무 불이행,흐림,0,10
2019,대구광역시 서구2,대구광역시 서구 비산동(팔달로191 부근),2019-10-13,07시,부상신고,남,76세,자전거,부상신고,여,28세,승용차,상해없음,차대차 - 기타,기타,맑음,0,10
2019,대구광역시 서구2,대구광역시 서구 비산동(팔달로191 부근),2019-10-26,01시,부상신고,기타불명,불명,불명,기타불명,여,60세,자전거,부상신고,차대차 - 측면충돌,안전운전 의무 불이행,맑음,0,10
2019,대구광역시 서구2,대구광역시 서구 비산동(팔달로191 부근),2019-12-12,10시,부상신고,여,48세,승용차,상해없음,남,71세,자전거,부상신고,차대차 - 측면충돌,안전운전 의무 불이행,맑음,0,10
2019,대구광역시 서구3,대구광역시 서구 내당동(대양빌딩앞 부근),2019-01-17,16시,중상,남,74세,자전거,상해없음,여,53세,보행자,중상,차대사람 - 길가장자리구역통행중,안전운전 의무 불이행,맑음,0,6
2019,대구광역시 서구3,대구광역시 서구 내당동(대양빌딩앞 부근),2019-07-27,14시,부상신고,남,25세,승용차,상해없음,남,60세,자전거,부상신고,차대차 - 정면충돌,안전운전 의무 불이행,맑음,0,6
2019,대구광역시 서구3,대구광역시 서구 내당동(대양빌딩앞 부근),2019-08-31,19시,경상,남,56세,이륜차,상해없음,남,71세,자전거,경상,차대차 - 측면충돌,안전운전 의무 불이행,맑음,0,6
2019,대구광역시 서구3,대구광역시 서구 내당동(대양빌딩앞 부근),2019-09-30,11시,중상,여,57세,승용차,상해없음,남,82세,자전거,중상,차대차 - 측면충돌,안전운전 의무 불이행,맑음,0,6
2019,대구광역시 서구3,대구광역시 서구 내당동(대양빌딩앞 부근),2019-10-04,02시,경상,남,65세,승용차,상해없음,남,23세,자전거,경상,차대차 - 측면충돌,신호위반,맑음,0,6
2019,대구광역시 서구3,대구광역시 서구 내당동(대양빌딩앞 부근),2019-10-22,04시,중상,여,63세,승용차,상해없음,여,63세,자전거,중상,차대차 - 측면충돌,안전운전 의무 불이행,맑음,0,6
2019,대구광역시 서구4,대구광역시 서구 비산동(북비산네거리 부근),2019-04-14,01시,중상,남,50세,자전거,중상,남,53세,승용차,상해없음,차대차 - 측면충돌,기타,맑음,0,5
2019,대구광역시 서구4,대구광역시 서구 비산동(북비산네거리 부근),2019-05-30,19시,경상,여,45세,자전거,경상,남,33세,화물차,상해없음,차대차 - 측면충돌,안전운전 의무 불이행,맑음,0,5
2019,대구광역시 서구4,대구광역시 서구 비산동(북비산네거리 부근),2019-08-04,18시,중상,남,23세,이륜차,상해없음,남,69세,자전거,중상,차대차 - 측면충돌,안전운전 의무 불이행,맑음,0,5
2019,대구광역시 서구4,대구광역시 서구 비산동(북비산네거리 부근),2019-10-25,12시,경상,남,29세,승용차,상해없음,여,45세,자전거,경상,차대차 - 측면충돌,안전운전 의무 불이행,맑음,0,5
2019,대구광역시 서구4,대구광역시 서구 비산동(북비산네거리 부근),2019-12-31,08시,부상신고,남,77세,자전거,부상신고,여,53세,승용차,상해없음,차대차 - 측면충돌,안전운전 의무 불이행,맑음,0,5
2019,대구광역시 서구5,대구광역시 서구 비산동(한국전력서대구점입구 부근),2019-03-28,17시,중상,남,47세,승합차,상해없음,남,62세,자전거,중상,차대차 - 기타,안전운전 의무 불이행,맑음,0,5
2019,대구광역시 서구5,대구광역시 서구 비산동(한국전력서대구점입구 부근),2019-05-16,22시,부상신고,남,46세,자전거,부상신고,남,49세,이륜차,상해없음,차대차 - 측면충돌,안전운전 의무 불이행,맑음,0,5
2019,대구광역시 서구5,대구광역시 서구 비산동(한국전력서대구점입구 부근),2019-07-04,10시,경상,남,53세,자전거,경상,남,61세,승용차,상해없음,차대차 - 측면충돌,기타,맑음,0,5
2019,대구광역시 서구5,대구광역시 서구 비산동(한국전력서대구점입구 부근),2019-10-19,13시,부상신고,남,16세,자전거,부상신고,여,59세,승용차,상해없음,차대차 - 기타,안전운전 의무 불이행,맑음,0,5
2019,대구광역시 서구5,대구광역시 서구 비산동(한국전력서대구점입구 부근),2019-10-19,19시,경상,남,55세,승용차,상해없음,남,62세,자전거,경상,차대차 - 측면충돌,안전운전 의무 불이행,맑음,0,5
2019,대구광역시 서구6,대구광역시 서구 비산동(서대구로63길1 부근),2019-03-22,20시,부상신고,여,75세,자전거,부상신고,남,45세,화물차,상해없음,차대차 - 기타,안전운전 의무 불이행,맑음,0,5
2019,대구광역시 서구6,대구광역시 서구 비산동(서대구로63길1 부근),2019-05-29,10시,경상,여,59세,승용차,상해없음,남,44세,자전거,경상,차대차 - 기타,안전운전 의무 불이행,맑음,0,5
2019,대구광역시 서구6,대구광역시 서구 비산동(서대구로63길1 부근),2019-06-17,14시,경상,남,29세,승용차,상해없음,남,32세,자전거,경상,차대차 - 측면충돌,안전운전 의무 불이행,맑음,0,5
2019,대구광역시 서구6,대구광역시 서구 비산동(서대구로63길1 부근),2019-09-14,09시,부상신고,남,53세,자전거,부상신고,남,59세,승용차,상해없음,차대차 - 측면충돌,안전운전 의무 불이행,맑음,0,5
2019,대구광역시 서구6,대구광역시 서구 비산동(서대구로63길1 부근),2019-12-13,07시,중상,남,62세,승용차,상해없음,여,55세,자전거,중상,차대차 - 측면충돌,안전운전 의무 불이행,맑음,0,5
2019,대구광역시 서구7,대구광역시 서구 평리동(k2노래방 부근),2019-02-28,19시,경상,여,63세,자전거,상해없음,여,47세,보행자,경상,차대사람 - 횡단중,신호위반,맑음,0,4
2019,대구광역시 서구7,대구광역시 서구 평리동(k2노래방 부근),2019-03-07,08시,중상,남,22세,승용차,상해없음,남,76세,자전거,중상,차대차 - 측면충돌,안전운전 의무 불이행,맑음,0,4
2019,대구광역시 서구7,대구광역시 서구 평리동(k2노래방 부근),2019-05-21,13시,중상,여,60세,자전거,중상,남,75세,승용차,상해없음,차대차 - 측면충돌,안전운전 의무 불이행,맑음,0,4
2019,대구광역시 서구7,대구광역시 서구 평리동(k2노래방 부근),2019-09-30,14시,중상,남,67세,승합차,상해없음,남,82세,자전거,중상,차대차 - 기타,기타,맑음,0,4
2019,대구광역시 남구1,대구광역시 남구 대명동(두류공원네거리 부근),2019-01-23,18시,중상,남,17세,승용차,상해없음,여,54세,자전거,중상,차대차 - 측면충돌,안전운전 의무 불이행,맑음,0,5
2019,대구광역시 남구1,대구광역시 남구 대명동(두류공원네거리 부근),2019-05-16,11시,부상신고,남,72세,자전거,부상신고,남,57세,보행자,상해없음,차대사람 - 기타,안전운전 의무 불이행,맑음,0,5
2019,대구광역시 남구1,대구광역시 남구 대명동(두류공원네거리 부근),2019-07-12,07시,중상,여,55세,승용차,상해없음,남,27세,자전거,중상,차대차 - 측면충돌,신호위반,맑음,0,5
2019,대구광역시 남구1,대구광역시 남구 대명동(두류공원네거리 부근),2019-10-26,09시,중상,남,76세,자전거,중상,남,19세,이륜차,경상,차대차 - 측면충돌,안전운전 의무 불이행,맑음,0,5
2019,대구광역시 북구1,대구광역시 북구 침산동(동침산네거리 부근),2019-03-12,05시,중상,여,59세,승용차,상해없음,여,59세,자전거,중상,차대차 - 기타,신호위반,맑음,0,7
2019,대구광역시 북구1,대구광역시 북구 침산동(동침산네거리 부근),2019-04-20,14시,중상,남,81세,자전거,상해없음,남,80세,자전거,중상,차대차 - 기타,안전운전 의무 불이행,맑음,0,7
2019,대구광역시 북구1,대구광역시 북구 침산동(동침산네거리 부근),2019-05-02,16시,경상,남,71세,화물차,상해없음,여,28세,자전거,경상,차대차 - 측면충돌,안전운전 의무 불이행,맑음,0,7
2019,대구광역시 북구1,대구광역시 북구 침산동(동침산네거리 부근),2019-06-11,13시,중상,남,72세,승용차,상해없음,여,62세,자전거,중상,차대차 - 측면충돌,안전운전 의무 불이행,맑음,0,7
2019,대구광역시 북구1,대구광역시 북구 침산동(동침산네거리 부근),2019-06-28,20시,경상,남,40세,승용차,상해없음,여,22세,자전거,경상,차대차 - 측면충돌,안전운전 의무 불이행,맑음,0,7
2019,대구광역시 북구1,대구광역시 북구 침산동(동침산네거리 부근),2019-08-12,10시,경상,남,34세,승용차,상해없음,남,80세,자전거,경상,차대차 - 측면충돌,안전운전 의무 불이행,맑음,0,7
2019,대구광역시 북구1,대구광역시 북구 침산동(동침산네거리 부근),2019-12-30,18시,경상,남,12세,자전거,경상,남,52세,승용차,상해없음,차대차 - 측면충돌,기타,맑음,0,7
2019,대구광역시 북구2,대구광역시 북구 노원동1가(원대오거리 부근),2019-02-07,09시,중상,여,64세,자전거,중상,남,59세,화물차,상해없음,차대차 - 측면충돌,안전운전 의무 불이행,맑음,0,6
2019,대구광역시 북구2,대구광역시 북구 노원동1가(원대오거리 부근),2019-03-01,19시,중상,남,65세,화물차,상해없음,남,58세,자전거,중상,차대차 - 측면충돌,안전운전 의무 불이행,맑음,0,6
2019,대구광역시 북구2,대구광역시 북구 노원동1가(원대오거리 부근),2019-05-14,14시,경상,남,30세,승용차,상해없음,여,63세,자전거,경상,차대차 - 기타,안전운전 의무 불이행,맑음,0,6
2019,대구광역시 북구2,대구광역시 북구 노원동1가(원대오거리 부근),2019-10-24,17시,부상신고,여,57세,자전거,부상신고,여,64세,승용차,상해없음,차대차 - 측면충돌,안전운전 의무 불이행,맑음,0,6
2019,대구광역시 북구2,대구광역시 북구 노원동1가(원대오거리 부근),2019-11-13,22시,중상,여,60세,승용차,상해없음,남,49세,자전거,중상,차대차 - 측면충돌,안전운전 의무 불이행,맑음,0,6
2019,대구광역시 북구2,대구광역시 북구 노원동1가(원대오거리 부근),2019-11-28,12시,부상신고,여,63세,자전거,부상신고,남,58세,승용차,상해없음,차대차 - 측면충돌,중앙선 침범,맑음,0,6
2019,대구광역시 북구3,대구광역시 북구 고성동2가(달성학교네거리 부근),2019-03-03,19시,중상,남,81세,자전거,중상,남,31세,승용차,상해없음,차대차 - 측면충돌,기타,맑음,0,6
2019,대구광역시 북구3,대구광역시 북구 고성동2가(달성학교네거리 부근),2019-04-11,09시,부상신고,남,73세,승용차,상해없음,여,57세,자전거,부상신고,차대차 - 추돌,안전운전 의무 불이행,맑음,0,6
2019,대구광역시 북구3,대구광역시 북구 고성동2가(달성학교네거리 부근),2019-04-11,11시,부상신고,남,39세,승용차,상해없음,남,71세,자전거,부상신고,차대차 - 측면충돌,안전운전 의무 불이행,맑음,0,6
2019,대구광역시 북구3,대구광역시 북구 고성동2가(달성학교네거리 부근),2019-06-12,06시,중상,남,30세,승용차,상해없음,남,74세,자전거,중상,차대차 - 정면충돌,신호위반,맑음,0,6
2019,대구광역시 북구3,대구광역시 북구 고성동2가(달성학교네거리 부근),2019-09-10,08시,경상,남,43세,화물차,상해없음,여,63세,자전거,경상,차대차 - 기타,안전운전 의무 불이행,맑음,0,6
2019,대구광역시 북구3,대구광역시 북구 고성동2가(달성학교네거리 부근),2019-12-25,19시,중상,여,31세,승용차,상해없음,남,73세,자전거,중상,차대차 - 측면충돌,기타,맑음,0,6
2019,대구광역시 북구4,대구광역시 북구 구암동(학정로298 부근),2019-01-19,12시,경상,남,71세,자전거,경상,남,27세,화물차,상해없음,차대차 - 측면충돌,안전운전 의무 불이행,맑음,0,5
2019,대구광역시 북구4,대구광역시 북구 구암동(학정로298 부근),2019-04-04,10시,중상,남,84세,자전거,중상,남,56세,승용차,상해없음,차대차 - 측면충돌,신호위반,맑음,0,5
2019,대구광역시 북구4,대구광역시 북구 구암동(학정로298 부근),2019-07-31,17시,중상,남,44세,승합차,상해없음,남,76세,자전거,중상,차대차 - 측면충돌,안전운전 의무 불이행,맑음,0,5
2019,대구광역시 북구4,대구광역시 북구 구암동(학정로298 부근),2019-10-31,19시,중상,남,54세,승용차,상해없음,남,47세,자전거,중상,차대차 - 측면충돌,안전운전 의무 불이행,맑음,0,5
2019,대구광역시 북구4,대구광역시 북구 구암동(학정로298 부근),2019-12-18,11시,경상,남,53세,이륜차,상해없음,여,59세,자전거,경상,차대차 - 기타,안전운전 의무 불이행,맑음,0,5
2019,대구광역시 북구5,대구광역시 북구 침산동(침산네거리 부근),2019-06-30,17시,경상,기타불명,불명,불명,기타불명,남,17세,자전거,경상,차대차 - 측면충돌,안전운전 의무 불이행,맑음,0,5
2019,대구광역시 북구5,대구광역시 북구 침산동(침산네거리 부근),2019-07-22,08시,경상,남,59세,승용차,상해없음,여,71세,자전거,경상,차대차 - 측면충돌,안전운전 의무 불이행,맑음,0,5
2019,대구광역시 북구5,대구광역시 북구 침산동(침산네거리 부근),2019-08-26,10시,경상,여,67세,자전거,경상,남,51세,화물차,상해없음,차대차 - 기타,안전운전 의무 불이행,맑음,0,5
2019,대구광역시 북구5,대구광역시 북구 침산동(침산네거리 부근),2019-08-27,17시,중상,여,40세,승용차,상해없음,남,11세,자전거,중상,차대차 - 측면충돌,안전운전 의무 불이행,맑음,0,5
2019,대구광역시 북구5,대구광역시 북구 침산동(침산네거리 부근),2019-09-10,10시,경상,남,32세,화물차,상해없음,남,62세,자전거,경상,차대차 - 정면충돌,안전운전 의무 불이행,맑음,0,5
2019,대구광역시 북구6,대구광역시 북구 고성동2가(침산로48 부근),2019-04-27,15시,경상,남,86세,자전거,경상,남,33세,승용차,상해없음,차대차 - 측면충돌,안전거리 미확보,맑음,0,5
2019,대구광역시 북구6,대구광역시 북구 고성동2가(침산로48 부근),2019-05-14,13시,경상,남,78세,자전거,경상,남,70세,건설기계,기타불명,차대차 - 기타,안전운전 의무 불이행,맑음,0,5
2019,대구광역시 북구6,대구광역시 북구 고성동2가(침산로48 부근),2019-09-04,09시,중상,여,65세,승용차,상해없음,남,65세,자전거,중상,차대차 - 측면충돌,교차로 통행방법 위반,맑음,0,5
2019,대구광역시 북구6,대구광역시 북구 고성동2가(침산로48 부근),2019-10-05,12시,경상,여,58세,승용차,상해없음,남,82세,자전거,경상,차대차 - 기타,안전운전 의무 불이행,맑음,0,5
2019,대구광역시 북구6,대구광역시 북구 고성동2가(침산로48 부근),2019-11-29,12시,경상,남,61세,자전거,경상,남,62세,승용차,상해없음,차대차 - 측면충돌,기타,맑음,0,5