사고년도,다발시군구,지점명,사고일시,사고시간대,사고등급,가해자성별,가해자연령,가해차종,가해자신체상해정도,피해자성별,피해자연령,피해차종,피해자신체상해정도,사고유형,가해자법규위반,기상상태,사망자수,부상자수
2019,대구광역시 북구7,대구광역시 북구 읍내동(거동교 부근),2019-01-02,18시,중상,여,54세,승용차,상해없음,남,58세,자전거,중상,차대차 - 기타,안전운전 의무 불이행,맑음,0,5
2019,대구광역시 북구7,대구광역시 북구 읍내동(거동교 부근),2019-05-28,12시,경상,여,53세,승용차,상해없음,남,84세,자전거,경상,차대차 - 기타,안전운전 의무 불이행,맑음,0,5
2019,대구광역시 북구7,대구광역시 북구 읍내동(거동교 부근),2019-07-02,21시,경상,남,72세,자전거,경상,남,51세,승합차,상해없음,차대차 - 기타,신호위반,맑음,0,5
2019,대구광역시 북구7,대구광역시 북구 읍내동(거동교 부근),2019-07-16,15시,경상,남,53세,승용차,상해없음,여,63세,자전거,경상,차대차 - 추돌,신호위반,맑음,0,5
2019,대구광역시 북구7,대구광역시 북구 읍내동(거동교 부근),2019-09-06,11시,부상신고,여,73세,자전거,부상신고,남,45세,화물차,상해없음,차대차 - 측면충돌,안전운전 의무 불이행,맑음,0,5
2019,대구광역시 북구8,대구광역시 북구 노원동2가(오봉로64 부근),2019-04-23,18시,경상,남,47세,화물차,상해없음,남,57세,자전거,경상,차대차 - 기타,안전운전 의무 불이행,맑음,1,3
2019,대구광역시 북구8,대구광역시 북구 노원동2가(오봉로64 부근),2019-05-29,05시,사망,남,58세,화물차,상해없음,남,78세,자전거,사망,차대차 - 측면충돌,안전운전 의무 불이행,맑음,1,3
2019,대구광역시 북구8,대구광역시 북구 노원동2가(오봉로64 부근),2019-06-13,21시,부상신고,남,52세,승용차,상해없음,남,57세,자전거,부상신고,차대차 - 측면충돌,안전운전 의무 불이행,맑음,1,3
2019,대구광역시 북구8,대구광역시 북구 노원동2가(오봉로64 부근),2019-11-13,17시,중상,여,51세,승용차,상해없음,여,58세,자전거,중상,차대차 - 측면충돌,교차로 통행방법 위반,맑음,1,3
2019,대구광역시 북구9,대구광역시 북구 침산동(오봉오거리 부근),2019-02-16,12시,부상신고,남,68세,자전거,부상신고,남,68세,승용차,상해없음,차대차 - 측면충돌,신호위반,맑음,0,4
2019,대구광역시 북구9,대구광역시 북구 침산동(오봉오거리 부근),2019-05-27,17시,중상,남,54세,승용차,상해없음,여,42세,자전거,중상,차대차 - 기타,안전운전 의무 불이행,맑음,0,4
2019,대구광역시 북구9,대구광역시 북구 침산동(오봉오거리 부근),2019-06-22,21시,경상,남,46세,자전거,경상,남,50세,승용차,상해없음,차대차 - 측면충돌,신호위반,맑음,0,4
2019,대구광역시 북구9,대구광역시 북구 침산동(오봉오거리 부근),2019-09-23,19시,중상,남,44세,승용차,상해없음,남,61세,자전거,중상,차대차 - 측면충돌,신호위반,맑음,0,4
2019,대구광역시 북구10,대구광역시 북구 태전동(태전삼거리 부근),2019-01-03,20시,중상,남,불명,불명,기타불명,남,66세,자전거,중상,차대차 - 측면충돌,안전운전 의무 불이행,맑음,0,4
2019,대구광역시 북구10,대구광역시 북구 태전동(태전삼거리 부근),2019-02-18,08시,경상,남,51세,승용차,상해없음,여,66세,자전거,경상,차대차 - 측면충돌,안전운전 의무 불이행,맑음,0,4
2019,대구광역시 북구10,대구광역시 북구 태전동(태전삼거리 부근),2019-02-21,19시,경상,남,46세,자전거,상해없음,남,20세,보행자,경상,차대사람 - 기타,보행자 보호의무 위반,맑음,0,4
2019,대구광역시 북구10,대구광역시 북구 태전동(태전삼거리 부근),2019-12-22,08시,경상,남,68세,자전거,경상,남,72세,승용차,상해없음,차대차 - 기타,안전운전 의무 불이행,맑음,0,4
2019,대구광역시 북구11,대구광역시 북구 팔달동(작원길1 부근),2019-04-10,17시,경상,여,29세,승용차,상해없음,남,66세,자전거,경상,차대차 - 기타,안전운전 의무 불이행,맑음,0,4
2019,대구광역시 북구11,대구광역시 북구 팔달동(작원길1 부근),2019-06-02,14시,경상,남,55세,화물차,상해없음,남,57세,자전거,경상,차대차 - 측면충돌,안전운전 의무 불이행,맑음,0,4
2019,대구광역시 북구11,대구광역시 북구 팔달동(작원길1 부근),2019-09-30,06시,경상,기타불명,불명,불명,기타불명,여,48세,자전거,경상,차대차 - 기타,안전운전 의무 불이행,맑음,0,4
2019,대구광역시 북구11,대구광역시 북구 팔달동(작원길1 부근),2019-10-11,06시,경상,남,57세,승합차,상해없음,남,78세,자전거,경상,차대차 - 측면충돌,안전운전 의무 불이행,맑음,0,4
2019,대구광역시 수성구1,대구광역시 수성구 매호동(고산로150 부근),2019-01-18,11시,부상신고,여,52세,자전거,부상신고,여,56세,승용차,상해없음,차대차 - 측면충돌,안전운전 의무 불이행,맑음,0,6
2019,대구광역시 수성구1,대구광역시 수성구 매호동(고산로150 부근),2019-06-21,21시,경상,남,47세,승용차,상해없음,남,49세,자전거,경상,차대차 - 측면충돌,안전운전 의무 불이행,비,0,6
2019,대구광역시 수성구1,대구광역시 수성구 매호동(고산로150 부근),2019-08-06,20시,중상,여,49세,승용차,상해없음,여,76세,자전거,중상,차대차 - 측면충돌,안전운전 의무 불이행,흐림,0,6
2019,대구광역시 수성구1,대구광역시 수성구 매호동(고산로150 부근),2019-11-03,13시,중상,남,41세,화물차,상해없음,남,68세,자전거,중상,차대차 - 측면충돌,안전운전 의무 불이행,맑음,0,6
2019,대구광역시 수성구1,대구광역시 수성구 매호동(고산로150 부근),2019-11-04,17시,경상,남,50세,승용차,상해없음,남,11세,자전거,경상,차대차 - 기타,기타,맑음,0,6
2019,대구광역시 수성구1,대구광역시 수성구 매호동(고산로150 부근),2019-11-22,10시,중상,남,30세,승용차,상해없음,남,65세,자전거,중상,차대차 - 측면충돌,안전운전 의무 불이행,맑음,0,6
2019,대구광역시 수성구2,대구광역시 수성구 중동(상지빌딩입구 부근),2019-03-27,13시,중상,남,50세,승용차,상해없음,여,66세,자전거,중상,차대차 - 측면충돌,안전운전 의무 불이행,맑음,0,5
2019,대구광역시 수성구2,대구광역시 수성구 중동(상지빌딩입구 부근),2019-04-10,14시,중상,남,57세,승용차,상해없음,남,69세,자전거,중상,차대차 - 측면충돌,교차로 통행방법 위반,맑음,0,5
2019,대구광역시 수성구2,대구광역시 수성구 중동(상지빌딩입구 부근),2019-04-13,13시,중상,남,70세,승용차,상해없음,남,46세,자전거,중상,차대차 - 측면충돌,안전운전 의무 불이행,맑음,0,5
2019,대구광역시 수성구2,대구광역시 수성구 중동(상지빌딩입구 부근),2019-05-24,09시,중상,남,30세,승용차,상해없음,남,74세,자전거,중상,차대차 - 측면충돌,신호위반,맑음,0,5
2019,대구광역시 수성구2,대구광역시 수성구 중동(상지빌딩입구 부근),2019-09-03,12시,경상,여,38세,승용차,상해없음,남,68세,자전거,경상,차대차 - 측면충돌,안전운전 의무 불이행,비,0,5
2019,대구광역시 수성구3,대구광역시 수성구 황금동(황금네거리 부근),2019-01-29,12시,경상,남,45세,화물차,상해없음,남,67세,자전거,경상,차대차 - 측면충돌,안전운전 의무 불이행,맑음,0,5
2019,대구광역시 수성구3,대구광역시 수성구 황금동(황금네거리 부근),2019-04-12,07시,부상신고,여,39세,승용차,상해없음,남,70세,자전거,부상신고,차대차 - 측면충돌,안전운전 의무 불이행,맑음,0,5
2019,대구광역시 수성구3,대구광역시 수성구 황금동(황금네거리 부근),2019-07-18,21시,부상신고,여,56세,자전거,부상신고,없음,없음,없음,없음,차량단독 - 기타,안전운전 의무 불이행,맑음,0,5
2019,대구광역시 수성구3,대구광역시 수성구 황금동(황금네거리 부근),2019-10-09,11시,경상,남,55세,승용차,상해없음,남,61세,자전거,경상,차대차 - 측면충돌,안전운전 의무 불이행,맑음,0,5
2019,대구광역시 수성구3,대구광역시 수성구 황금동(황금네거리 부근),2019-12-30,18시,중상,여,50세,승용차,상해없음,남,71세,자전거,중상,차대차 - 측면충돌,안전운전 의무 불이행,맑음,0,5
2019,대구광역시 달서구1,대구광역시 달서구 신당동(카톨릭정형외과 부근),2019-02-18,16시,경상,남,54세,화물차,상해없음,여,63세,자전거,경상,차대차 - 기타,안전운전 의무 불이행,맑음,0,9
2019,대구광역시 달서구1,대구광역시 달서구 신당동(카톨릭정형외과 부근),2019-04-24,07시,경상,남,36세,승용차,상해없음,여,58세,자전거,경상,차대차 - 기타,안전운전 의무 불이행,맑음,0,9
2019,대구광역시 달서구1,대구광역시 달서구 신당동(카톨릭정형외과 부근),2019-04-27,15시,경상,남,55세,화물차,상해없음,남,61세,자전거,경상,차대차 - 측면충돌,안전운전 의무 불이행,맑음,0,9
2019,대구광역시 달서구1,대구광역시 달서구 신당동(카톨릭정형외과 부근),2019-05-15,10시,경상,남,25세,자전거,경상,여,18세,자전거,경상,차대차 - 정면충돌,안전운전 의무 불이행,맑음,0,9
2019,대구광역시 달서구1,대구광역시 달서구 신당동(카톨릭정형외과 부근),2019-05-28,10시,중상,남,33세,승용차,상해없음,남,72세,자전거,중상,차대차 - 측면충돌,안전운전 의무 불이행,맑음,0,9
2019,대구광역시 달서구1,대구광역시 달서구 신당동(카톨릭정형외과 부근),2019-06-03,23시,중상,남,22세,승용차,상해없음,남,51세,자전거,중상,차대차 - 측면충돌,안전운전 의무 불이행,맑음,0,9
2019,대구광역시 달서구1,대구광역시 달서구 신당동(카톨릭정형외과 부근),2019-09-27,20시,경상,남,53세,승용차,상해없음,여,23세,자전거,경상,차대차 - 기타,안전운전 의무 불이행,맑음,0,9
2019,대구광역시 달서구1,대구광역시 달서구 신당동(카톨릭정형외과 부근),2019-11-21,07시,중상,남,57세,승용차,상해없음,여,54세,자전거,중상,차대차 - 기타,안전운전 의무 불이행,맑음,0,9
2019,대구광역시 달서구2,대구광역시 달서구 상인동(상화네거리 부근),2019-03-04,15시,경상,여,49세,승용차,상해없음,남,64세,자전거,경상,차대차 - 측면충돌,교차로 통행방법 위반,맑음,0,8
2019,대구광역시 달서구2,대구광역시 달서구 상인동(상화네거리 부근),2019-04-03,08시,경상,여,48세,승용차,상해없음,여,65세,자전거,경상,차대차 - 기타,안전운전 의무 불이행,맑음,0,8
2019,대구광역시 달서구2,대구광역시 달서구 상인동(상화네거리 부근),2019-05-17,12시,경상,남,77세,자전거,경상,여,34세,승용차,상해없음,차대차 - 측면충돌,안전운전 의무 불이행,맑음,0,8
2019,대구광역시 달서구2,대구광역시 달서구 상인동(상화네거리 부근),2019-05-20,17시,경상,여,58세,승용차,상해없음,여,55세,자전거,경상,차대차 - 측면충돌,교차로 통행방법 위반,맑음,0,8
2019,대구광역시 달서구2,대구광역시 달서구 상인동(상화네거리 부근),2019-07-06,14시,부상신고,남,21세,자전거,부상신고,여,62세,승용차,상해없음,차대차 - 측면충돌,기타,맑음,0,8
2019,대구광역시 달서구2,대구광역시 달서구 상인동(상화네거리 부근),2019-07-18,22시,부상신고,남,14세,자전거,부상신고,남,41세,승용차,상해없음,차대차 - 측면충돌,신호위반,맑음,0,8
2019,대구광역시 달서구2,대구광역시 달서구 상인동(상화네거리 부근),2019-11-21,16시,경상,남,49세,승합차,상해없음,남,84세,자전거,경상,차대차 - 측면충돌,안전운전 의무 불이행,맑음,0,8
2019,대구광역시 달서구2,대구광역시 달서구 상인동(상화네거리 부근),2019-12-10,12시,부상신고,남,86세,자전거,부상신고,남,44세,승용차,상해없음,차대차 - 측면충돌,안전운전 의무 불이행,맑음,0,8
2019,대구광역시 달서구3,대구광역시 달서구 두류동(감삼사거리 부근),2019-02-07,18시,부상신고,남,55세,자전거,부상신고,없음,없음,없음,없음,차량단독 - 기타,안전운전 의무 불이행,맑음,0,7
2019,대구광역시 달서구3,대구광역시 달서구 두류동(감삼사거리 부근),2019-02-14,11시,중상,남,54세,자전거,중상,남,66세,승합차,상해없음,차대차 - 측면충돌,기타,맑음,0,7
2019,대구광역시 달서구3,대구광역시 달서구 두류동(감삼사거리 부근),2019-04-17,23시,부상신고,남,33세,자전거,부상신고,남,69세,승용차,상해없음,차대차 - 측면충돌,기타,맑음,0,7
2019,대구광역시 달서구3,대구광역시 달서구 두류동(감삼사거리 부근),2019-05-08,09시,중상,여,47세,승용차,기타불명,남,23세,자전거,중상,차대차 - 측면충돌,안전운전 의무 불이행,맑음,0,7
2019,대구광역시 달서구3,대구광역시 달서구 두류동(감삼사거리 부근),2019-05-24,07시,중상,남,49세,승용차,상해없음,여,65세,자전거,중상,차대차 - 측면충돌,안전운전 의무 불이행,맑음,0,7
2019,대구광역시 달서구3,대구광역시 달서구 두류동(감삼사거리 부근),2019-09-28,20시,경상,남,49세,자전거,경상,남,33세,승용차,상해없음,차대차 - 기타,안전운전 의무 불이행,맑음,0,7
2019,대구광역시 달서구3,대구광역시 달서구 두류동(감삼사거리 부근),2019-11-06,15시,경상,남,61세,승용차,상해없음,남,62세,자전거,경상,차대차 - 추돌,안전운전 의무 불이행,맑음,0,7
2019,대구광역시 달서구4,대구광역시 달서구 감삼동(와룡로152 부근),2019-05-02,11시,중상,여,55세,승용차,상해없음,여,69세,자전거,중상,차대차 - 측면충돌,안전운전 의무 불이행,맑음,0,6
2019,대구광역시 달서구4,대구광역시 달서구 감삼동(와룡로152 부근),2019-05-04,12시,부상신고,여,65세,자전거,부상신고,남,46세,보행자,상해없음,차대사람 - 횡단중,안전운전 의무 불이행,맑음,0,6
2019,대구광역시 달서구4,대구광역시 달서구 감삼동(와룡로152 부근),2019-05-25,14시,중상,여,26세,승용차,상해없음,여,61세,자전거,중상,차대차 - 기타,신호위반,맑음,0,6
2019,대구광역시 달서구4,대구광역시 달서구 감삼동(와룡로152 부근),2019-07-17,21시,경상,남,23세,자전거,경상,남,52세,승용차,상해없음,차대차 - 측면충돌,안전운전 의무 불이행,맑음,0,6
2019,대구광역시 달서구4,대구광역시 달서구 감삼동(와룡로152 부근),2019-09-18,18시,경상,여,47세,승용차,상해없음,남,10세,자전거,경상,차대차 - 정면충돌,안전운전 의무 불이행,맑음,0,6
2019,대구광역시 달서구4,대구광역시 달서구 감삼동(와룡로152 부근),2019-11-29,19시,경상,남,18세,이륜차,상해없음,남,60세,자전거,경상,차대차 - 기타,신호위반,맑음,0,6
2019,대구광역시 달서구5,대구광역시 달서구 성당동(성당주공네거리 부근),2019-03-12,13시,경상,남,53세,화물차,상해없음,남,71세,자전거,경상,차대차 - 기타,안전운전 의무 불이행,맑음,0,6
2019,대구광역시 달서구5,대구광역시 달서구 성당동(성당주공네거리 부근),2019-05-07,17시,부상신고,남,8세,자전거,상해없음,여,61세,보행자,부상신고,차대사람 - 기타,안전운전 의무 불이행,맑음,0,6
2019,대구광역시 달서구5,대구광역시 달서구 성당동(성당주공네거리 부근),2019-10-01,16시,경상,여,53세,승용차,상해없음,남,66세,자전거,경상,차대차 - 측면충돌,안전운전 의무 불이행,흐림,0,6
2019,대구광역시 달서구5,대구광역시 달서구 성당동(성당주공네거리 부근),2019-10-22,19시,중상,기타불명,불명,불명,기타불명,남,84세,자전거,중상,차대차 - 측면충돌,안전운전 의무 불이행,맑음,0,6
2019,대구광역시 달서구5,대구광역시 달서구 성당동(성당주공네거리 부근),2019-11-30,15시,경상,여,46세,승용차,상해없음,남,50세,자전거,경상,차대차 - 기타,안전운전 의무 불이행,맑음,0,6
2019,대구광역시 달서구5,대구광역시 달서구 성당동(성당주공네거리 부근),2019-12-08,11시,부상신고,남,80세,자전거,부상신고,여,40세,승용차,상해없음,차대차 - 기타,교차로 통행방법 위반,맑음,0,6
2019,대구광역시 달서구6,대구광역시 달서구 이곡동(성서네거리 부근),2019-06-28,14시,경상,여,54세,승용차,상해없음,남,76세,자전거,경상,차대차 - 기타,안전운전 의무 불이행,맑음,0,5
2019,대구광역시 달서구6,대구광역시 달서구 이곡동(성서네거리 부근),2019-07-31,18시,경상,여,56세,승용차,상해없음,남,51세,자전거,경상,차대차 - 측면충돌,안전운전 의무 불이행,맑음,0,5
2019,대구광역시 달서구6,대구광역시 달서구 이곡동(성서네거리 부근),2019-08-05,07시,중상,남,60세,승용차,상해없음,남,61세,자전거,중상,차대차 - 측면충돌,신호위반,맑음,0,5
2019,대구광역시 달서구6,대구광역시 달서구 이곡동(성서네거리 부근),2019-09-18,19시,중상,남,64세,승용차,상해없음,남,26세,자전거,중상,차대차 - 측면충돌,안전운전 의무 불이행,맑음,0,5
2019,대구광역시 달서구6,대구광역시 달서구 이곡동(성서네거리 부근),2019-12-19,21시,경상,남,16세,이륜차,상해없음,남,56세,자전거,경상,차대차 - 기타,신호위반,맑음,0,5
2019,대구광역시 달서구7,대구광역시 달서구 진천동(월배로22 부근),2019-05-28,21시,경상,남,44세,자전거,경상,남,58세,승용차,부상신고,차대차 - 측면충돌,중앙선 침범,맑음,0,6
2019,대구광역시 달서구7,대구광역시 달서구 진천동(월배로22 부근),2019-06-02,09시,경상,남,59세,승용차,상해없음,남,47세,자전거,경상,차대차 - 측면충돌,안전운전 의무 불이행,맑음,0,6
2019,대구광역시 달서구7,대구광역시 달서구 진천동(월배로22 부근),2019-08-16,16시,경상,남,60세,승합차,상해없음,남,8세,자전거,경상,차대차 - 측면충돌,안전운전 의무 불이행,맑음,0,6
2019,대구광역시 달서구7,대구광역시 달서구 진천동(월배로22 부근),2019-08-21,20시,중상,여,60세,승용차,상해없음,남,57세,자전거,중상,차대차 - 측면충돌,신호위반,맑음,0,6
2019,대구광역시 달서구7,대구광역시 달서구 진천동(월배로22 부근),2019-10-10,17시,경상,여,73세,승용차,상해없음,남,40세,자전거,경상,차대차 - 측면충돌,안전운전 의무 불이행,맑음,0,6
2019,대구광역시 달서구8,대구광역시 달서구 상인동(상인고가차도 부근),2019-03-09,15시,경상,여,58세,승용차,상해없음,여,68세,자전거,경상,차대차 - 측면충돌,안전운전 의무 불이행,맑음,0,5
2019,대구광역시 달서구8,대구광역시 달서구 상인동(상인고가차도 부근),2019-07-03,08시,중상,남,57세,승용차,상해없음,남,81세,자전거,중상,차대차 - 정면충돌,안전운전 의무 불이행,맑음,0,5
2019,대구광역시 달서구8,대구광역시 달서구 상인동(상인고가차도 부근),2019-10-09,17시,부상신고,남,23세,자전거,부상신고,여,66세,승용차,상해없음,차대차 - 기타,안전운전 의무 불이행,맑음,0,5
2019,대구광역시 달서구8,대구광역시 달서구 상인동(상인고가차도 부근),2019-11-13,19시,경상,남,49세,승용차,상해없음,남,11세,자전거,경상,차대차 - 추돌,안전운전 의무 불이행,맑음,0,5
2019,대구광역시 달서구8,대구광역시 달서구 상인동(상인고가차도 부근),2019-12-08,16시,경상,여,58세,승용차,상해없음,남,53세,자전거,경상,차대차 - 측면충돌,안전운전 의무 불이행,맑음,0,5
2019,대구광역시 달서구9,대구광역시 달서구 감삼동(대구전자공업고등학교 부근),2019-03-03,19시,부상신고,남,11세,자전거,부상신고,남,43세,승용차,상해없음,차대차 - 측면충돌,중앙선 침범,맑음,0,6
2019,대구광역시 달서구9,대구광역시 달서구 감삼동(대구전자공업고등학교 부근),2019-05-15,08시,경상,기타불명,불명,불명,기타불명,남,18세,자전거,경상,차대차 - 기타,안전운전 의무 불이행,맑음,0,6
2019,대구광역시 달서구9,대구광역시 달서구 감삼동(대구전자공업고등학교 부근),2019-08-18,08시,경상,남,37세,승용차,상해없음,여,57세,자전거,경상,차대차 - 측면충돌,신호위반,맑음,0,6
2019,대구광역시 달서구9,대구광역시 달서구 감삼동(대구전자공업고등학교 부근),2019-10-15,06시,부상신고,남,19세,이륜차,부상신고,남,57세,자전거,부상신고,차대차 - 기타,안전운전 의무 불이행,맑음,0,6
2019,대구광역시 달서구9,대구광역시 달서구 감삼동(대구전자공업고등학교 부근),2019-11-05,08시,경상,여,46세,승용차,상해없음,남,73세,자전거,경상,차대차 - 측면충돌,안전운전 의무 불이행,맑음,0,6
2019,대구광역시 달서구10,대구광역시 달서구 두류동(두류네거리 부근),2019-01-27,08시,경상,여,68세,승용차,상해없음,남,68세,자전거,경상,차대차 - 측면충돌,교차로 통행방법 위반,맑음,0,5
2019,대구광역시 달서구10,대구광역시 달서구 두류동(두류네거리 부근),2019-04-23,11시,경상,여,49세,승용차,상해없음,남,24세,자전거,경상,차대차 - 측면충돌,안전운전 의무 불이행,맑음,0,5
2019,대구광역시 달서구10,대구광역시 달서구 두류동(두류네거리 부근),2019-07-25,13시,경상,여,31세,승용차,상해없음,남,68세,자전거,경상,차대차 - 측면충돌,교차로 통행방법 위반,맑음,0,5
2019,대구광역시 달서구10,대구광역시 달서구 두류동(두류네거리 부근),2019-11-11,20시,부상신고,남,21세,자전거,부상신고,여,41세,승용차,상해없음,차대차 - 측면충돌,중앙선 침범,맑음,0,5
2019,대구광역시 달서구10,대구광역시 달서구 두류동(두류네거리 부근),2019-12-14,22시,부상신고,여,19세,자전거,부상신고,남,46세,승용차,상해없음,차대차 - 측면충돌,안전운전 의무 불이행,맑음,0,5
2019,대구광역시 달서구11,대구광역시 달서구 감삼동(죽전네거리1 부근),2019-03-20,06시,중상,남,60세,승용차,상해없음,남,37세,자전거,중상,차대차 - 측면충돌,안전운전 의무 불이행,맑음,0,4
2019,대구광역시 달서구11,대구광역시 달서구 감삼동(죽전네거리1 부근),2019-04-15,10시,경상,남,60세,화물차,상해없음,남,73세,자전거,경상,차대차 - 기타,안전운전 의무 불이행,맑음,0,4
2019,대구광역시 달서구11,대구광역시 달서구 감삼동(죽전네거리1 부근),2019-12-12,19시,경상,남,22세,승용차,상해없음,남,15세,자전거,경상,차대차 - 기타,안전운전 의무 불이행,맑음,0,4
2019,대구광역시 달서구11,대구광역시 달서구 감삼동(죽전네거리1 부근),2019-12-18,11시,중상,여,50세,승용차,상해없음,남,61세,자전거,중상,차대차 - 측면충돌,안전운전 의무 불이행,맑음,0,4
2019,대구광역시 달서구12,대구광역시 달서구 송현동(머슴타이어 부근),2019-01-06,14시,중상,여,40세,승용차,상해없음,여,59세,자전거,중상,차대차 - 측면충돌,안전운전 의무 불이행,맑음,0,4
2019,대구광역시 달서구12,대구광역시 달서구 송현동(머슴타이어 부근),2019-03-27,11시,중상,남,76세,승용차,상해없음,남,62세,자전거,중상,차대차 - 측면충돌,안전운전 의무 불이행,맑음,0,4
2019,대구광역시 달서구12,대구광역시 달서구 송현동(머슴타이어 부근),2019-07-16,09시,경상,여,24세,승용차,상해없음,여,45세,자전거,경상,차대차 - 기타,안전운전 의무 불이행,맑음,0,4
2019,대구광역시 달서구12,대구광역시 달서구 송현동(머슴타이어 부근),2019-09-29,14시,경상,여,53세,승용차,상해없음,남,13세,자전거,경상,차대차 - 측면충돌,안전운전 의무 불이행,맑음,0,4
2019,대구광역시 달서구13,대구광역시 달서구 장기동(성서IC입구 부근),2019-02-16,19시,경상,남,35세,승용차,상해없음,남,45세,자전거,경상,차대차 - 측면충돌,안전운전 의무 불이행,흐림,0,4
2019,대구광역시 달서구13,대구광역시 달서구 장기동(성서IC입구 부근),2019-03-07,07시,경상,남,45세,승용차,상해없음,남,56세,자전거,경상,차대차 - 측면충돌,신호위반,맑음,0,4
2019,대구광역시 달서구13,대구광역시 달서구 장기동(성서IC입구 부근),2019-08-19,21시,중상,남,49세,승용차,상해없음,남,18세,자전거,중상,차대차 - 기타,안전운전 의무 불이행,맑음,0,4
2019,대구광역시 달서구13,대구광역시 달서구 장기동(성서IC입구 부근),2019-11-07,23시,중상,남,54세,승용차,상해없음,남,58세,자전거,중상,차대차 - 기타,안전운전 의무 불이행,맑음,0,4
2019,대구광역시 달서구14,대구광역시 달서구 상인동(학산남네거리 부근),2019-02-02,13시,경상,남,69세,승용차,상해없음,남,16세,자전거,경상,차대차 - 기타,안전운전 의무 불이행,맑음,0,4
2019,대구광역시 달서구14,대구광역시 달서구 상인동(학산남네거리 부근),2019-03-09,15시,부상신고,남,76세,자전거,부상신고,여,48세,승용차,상해없음,차대차 - 측면충돌,안전운전 의무 불이행,맑음,0,4
2019,대구광역시 달서구14,대구광역시 달서구 상인동(학산남네거리 부근),2019-03-23,08시,중상,남,18세,자전거,상해없음,여,59세,자전거,중상,차대차 - 기타,안전운전 의무 불이행,맑음,0,4
2019,대구광역시 달서구14,대구광역시 달서구 상인동(학산남네거리 부근),2019-12-04,10시,중상,남,66세,승용차,상해없음,남,77세,자전거,중상,차대차 - 측면충돌,안전운전 의무 불이행,맑음,0,4
2019,대구광역시 달서구15,대구광역시 달서구 상인동(월배로175 부근),2019-02-02,17시,경상,여,59세,자전거,경상,남,24세,이륜차,상해없음,차대차 - 측면충돌,기타,맑음,0,4
2019,대구광역시 달서구15,대구광역시 달서구 상인동(월배로175 부근),2019-04-01,07시,중상,여,23세,승용차,상해없음,여,17세,자전거,중상,차대차 - 측면충돌,안전운전 의무 불이행,맑음,0,4
2019,대구광역시 달서구15,대구광역시 달서구 상인동(월배로175 부근),2019-06-23,18시,경상,남,16세,자전거,경상,남,60세,승용차,상해없음,차대차 - 기타,신호위반,맑음,0,4
2019,대구광역시 달서구15,대구광역시 달서구 상인동(월배로175 부근),2019-11-14,08시,경상,남,53세,승용차,상해없음,남,37세,자전거,경상,차대차 - 기타,안전운전 의무 불이행,맑음,0,4
2019,대구광역시 달서구16,대구광역시 달서구 성당동(두리봉네거리 부근),2019-02-26,16시,경상,남,71세,승용차,상해없음,남,62세,자전거,경상,차대차 - 기타,안전운전 의무 불이행,맑음,0,4
2019,대구광역시 달서구16,대구광역시 달서구 성당동(두리봉네거리 부근),2019-05-24,18시,부상신고,기타불명,불명,이륜차,기타불명,남,36세,자전거,부상신고,차대차 - 측면충돌,안전운전 의무 불이행,맑음,0,4
2019,대구광역시 달서구16,대구광역시 달서구 성당동(두리봉네거리 부근),2019-07-28,15시,경상,남,30세,승용차,상해없음,남,85세,자전거,경상,차대차 - 측면충돌,신호위반,맑음,0,4
2019,대구광역시 달서구16,대구광역시 달서구 성당동(두리봉네거리 부근),2019-11-11,10시,경상,남,65세,화물차,상해없음,여,55세,자전거,경상,차대차 - 측면충돌,안전운전 의무 불이행,맑음,0,4
2019,대구광역시 달서구17,대구광역시 달서구 대천동(진천로120 부근),2019-03-29,09시,경상,남,46세,승용차,상해없음,여,28세,자전거,경상,차대차 - 측면충돌,안전운전 의무 불이행,맑음,0,4
2019,대구광역시 달서구17,대구광역시 달서구 대천동(진천로120 부근),2019-10-25,07시,경상,여,41세,승용차,상해없음,남,17세,자전거,경상,차대차 - 측면충돌,신호위반,맑음,0,4
2019,대구광역시 달서구17,대구광역시 달서구 대천동(진천로120 부근),2019-10-27,15시,경상,남,27세,승용차,상해없음,남,11세,자전거,경상,차대차 - 측면충돌,안전운전 의무 불이행,맑음,0,4
2019,대구광역시 달서구17,대구광역시 달서구 대천동(진천로120 부근),2019-12-15,13시,부상신고,남,13세,자전거,부상신고,여,51세,승용차,상해없음,차대차 - 측면충돌,안전운전 의무 불이행,맑음,0,4
2019,대구광역시 달서구18,대구광역시 달서구 진천동(진천청구타운건너 부근),2019-02-20,18시,부상신고,남,10세,자전거,부상신고,남,34세,승용차,상해없음,차대차 - 측면충돌,중앙선 침범,맑음,0,4
2019,대구광역시 달서구18,대구광역시 달서구 진천동(진천청구타운건너 부근),2019-07-30,12시,경상,여,58세,승용차,상해없음,남,17세,자전거,경상,차대차 - 측면충돌,안전운전 의무 불이행,맑음,0,4
2019,대구광역시 달서구18,대구광역시 달서구 진천동(진천청구타운건너 부근),2019-09-11,17시,부상신고,남,19세,자전거,부상신고,남,52세,승용차,상해없음,차대차 - 기타,교차로 통행방법 위반,맑음,0,4