사고년도,다발시군구,지점명,사고일시,사고시간대,사고등급,가해자성별,가해자연령,가해차종,가해자신체상해정도,피해자성별,피해자연령,피해차종,피해자신체상해정도,사고유형,가해자법규위반,기상상태,사망자수,부상자수
2019,경기도 부천시6,경기도 부천시 약대동(약대교회사거리 부근),2019-10-04,10시,경상,남,27세,화물차,상해없음,남,62세,자전거,경상,차대차 - 기타,기타,맑음,0,6
2019,경기도 부천시7,경기도 부천시 중동(문예사거리 부근),2019-01-13,01시,경상,남,35세,승합차,상해없음,남,37세,자전거,경상,차대차 - 기타,교차로 통행방법 위반,맑음,0,6
2019,경기도 부천시7,경기도 부천시 중동(문예사거리 부근),2019-05-29,08시,경상,남,17세,자전거,경상,여,57세,승용차,상해없음,차대차 - 기타,안전운전 의무 불이행,맑음,0,6
2019,경기도 부천시7,경기도 부천시 중동(문예사거리 부근),2019-08-02,11시,중상,여,33세,승용차,상해없음,남,27세,자전거,중상,차대차 - 추돌,신호위반,맑음,0,6
2019,경기도 부천시7,경기도 부천시 중동(문예사거리 부근),2019-08-23,20시,경상,남,45세,자전거,경상,남,52세,승합차,상해없음,차대차 - 측면충돌,안전운전 의무 불이행,맑음,0,6
2019,경기도 부천시7,경기도 부천시 중동(문예사거리 부근),2019-09-08,18시,중상,남,47세,승용차,상해없음,여,60세,자전거,중상,차대차 - 기타,기타,맑음,0,6
2019,경기도 부천시7,경기도 부천시 중동(문예사거리 부근),2019-12-27,21시,경상,남,38세,승용차,상해없음,남,19세,자전거,경상,차대차 - 측면충돌,신호위반,맑음,0,6
2019,경기도 부천시8,경기도 부천시 중동(송내대로사거리 부근),2019-02-15,17시,경상,남,39세,자전거,경상,여,39세,승용차,상해없음,차대차 - 기타,기타,맑음,0,7
2019,경기도 부천시8,경기도 부천시 중동(송내대로사거리 부근),2019-04-30,12시,중상,남,61세,자전거,경상,여,36세,자전거,중상,차대차 - 측면충돌,안전운전 의무 불이행,맑음,0,7
2019,경기도 부천시8,경기도 부천시 중동(송내대로사거리 부근),2019-05-30,17시,부상신고,여,38세,승용차,상해없음,남,25세,자전거,부상신고,차대차 - 측면충돌,교차로 통행방법 위반,흐림,0,7
2019,경기도 부천시8,경기도 부천시 중동(송내대로사거리 부근),2019-06-29,17시,중상,남,56세,승용차,상해없음,남,65세,자전거,중상,차대차 - 기타,안전거리 미확보,맑음,0,7
2019,경기도 부천시8,경기도 부천시 중동(송내대로사거리 부근),2019-06-30,18시,부상신고,남,53세,자전거,부상신고,남,72세,승용차,기타불명,차대차 - 측면충돌,기타,맑음,0,7
2019,경기도 부천시8,경기도 부천시 중동(송내대로사거리 부근),2019-12-20,19시,경상,여,29세,자전거,경상,기타불명,불명,불명,기타불명,차대차 - 측면충돌,안전운전 의무 불이행,맑음,0,7
2019,경기도 부천시9,경기도 부천시 약대동(부천체육관사거리 부근),2019-03-01,21시,중상,남,58세,승용차,상해없음,남,52세,자전거,중상,차대차 - 측면충돌,보행자 보호의무 위반,맑음,0,5
2019,경기도 부천시9,경기도 부천시 약대동(부천체육관사거리 부근),2019-05-14,20시,중상,남,33세,승용차,상해없음,남,25세,자전거,중상,차대차 - 측면충돌,교차로 통행방법 위반,맑음,0,5
2019,경기도 부천시9,경기도 부천시 약대동(부천체육관사거리 부근),2019-07-18,07시,중상,남,37세,화물차,상해없음,남,60세,자전거,중상,차대차 - 측면충돌,신호위반,맑음,0,5
2019,경기도 부천시9,경기도 부천시 약대동(부천체육관사거리 부근),2019-10-01,15시,경상,여,54세,승용차,상해없음,남,64세,자전거,경상,차대차 - 기타,신호위반,맑음,0,5
2019,경기도 부천시9,경기도 부천시 약대동(부천체육관사거리 부근),2019-10-18,08시,경상,여,56세,자전거,상해없음,여,66세,보행자,경상,차대사람 - 보도통행중,기타,맑음,0,5
2019,경기도 부천시10,경기도 부천시 중동(근린공원5 부근),2019-05-11,12시,부상신고,여,43세,자전거,부상신고,남,62세,승용차,상해없음,차대차 - 측면충돌,안전운전 의무 불이행,맑음,0,5
2019,경기도 부천시10,경기도 부천시 중동(근린공원5 부근),2019-06-02,08시,중상,여,47세,승용차,상해없음,여,60세,자전거,중상,차대차 - 기타,기타,맑음,0,5
2019,경기도 부천시10,경기도 부천시 중동(근린공원5 부근),2019-06-19,12시,중상,남,76세,자전거,중상,남,45세,화물차,상해없음,차대차 - 기타,안전운전 의무 불이행,맑음,0,5
2019,경기도 부천시10,경기도 부천시 중동(근린공원5 부근),2019-08-04,14시,경상,남,69세,승용차,상해없음,남,27세,자전거,경상,차대차 - 측면충돌,신호위반,맑음,0,5
2019,경기도 부천시10,경기도 부천시 중동(근린공원5 부근),2019-10-04,13시,중상,남,57세,승용차,상해없음,여,68세,자전거,중상,차대차 - 기타,신호위반,맑음,0,5
2019,경기도 부천시11,경기도 부천시 중동(정말문예사거리 부근),2019-02-12,15시,부상신고,여,56세,자전거,부상신고,남,58세,이륜차,상해없음,차대차 - 측면충돌,안전운전 의무 불이행,맑음,0,5
2019,경기도 부천시11,경기도 부천시 중동(정말문예사거리 부근),2019-04-16,19시,경상,여,61세,자전거,상해없음,남,9세,보행자,경상,차대사람 - 기타,안전운전 의무 불이행,맑음,0,5
2019,경기도 부천시11,경기도 부천시 중동(정말문예사거리 부근),2019-05-09,09시,경상,여,65세,자전거,상해없음,남,36세,보행자,경상,차대사람 - 기타,안전운전 의무 불이행,맑음,0,5
2019,경기도 부천시11,경기도 부천시 중동(정말문예사거리 부근),2019-06-06,11시,중상,남,11세,자전거,중상,남,47세,이륜차,상해없음,차대차 - 측면충돌,중앙선 침범,맑음,0,5
2019,경기도 부천시11,경기도 부천시 중동(정말문예사거리 부근),2019-09-26,05시,경상,남,68세,자전거,경상,남,57세,화물차,상해없음,차대차 - 측면충돌,안전운전 의무 불이행,맑음,0,5
2019,경기도 부천시12,경기도 부천시 심곡동(전화국사거리 부근),2019-03-25,10시,부상신고,남,30세,자전거,상해없음,여,23세,보행자,부상신고,차대사람 - 차도통행중,안전운전 의무 불이행,맑음,0,5
2019,경기도 부천시12,경기도 부천시 심곡동(전화국사거리 부근),2019-05-01,19시,경상,남,51세,승합차,상해없음,남,13세,자전거,경상,차대차 - 측면충돌,안전거리 미확보,맑음,0,5
2019,경기도 부천시12,경기도 부천시 심곡동(전화국사거리 부근),2019-05-30,16시,경상,기타불명,불명,자전거,기타불명,남,71세,보행자,경상,차대사람 - 기타,기타,맑음,0,5
2019,경기도 부천시12,경기도 부천시 심곡동(전화국사거리 부근),2019-08-24,12시,중상,여,31세,승용차,상해없음,여,47세,자전거,중상,차대차 - 측면충돌,안전운전 의무 불이행,흐림,0,5
2019,경기도 부천시12,경기도 부천시 심곡동(전화국사거리 부근),2019-11-02,17시,경상,남,50세,자전거,상해없음,남,54세,보행자,경상,차대사람 - 횡단중,신호위반,맑음,0,5
2019,경기도 부천시13,경기도 부천시 소사동(멀뫼사거리 부근),2019-04-02,09시,경상,남,35세,자전거,경상,남,65세,승용차,상해없음,차대차 - 기타,안전운전 의무 불이행,맑음,0,5
2019,경기도 부천시13,경기도 부천시 소사동(멀뫼사거리 부근),2019-08-30,15시,중상,여,52세,자전거,상해없음,여,72세,보행자,중상,차대사람 - 차도통행중,보행자 보호의무 위반,맑음,0,5
2019,경기도 부천시13,경기도 부천시 소사동(멀뫼사거리 부근),2019-10-25,13시,부상신고,남,46세,승용차,상해없음,남,76세,자전거,부상신고,차대차 - 기타,신호위반,맑음,0,5
2019,경기도 부천시13,경기도 부천시 소사동(멀뫼사거리 부근),2019-11-20,06시,경상,남,48세,특수차,상해없음,남,78세,자전거,경상,차대차 - 측면충돌,안전운전 의무 불이행,맑음,0,5
2019,경기도 부천시13,경기도 부천시 소사동(멀뫼사거리 부근),2019-12-09,07시,경상,남,77세,자전거,경상,남,31세,승합차,상해없음,차대차 - 측면충돌,안전운전 의무 불이행,맑음,0,5
2019,경기도 부천시14,경기도 부천시 상동(구지공원 부근),2019-02-12,11시,중상,남,81세,자전거,중상,여,38세,승용차,상해없음,차대차 - 측면충돌,안전거리 미확보,맑음,0,8
2019,경기도 부천시14,경기도 부천시 상동(구지공원 부근),2019-06-08,06시,경상,남,55세,자전거,경상,남,59세,승용차,상해없음,차대차 - 측면충돌,중앙선 침범,맑음,0,8
2019,경기도 부천시14,경기도 부천시 상동(구지공원 부근),2019-06-23,16시,중상,남,20세,이륜차,상해없음,남,62세,자전거,중상,차대차 - 기타,안전운전 의무 불이행,맑음,0,8
2019,경기도 부천시14,경기도 부천시 상동(구지공원 부근),2019-09-30,19시,중상,남,35세,화물차,상해없음,남,69세,자전거,중상,차대차 - 기타,안전운전 의무 불이행,맑음,0,8
2019,경기도 부천시15,경기도 부천시 중동(부명사거리 부근),2019-09-16,14시,경상,남,32세,자전거,경상,여,36세,승용차,경상,차대차 - 측면충돌,신호위반,맑음,0,6
2019,경기도 부천시15,경기도 부천시 중동(부명사거리 부근),2019-09-29,19시,경상,남,59세,승용차,상해없음,남,57세,자전거,경상,차대차 - 기타,안전운전 의무 불이행,맑음,0,6
2019,경기도 부천시15,경기도 부천시 중동(부명사거리 부근),2019-10-31,21시,경상,여,65세,승용차,상해없음,남,63세,자전거,경상,차대차 - 기타,신호위반,맑음,0,6
2019,경기도 부천시15,경기도 부천시 중동(부명사거리 부근),2019-12-07,20시,경상,기타불명,불명,불명,기타불명,여,37세,자전거,경상,차대차 - 측면충돌,안전운전 의무 불이행,맑음,0,6
2019,경기도 부천시16,경기도 부천시 상동(복사골문화센터사거리 부근),2019-07-01,22시,경상,여,59세,자전거,상해없음,남,22세,보행자,경상,차대사람 - 차도통행중,안전운전 의무 불이행,맑음,0,5
2019,경기도 부천시16,경기도 부천시 상동(복사골문화센터사거리 부근),2019-07-31,21시,경상,남,21세,이륜차,경상,여,55세,자전거,경상,차대차 - 기타,신호위반,맑음,0,5
2019,경기도 부천시16,경기도 부천시 상동(복사골문화센터사거리 부근),2019-08-30,21시,경상,여,53세,승용차,상해없음,남,24세,자전거,경상,차대차 - 측면충돌,안전운전 의무 불이행,맑음,0,5
2019,경기도 부천시16,경기도 부천시 상동(복사골문화센터사거리 부근),2019-10-30,14시,경상,여,77세,자전거,경상,여,57세,자전거,상해없음,차대차 - 측면충돌,안전운전 의무 불이행,맑음,0,5
2019,경기도 부천시17,경기도 부천시 춘의동(아태리치빌 부근),2019-05-22,17시,경상,여,37세,승용차,상해없음,여,29세,자전거,경상,차대차 - 측면충돌,안전운전 의무 불이행,맑음,0,4
2019,경기도 부천시17,경기도 부천시 춘의동(아태리치빌 부근),2019-07-25,18시,부상신고,남,28세,이륜차,상해없음,남,38세,자전거,부상신고,차대차 - 기타,신호위반,비,0,4
2019,경기도 부천시17,경기도 부천시 춘의동(아태리치빌 부근),2019-11-25,15시,경상,기타불명,불명,기타,기타불명,여,62세,자전거,경상,차대차 - 측면충돌,안전운전 의무 불이행,맑음,0,4
2019,경기도 부천시17,경기도 부천시 춘의동(아태리치빌 부근),2019-12-27,18시,경상,여,36세,승용차,상해없음,여,49세,자전거,경상,차대차 - 측면충돌,교차로 통행방법 위반,맑음,0,4
2019,경기도 광명시1,경기도 광명시 광명동(광명사거리 부근),2019-02-02,12시,중상,남,66세,자전거,상해없음,여,68세,보행자,중상,차대사람 - 기타,안전운전 의무 불이행,맑음,0,5
2019,경기도 광명시1,경기도 광명시 광명동(광명사거리 부근),2019-03-11,16시,부상신고,기타불명,불명,자전거,기타불명,남,52세,보행자,부상신고,차대사람 - 차도통행중,중앙선 침범,맑음,0,5
2019,경기도 광명시1,경기도 광명시 광명동(광명사거리 부근),2019-08-16,08시,경상,남,70세,자전거,상해없음,남,36세,이륜차,경상,차대차 - 측면충돌,기타,맑음,0,5
2019,경기도 광명시1,경기도 광명시 광명동(광명사거리 부근),2019-08-19,09시,중상,남,63세,화물차,상해없음,여,61세,자전거,중상,차대차 - 측면충돌,신호위반,맑음,0,5
2019,경기도 광명시1,경기도 광명시 광명동(광명사거리 부근),2019-08-19,17시,부상신고,기타불명,불명,자전거,기타불명,여,33세,보행자,부상신고,차대사람 - 횡단중,보행자 보호의무 위반,맑음,0,5
2019,경기도 평택시1,경기도 평택시 서정동(송탄출장소사거리 부근),2019-04-24,14시,경상,여,44세,승용차,상해없음,남,55세,자전거,경상,차대차 - 기타,안전운전 의무 불이행,맑음,0,4
2019,경기도 평택시1,경기도 평택시 서정동(송탄출장소사거리 부근),2019-07-28,06시,경상,남,73세,자전거,경상,남,62세,승용차,상해없음,차대차 - 측면충돌,안전운전 의무 불이행,비,0,4
2019,경기도 평택시1,경기도 평택시 서정동(송탄출장소사거리 부근),2019-10-09,18시,경상,남,57세,화물차,상해없음,남,36세,자전거,경상,차대차 - 측면충돌,안전운전 의무 불이행,맑음,0,4
2019,경기도 평택시1,경기도 평택시 서정동(송탄출장소사거리 부근),2019-11-26,09시,경상,남,58세,승용차,상해없음,남,17세,자전거,경상,차대차 - 기타,안전운전 의무 불이행,맑음,0,4
2019,경기도 안산시 상록구1,경기도 안산시 상록구 사동(주공5단지삼거리 부근),2019-04-10,17시,경상,남,58세,승용차,상해없음,여,57세,자전거,경상,차대차 - 기타,안전운전 의무 불이행,맑음,0,4
2019,경기도 안산시 상록구1,경기도 안산시 상록구 사동(주공5단지삼거리 부근),2019-04-11,05시,중상,남,39세,화물차,상해없음,남,66세,자전거,중상,차대차 - 기타,신호위반,맑음,0,4
2019,경기도 안산시 상록구1,경기도 안산시 상록구 사동(주공5단지삼거리 부근),2019-08-04,05시,경상,남,73세,승용차,상해없음,여,75세,자전거,경상,차대차 - 측면충돌,신호위반,맑음,0,4
2019,경기도 안산시 상록구1,경기도 안산시 상록구 사동(주공5단지삼거리 부근),2019-11-26,16시,경상,남,11세,자전거,경상,여,59세,승용차,상해없음,차대차 - 기타,안전운전 의무 불이행,맑음,0,4
2019,경기도 안산시 단원구1,경기도 안산시 단원구 초지동(화정교 부근),2019-06-17,20시,중상,남,50세,승용차,상해없음,남,27세,자전거,중상,차대차 - 측면충돌,안전운전 의무 불이행,맑음,0,7
2019,경기도 안산시 단원구1,경기도 안산시 단원구 초지동(화정교 부근),2019-07-03,18시,경상,남,61세,승용차,상해없음,남,58세,자전거,경상,차대차 - 측면충돌,안전운전 의무 불이행,맑음,0,7
2019,경기도 안산시 단원구1,경기도 안산시 단원구 초지동(화정교 부근),2019-10-27,08시,부상신고,남,29세,승용차,상해없음,남,36세,자전거,부상신고,차대차 - 정면충돌,교차로 통행방법 위반,맑음,0,7
2019,경기도 안산시 단원구1,경기도 안산시 단원구 초지동(화정교 부근),2019-10-28,08시,중상,남,45세,승용차,상해없음,남,76세,자전거,중상,차대차 - 측면충돌,안전운전 의무 불이행,맑음,0,7
2019,경기도 안산시 단원구1,경기도 안산시 단원구 초지동(화정교 부근),2019-11-27,08시,부상신고,남,18세,자전거,부상신고,남,54세,승용차,상해없음,차대차 - 측면충돌,신호위반,맑음,0,7
2019,경기도 안산시 단원구1,경기도 안산시 단원구 초지동(화정교 부근),2019-12-16,20시,중상,남,43세,승용차,상해없음,남,75세,자전거,중상,차대차 - 측면충돌,신호위반,맑음,0,7
2019,경기도 안산시 단원구1,경기도 안산시 단원구 초지동(화정교 부근),2019-12-30,07시,경상,남,46세,승용차,상해없음,남,52세,자전거,경상,차대차 - 기타,안전운전 의무 불이행,맑음,0,7
2019,경기도 안산시 단원구2,경기도 안산시 단원구 초지동(화정1교사거리 부근),2019-03-07,15시,중상,여,56세,자전거,중상,남,51세,승용차,상해없음,차대차 - 기타,신호위반,맑음,0,5
2019,경기도 안산시 단원구2,경기도 안산시 단원구 초지동(화정1교사거리 부근),2019-07-06,11시,중상,남,54세,화물차,상해없음,여,29세,자전거,중상,차대차 - 측면충돌,안전운전 의무 불이행,맑음,0,5
2019,경기도 안산시 단원구2,경기도 안산시 단원구 초지동(화정1교사거리 부근),2019-07-15,22시,경상,남,50세,자전거,상해없음,남,40세,자전거,경상,차대차 - 정면충돌,안전운전 의무 불이행,맑음,0,5
2019,경기도 안산시 단원구2,경기도 안산시 단원구 초지동(화정1교사거리 부근),2019-07-19,20시,중상,여,43세,승용차,상해없음,여,66세,자전거,중상,차대차 - 정면충돌,안전운전 의무 불이행,맑음,0,5
2019,경기도 안산시 단원구2,경기도 안산시 단원구 초지동(화정1교사거리 부근),2019-08-13,16시,경상,남,62세,승용차,상해없음,남,65세,자전거,경상,차대차 - 측면충돌,교차로 통행방법 위반,맑음,0,5
2019,경기도 안산시 단원구3,경기도 안산시 단원구 고잔동(광덕1로159 부근),2019-01-18,11시,경상,기타불명,불명,불명,기타불명,여,54세,자전거,경상,차대차 - 기타,안전운전 의무 불이행,맑음,0,5
2019,경기도 안산시 단원구3,경기도 안산시 단원구 고잔동(광덕1로159 부근),2019-08-12,13시,경상,남,49세,승용차,상해없음,남,59세,자전거,경상,차대차 - 기타,안전운전 의무 불이행,비,0,5
2019,경기도 안산시 단원구3,경기도 안산시 단원구 고잔동(광덕1로159 부근),2019-08-18,20시,중상,남,70세,승용차,상해없음,남,39세,자전거,중상,차대차 - 측면충돌,신호위반,맑음,0,5
2019,경기도 안산시 단원구3,경기도 안산시 단원구 고잔동(광덕1로159 부근),2019-10-16,09시,중상,남,79세,자전거,중상,여,33세,승용차,상해없음,차대차 - 측면충돌,신호위반,맑음,0,5
2019,경기도 안산시 단원구3,경기도 안산시 단원구 고잔동(광덕1로159 부근),2019-10-29,14시,경상,여,60세,승용차,상해없음,여,47세,자전거,경상,차대차 - 측면충돌,교차로 통행방법 위반,맑음,0,5
2019,경기도 안산시 단원구4,경기도 안산시 단원구 초지동(초지운동장사거리 부근),2019-05-21,07시,경상,남,42세,승용차,상해없음,남,48세,자전거,경상,차대차 - 측면충돌,안전운전 의무 불이행,맑음,0,5
2019,경기도 안산시 단원구4,경기도 안산시 단원구 초지동(초지운동장사거리 부근),2019-06-04,19시,경상,여,49세,승용차,상해없음,남,35세,자전거,경상,차대차 - 기타,안전운전 의무 불이행,맑음,0,5
2019,경기도 안산시 단원구4,경기도 안산시 단원구 초지동(초지운동장사거리 부근),2019-06-23,12시,중상,남,28세,승용차,상해없음,남,74세,자전거,중상,차대차 - 측면충돌,안전운전 의무 불이행,맑음,0,5
2019,경기도 안산시 단원구4,경기도 안산시 단원구 초지동(초지운동장사거리 부근),2019-07-31,19시,부상신고,남,61세,자전거,부상신고,남,64세,승용차,상해없음,차대차 - 측면충돌,신호위반,맑음,0,5
2019,경기도 안산시 단원구4,경기도 안산시 단원구 초지동(초지운동장사거리 부근),2019-09-24,17시,경상,남,64세,자전거,경상,남,61세,승용차,상해없음,차대차 - 측면충돌,안전운전 의무 불이행,맑음,0,5
2019,경기도 안산시 단원구5,경기도 안산시 단원구 원곡동(원곡기숙사삼거리 부근),2019-01-04,05시,사망,여,66세,자전거,사망,남,49세,승용차,상해없음,차대차 - 기타,신호위반,맑음,1,3
2019,경기도 안산시 단원구5,경기도 안산시 단원구 원곡동(원곡기숙사삼거리 부근),2019-05-16,21시,경상,남,40세,승용차,상해없음,남,54세,자전거,경상,차대차 - 측면충돌,안전운전 의무 불이행,맑음,1,3
2019,경기도 안산시 단원구5,경기도 안산시 단원구 원곡동(원곡기숙사삼거리 부근),2019-06-30,09시,중상,남,58세,승용차,상해없음,남,67세,자전거,중상,차대차 - 정면충돌,교차로 통행방법 위반,맑음,1,3
2019,경기도 안산시 단원구5,경기도 안산시 단원구 원곡동(원곡기숙사삼거리 부근),2019-09-08,13시,중상,남,69세,승용차,상해없음,남,58세,자전거,중상,차대차 - 기타,안전운전 의무 불이행,맑음,1,3
2019,경기도 안산시 단원구6,경기도 안산시 단원구 고잔동(예술대학로1길9 부근),2019-01-23,17시,경상,여,59세,승용차,상해없음,남,37세,자전거,경상,차대차 - 측면충돌,안전운전 의무 불이행,맑음,0,5
2019,경기도 안산시 단원구6,경기도 안산시 단원구 고잔동(예술대학로1길9 부근),2019-05-29,18시,중상,여,67세,화물차,경상,남,49세,자전거,중상,차대차 - 기타,안전운전 의무 불이행,맑음,0,5
2019,경기도 안산시 단원구6,경기도 안산시 단원구 고잔동(예술대학로1길9 부근),2019-07-08,19시,부상신고,남,62세,이륜차,상해없음,남,93세,자전거,부상신고,차대차 - 기타,안전운전 의무 불이행,맑음,0,5
2019,경기도 안산시 단원구6,경기도 안산시 단원구 고잔동(예술대학로1길9 부근),2019-09-17,09시,중상,남,25세,승용차,상해없음,남,78세,자전거,중상,차대차 - 정면충돌,안전운전 의무 불이행,맑음,0,5
2019,경기도 안산시 단원구7,경기도 안산시 단원구 초지동(초지로114 부근),2019-06-23,18시,경상,남,18세,이륜차,상해없음,남,21세,자전거,경상,차대차 - 기타,신호위반,맑음,0,4
2019,경기도 안산시 단원구7,경기도 안산시 단원구 초지동(초지로114 부근),2019-08-21,19시,부상신고,남,28세,개인형이동수단(PM),기타불명,여,53세,자전거,부상신고,차대차 - 기타,신호위반,맑음,0,4
2019,경기도 안산시 단원구7,경기도 안산시 단원구 초지동(초지로114 부근),2019-11-16,18시,중상,남,26세,승용차,상해없음,남,52세,자전거,중상,차대차 - 측면충돌,교차로 통행방법 위반,맑음,0,4
2019,경기도 안산시 단원구7,경기도 안산시 단원구 초지동(초지로114 부근),2019-12-28,13시,중상,여,76세,자전거,중상,남,61세,승용차,상해없음,차대차 - 정면충돌,안전운전 의무 불이행,맑음,0,4
2019,경기도 안산시 단원구8,경기도 안산시 단원구 고잔동(까르푸사거리 부근),2019-06-15,04시,경상,기타불명,불명,불명,기타불명,여,68세,자전거,경상,차대차 - 기타,신호위반,맑음,0,4
2019,경기도 안산시 단원구8,경기도 안산시 단원구 고잔동(까르푸사거리 부근),2019-07-19,10시,중상,여,32세,승용차,상해없음,여,64세,자전거,중상,차대차 - 측면충돌,안전운전 의무 불이행,맑음,0,4
2019,경기도 안산시 단원구8,경기도 안산시 단원구 고잔동(까르푸사거리 부근),2019-10-31,17시,경상,여,55세,자전거,경상,여,58세,승용차,상해없음,차대차 - 측면충돌,안전운전 의무 불이행,맑음,0,4
2019,경기도 안산시 단원구8,경기도 안산시 단원구 고잔동(까르푸사거리 부근),2019-11-14,20시,경상,남,18세,자전거,경상,남,67세,승용차,상해없음,차대차 - 측면충돌,신호위반,맑음,0,4
2019,경기도 고양시 덕양구1,경기도 고양시 덕양구 화정동(화중로3230 부근),2019-01-09,16시,부상신고,여,46세,승용차,상해없음,남,14세,자전거,부상신고,차대차 - 측면충돌,안전운전 의무 불이행,맑음,0,4
2019,경기도 고양시 덕양구1,경기도 고양시 덕양구 화정동(화중로3230 부근),2019-03-30,09시,경상,남,35세,승용차,상해없음,남,22세,자전거,경상,차대차 - 측면충돌,교차로 통행방법 위반,맑음,0,4
2019,경기도 고양시 덕양구1,경기도 고양시 덕양구 화정동(화중로3230 부근),2019-06-21,18시,경상,남,60세,자전거,상해없음,남,3세,보행자,경상,차대사람 - 기타,기타,맑음,0,4
2019,경기도 고양시 덕양구1,경기도 고양시 덕양구 화정동(화중로3230 부근),2019-07-09,08시,경상,남,53세,승용차,상해없음,여,17세,자전거,경상,차대차 - 측면충돌,안전운전 의무 불이행,맑음,0,4
2019,경기도 고양시 일산동구1,경기도 고양시 일산동구 백석동(백석역사거리 부근),2019-02-25,22시,경상,여,28세,자전거,경상,남,44세,승용차,상해없음,차대차 - 측면충돌,안전운전 의무 불이행,맑음,0,7
2019,경기도 고양시 일산동구1,경기도 고양시 일산동구 백석동(백석역사거리 부근),2019-03-22,10시,부상신고,여,33세,승용차,상해없음,남,62세,자전거,부상신고,차대차 - 측면충돌,안전운전 의무 불이행,맑음,0,7
2019,경기도 고양시 일산동구1,경기도 고양시 일산동구 백석동(백석역사거리 부근),2019-05-11,11시,중상,남,56세,승용차,상해없음,남,32세,자전거,중상,차대차 - 측면충돌,기타,맑음,0,7
2019,경기도 고양시 일산동구1,경기도 고양시 일산동구 백석동(백석역사거리 부근),2019-06-16,21시,부상신고,남,25세,승용차,상해없음,남,15세,자전거,부상신고,차대차 - 기타,안전운전 의무 불이행,맑음,0,7
2019,경기도 고양시 일산동구1,경기도 고양시 일산동구 백석동(백석역사거리 부근),2019-07-09,13시,경상,여,52세,승합차,상해없음,여,47세,자전거,경상,차대차 - 기타,안전운전 의무 불이행,맑음,0,7
2019,경기도 고양시 일산동구1,경기도 고양시 일산동구 백석동(백석역사거리 부근),2019-07-27,18시,경상,남,57세,승용차,상해없음,남,11세,자전거,경상,차대차 - 측면충돌,신호위반,맑음,0,7
2019,경기도 고양시 일산동구1,경기도 고양시 일산동구 백석동(백석역사거리 부근),2019-08-13,08시,부상신고,남,52세,승합차,상해없음,남,12세,자전거,부상신고,차대차 - 측면충돌,안전운전 의무 불이행,맑음,0,7
2019,경기도 고양시 일산동구2,경기도 고양시 일산동구 장항동(호수로640 부근),2019-09-28,14시,중상,남,45세,자전거,상해없음,여,72세,보행자,중상,차대사람 - 기타,안전운전 의무 불이행,맑음,0,4
2019,경기도 고양시 일산동구2,경기도 고양시 일산동구 장항동(호수로640 부근),2019-10-04,08시,중상,남,45세,자전거,상해없음,남,81세,보행자,중상,차대사람 - 횡단중,신호위반,맑음,0,4
2019,경기도 고양시 일산동구2,경기도 고양시 일산동구 장항동(호수로640 부근),2019-10-16,17시,경상,여,45세,자전거,상해없음,여,63세,보행자,경상,차대사람 - 기타,안전운전 의무 불이행,맑음,0,4
2019,경기도 고양시 일산동구2,경기도 고양시 일산동구 장항동(호수로640 부근),2019-11-11,07시,중상,남,68세,승용차,상해없음,남,81세,자전거,중상,차대차 - 기타,신호위반,흐림,0,4
2019,경기도 고양시 일산동구3,경기도 고양시 일산동구 마두동(강촌7단지사거리 부근),2019-01-09,16시,부상신고,남,39세,승용차,상해없음,남,75세,자전거,부상신고,차대차 - 측면충돌,안전거리 미확보,맑음,0,4
2019,경기도 고양시 일산동구3,경기도 고양시 일산동구 마두동(강촌7단지사거리 부근),2019-05-17,16시,경상,여,53세,승용차,상해없음,남,8세,자전거,경상,차대차 - 측면충돌,안전운전 의무 불이행,맑음,0,4
2019,경기도 고양시 일산동구3,경기도 고양시 일산동구 마두동(강촌7단지사거리 부근),2019-09-22,13시,중상,여,46세,승용차,상해없음,남,29세,자전거,중상,차대차 - 측면충돌,안전운전 의무 불이행,맑음,0,4
2019,경기도 고양시 일산동구3,경기도 고양시 일산동구 마두동(강촌7단지사거리 부근),2019-12-28,18시,경상,남,72세,자전거,경상,여,59세,승용차,상해없음,차대차 - 측면충돌,신호위반,맑음,0,4
2019,경기도 고양시 일산서구1,경기도 고양시 일산서구 대화동(장성2단지사거리 부근),2019-02-01,18시,경상,여,56세,화물차,상해없음,남,37세,자전거,경상,차대차 - 측면충돌,기타,맑음,0,5
2019,경기도 고양시 일산서구1,경기도 고양시 일산서구 대화동(장성2단지사거리 부근),2019-08-07,15시,경상,남,9세,자전거,경상,남,45세,승용차,상해없음,차대차 - 측면충돌,안전운전 의무 불이행,맑음,0,5
2019,경기도 고양시 일산서구1,경기도 고양시 일산서구 대화동(장성2단지사거리 부근),2019-08-30,08시,경상,남,57세,승용차,상해없음,여,26세,자전거,경상,차대차 - 측면충돌,안전운전 의무 불이행,맑음,0,5
2019,경기도 고양시 일산서구1,경기도 고양시 일산서구 대화동(장성2단지사거리 부근),2019-10-10,09시,중상,남,77세,승용차,상해없음,여,53세,자전거,중상,차대차 - 기타,안전운전 의무 불이행,맑음,0,5