사고년도,다발시군구,지점명,사고일시,사고시간대,사고등급,가해자성별,가해자연령,가해차종,가해자신체상해정도,피해자성별,피해자연령,피해차종,피해자신체상해정도,사고유형,가해자법규위반,기상상태,사망자수,부상자수
2019,충청남도 보령시1,충청남도 보령시 대천동(명문당사거리 부근),2019-07-03,10시,중상,남,41세,화물차,상해없음,남,89세,자전거,중상,차대차 - 측면충돌,기타,맑음,1,2
2019,충청남도 부여군1,충청남도 부여군 부여읍(군청로터리 부근),2019-06-06,16시,중상,남,62세,승용차,상해없음,남,10세,자전거,중상,차대차 - 기타,안전운전 의무 불이행,비,0,4
2019,충청남도 부여군1,충청남도 부여군 부여읍(군청로터리 부근),2019-06-08,14시,경상,남,47세,승용차,상해없음,여,62세,자전거,경상,차대차 - 기타,안전운전 의무 불이행,맑음,0,4
2019,충청남도 부여군1,충청남도 부여군 부여읍(군청로터리 부근),2019-10-12,10시,경상,남,53세,승용차,상해없음,여,57세,자전거,경상,차대차 - 후진중충돌,안전운전 의무 불이행,맑음,0,4
2019,충청남도 부여군1,충청남도 부여군 부여읍(군청로터리 부근),2019-11-29,11시,경상,여,43세,승용차,상해없음,남,83세,자전거,경상,차대차 - 정면충돌,안전운전 의무 불이행,맑음,0,4
2019,전라북도 익산시1,전라북도 익산시 남중동(송리요가학원 부근),2019-01-30,09시,경상,남,84세,자전거,경상,여,32세,승용차,상해없음,차대차 - 측면충돌,기타,맑음,0,5
2019,전라북도 익산시1,전라북도 익산시 남중동(송리요가학원 부근),2019-04-03,10시,중상,여,62세,자전거,상해없음,여,77세,보행자,중상,차대사람 - 기타,안전운전 의무 불이행,맑음,0,5
2019,전라북도 익산시1,전라북도 익산시 남중동(송리요가학원 부근),2019-08-22,13시,중상,여,56세,승용차,상해없음,남,77세,자전거,중상,차대차 - 측면충돌,안전운전 의무 불이행,맑음,0,5
2019,전라북도 익산시1,전라북도 익산시 남중동(송리요가학원 부근),2019-11-09,12시,중상,여,41세,승용차,상해없음,남,15세,자전거,중상,차대차 - 측면충돌,안전운전 의무 불이행,맑음,0,5
2019,전라북도 익산시1,전라북도 익산시 남중동(송리요가학원 부근),2019-12-26,05시,부상신고,남,73세,자전거,부상신고,남,64세,승용차,상해없음,차대차 - 측면충돌,안전운전 의무 불이행,맑음,0,5
2019,전라북도 익산시2,전라북도 익산시 중앙동1가(익산지하차도 부근),2019-02-08,06시,중상,남,74세,자전거,중상,남,40세,화물차,상해없음,차대차 - 측면충돌,안전운전 의무 불이행,맑음,0,4
2019,전라북도 익산시2,전라북도 익산시 중앙동1가(익산지하차도 부근),2019-03-08,06시,경상,남,44세,승용차,상해없음,여,57세,자전거,경상,차대차 - 후진중충돌,안전운전 의무 불이행,맑음,0,4
2019,전라북도 익산시2,전라북도 익산시 중앙동1가(익산지하차도 부근),2019-03-27,16시,경상,남,43세,승용차,상해없음,여,57세,자전거,경상,차대차 - 기타,신호위반,맑음,0,4
2019,전라북도 익산시2,전라북도 익산시 중앙동1가(익산지하차도 부근),2019-10-12,11시,중상,남,56세,승용차,상해없음,남,13세,자전거,중상,차대차 - 측면충돌,안전운전 의무 불이행,맑음,0,4
2019,전라북도 익산시3,전라북도 익산시 신동(월드카센타 부근),2019-05-31,15시,경상,남,63세,화물차,상해없음,여,36세,자전거,경상,차대차 - 측면충돌,안전운전 의무 불이행,맑음,0,4
2019,전라북도 익산시3,전라북도 익산시 신동(월드카센타 부근),2019-06-06,16시,경상,남,55세,승용차,상해없음,여,56세,자전거,경상,차대차 - 측면충돌,안전운전 의무 불이행,맑음,0,4
2019,전라북도 익산시3,전라북도 익산시 신동(월드카센타 부근),2019-10-17,12시,경상,남,57세,승합차,상해없음,여,82세,자전거,경상,차대차 - 측면충돌,안전운전 의무 불이행,맑음,0,4
2019,전라북도 익산시3,전라북도 익산시 신동(월드카센타 부근),2019-11-29,10시,중상,남,57세,승용차,상해없음,여,55세,자전거,중상,차대차 - 측면충돌,안전운전 의무 불이행,맑음,0,4
2019,전라북도 정읍시1,전라북도 정읍시 시기동(대한꽃시장입구 부근),2019-02-01,09시,경상,남,85세,자전거,경상,남,61세,승용차,상해없음,차대차 - 기타,안전운전 의무 불이행,맑음,0,6
2019,전라북도 정읍시1,전라북도 정읍시 시기동(대한꽃시장입구 부근),2019-04-11,17시,경상,남,89세,자전거,경상,남,70세,승용차,상해없음,차대차 - 측면충돌,기타,맑음,0,6
2019,전라북도 정읍시1,전라북도 정읍시 시기동(대한꽃시장입구 부근),2019-09-03,14시,경상,여,72세,승용차,상해없음,남,78세,자전거,경상,차대차 - 측면충돌,안전운전 의무 불이행,흐림,0,6
2019,전라북도 정읍시1,전라북도 정읍시 시기동(대한꽃시장입구 부근),2019-09-23,11시,중상,남,54세,자전거,상해없음,남,52세,보행자,중상,차대사람 - 보도통행중,기타,맑음,0,6
2019,전라북도 정읍시1,전라북도 정읍시 시기동(대한꽃시장입구 부근),2019-11-26,10시,경상,남,62세,화물차,상해없음,남,56세,자전거,경상,차대차 - 기타,기타,맑음,0,6
2019,전라북도 정읍시1,전라북도 정읍시 시기동(대한꽃시장입구 부근),2019-12-10,12시,중상,여,62세,승용차,상해없음,남,14세,자전거,중상,차대차 - 측면충돌,기타,맑음,0,6
2019,전라북도 남원시1,전라북도 남원시 동충동(중앙지구대입구 부근),2019-03-28,14시,경상,남,73세,승용차,상해없음,여,68세,자전거,경상,차대차 - 기타,안전운전 의무 불이행,맑음,0,5
2019,전라북도 남원시1,전라북도 남원시 동충동(중앙지구대입구 부근),2019-05-15,14시,경상,여,63세,자전거,경상,여,32세,승용차,상해없음,차대차 - 측면충돌,안전운전 의무 불이행,맑음,0,5
2019,전라북도 남원시1,전라북도 남원시 동충동(중앙지구대입구 부근),2019-05-22,17시,경상,여,74세,자전거,경상,남,32세,승용차,상해없음,차대차 - 기타,기타,맑음,0,5
2019,전라북도 남원시1,전라북도 남원시 동충동(중앙지구대입구 부근),2019-06-03,21시,경상,남,84세,자전거,경상,남,64세,화물차,상해없음,차대차 - 기타,신호위반,맑음,0,5
2019,전라북도 남원시1,전라북도 남원시 동충동(중앙지구대입구 부근),2019-10-08,18시,중상,남,44세,화물차,상해없음,남,76세,자전거,중상,차대차 - 기타,교차로 통행방법 위반,맑음,0,5
2019,전라남도 목포시1,전라남도 목포시 상동(상동4601 부근),2019-05-27,17시,중상,남,47세,승용차,상해없음,남,67세,자전거,중상,차대차 - 기타,교차로 통행방법 위반,비,0,4
2019,전라남도 목포시1,전라남도 목포시 상동(상동4601 부근),2019-07-22,18시,경상,여,61세,승용차,상해없음,남,64세,자전거,경상,차대차 - 기타,안전운전 의무 불이행,맑음,0,4
2019,전라남도 목포시1,전라남도 목포시 상동(상동4601 부근),2019-10-27,23시,중상,기타불명,불명,불명,기타불명,남,27세,자전거,중상,차대차 - 기타,안전운전 의무 불이행,기타/불명,0,4
2019,전라남도 목포시1,전라남도 목포시 상동(상동4601 부근),2019-11-12,12시,경상,남,60세,승용차,상해없음,남,77세,자전거,경상,차대차 - 기타,안전운전 의무 불이행,맑음,0,4
2019,전라남도 목포시2,전라남도 목포시 동명동(물의나라 부근),2019-01-22,06시,중상,남,71세,자전거,중상,여,54세,승용차,상해없음,차대차 - 기타,신호위반,맑음,0,4
2019,전라남도 목포시2,전라남도 목포시 동명동(물의나라 부근),2019-05-07,08시,경상,남,64세,승용차,상해없음,남,81세,자전거,경상,차대차 - 기타,교차로 통행방법 위반,맑음,0,4
2019,전라남도 목포시2,전라남도 목포시 동명동(물의나라 부근),2019-06-03,04시,경상,남,56세,승용차,상해없음,남,10세,자전거,경상,차대차 - 기타,안전운전 의무 불이행,맑음,0,4
2019,전라남도 목포시2,전라남도 목포시 동명동(물의나라 부근),2019-12-13,08시,중상,남,76세,자전거,중상,남,54세,승용차,상해없음,차대차 - 기타,신호위반,맑음,0,4
2019,전라남도 목포시3,전라남도 목포시 산정동(동부광장교차로 부근),2019-03-24,20시,중상,남,47세,자전거,중상,남,58세,승용차,상해없음,차대차 - 기타,중앙선 침범,맑음,0,5
2019,전라남도 목포시3,전라남도 목포시 산정동(동부광장교차로 부근),2019-04-22,15시,경상,남,76세,승용차,상해없음,남,62세,자전거,경상,차대차 - 측면충돌,안전운전 의무 불이행,맑음,0,5
2019,전라남도 목포시3,전라남도 목포시 산정동(동부광장교차로 부근),2019-10-22,19시,경상,남,39세,승용차,상해없음,남,48세,자전거,경상,차대차 - 기타,안전운전 의무 불이행,맑음,0,5
2019,전라남도 목포시3,전라남도 목포시 산정동(동부광장교차로 부근),2019-12-12,08시,경상,남,82세,승용차,상해없음,여,29세,자전거,경상,차대차 - 기타,안전운전 의무 불이행,맑음,0,5
2019,전라남도 목포시4,전라남도 목포시 산정동(대성동사거리 부근),2019-01-19,04시,경상,남,78세,자전거,경상,남,25세,승용차,상해없음,차대차 - 정면충돌,중앙선 침범,맑음,0,4
2019,전라남도 목포시4,전라남도 목포시 산정동(대성동사거리 부근),2019-03-30,09시,경상,남,72세,자전거,경상,남,46세,승용차,상해없음,차대차 - 기타,안전운전 의무 불이행,맑음,0,4
2019,전라남도 목포시4,전라남도 목포시 산정동(대성동사거리 부근),2019-04-05,00시,중상,남,22세,자전거,중상,남,35세,승용차,상해없음,차대차 - 기타,안전운전 의무 불이행,맑음,0,4
2019,전라남도 목포시4,전라남도 목포시 산정동(대성동사거리 부근),2019-10-03,18시,경상,남,53세,승용차,상해없음,남,70세,자전거,경상,차대차 - 측면충돌,안전운전 의무 불이행,맑음,0,4
2019,전라남도 여수시1,전라남도 여수시 충무동(교동사거리 부근),2019-03-12,10시,경상,남,65세,승용차,상해없음,남,75세,자전거,경상,차대차 - 기타,교차로 통행방법 위반,맑음,0,5
2019,전라남도 여수시1,전라남도 여수시 충무동(교동사거리 부근),2019-03-15,15시,경상,남,75세,자전거,경상,남,52세,화물차,상해없음,차대차 - 기타,안전운전 의무 불이행,맑음,0,5
2019,전라남도 여수시1,전라남도 여수시 충무동(교동사거리 부근),2019-08-30,17시,부상신고,남,39세,자전거,부상신고,남,29세,승용차,상해없음,차대차 - 측면충돌,안전운전 의무 불이행,맑음,0,5
2019,전라남도 여수시1,전라남도 여수시 충무동(교동사거리 부근),2019-11-01,17시,중상,남,82세,자전거,중상,남,39세,화물차,상해없음,차대차 - 측면충돌,중앙선 침범,맑음,0,5
2019,전라남도 여수시1,전라남도 여수시 충무동(교동사거리 부근),2019-12-12,10시,경상,여,53세,승용차,상해없음,남,78세,자전거,경상,차대차 - 측면충돌,안전운전 의무 불이행,맑음,0,5
2019,전라남도 순천시1,전라남도 순천시 조곡동(팔마로99 부근),2019-04-13,18시,경상,남,44세,화물차,상해없음,남,46세,자전거,경상,차대차 - 측면충돌,안전운전 의무 불이행,맑음,0,5
2019,전라남도 순천시1,전라남도 순천시 조곡동(팔마로99 부근),2019-05-30,21시,중상,여,77세,자전거,중상,남,42세,승용차,상해없음,차대차 - 기타,안전운전 의무 불이행,비,0,5
2019,전라남도 순천시1,전라남도 순천시 조곡동(팔마로99 부근),2019-06-16,14시,경상,남,24세,승용차,상해없음,남,81세,자전거,경상,차대차 - 측면충돌,안전운전 의무 불이행,맑음,0,5
2019,전라남도 순천시1,전라남도 순천시 조곡동(팔마로99 부근),2019-09-11,09시,중상,여,55세,승용차,상해없음,남,84세,자전거,중상,차대차 - 기타,안전운전 의무 불이행,맑음,0,5
2019,전라남도 순천시1,전라남도 순천시 조곡동(팔마로99 부근),2019-10-18,09시,중상,여,74세,자전거,중상,남,48세,승용차,상해없음,차대차 - 측면충돌,안전운전 의무 불이행,맑음,0,5
2019,전라남도 순천시2,전라남도 순천시 매곡동(환선로701 부근),2019-03-28,10시,중상,남,51세,화물차,상해없음,남,70세,자전거,중상,차대차 - 측면충돌,교차로 통행방법 위반,맑음,0,4
2019,전라남도 순천시2,전라남도 순천시 매곡동(환선로701 부근),2019-06-02,20시,경상,남,69세,자전거,경상,없음,없음,없음,없음,차량단독 - 기타,안전운전 의무 불이행,맑음,0,4
2019,전라남도 순천시2,전라남도 순천시 매곡동(환선로701 부근),2019-08-26,12시,중상,여,49세,승용차,상해없음,남,78세,자전거,중상,차대차 - 기타,기타,맑음,0,4
2019,전라남도 순천시2,전라남도 순천시 매곡동(환선로701 부근),2019-10-19,09시,경상,기타불명,불명,불명,기타불명,남,13세,자전거,경상,차대차 - 기타,안전운전 의무 불이행,맑음,0,4
2019,경상북도 포항시 남구1,경상북도 포항시 남구 연일읍(제일가정의과의원앞교차로 부근),2019-04-08,19시,부상신고,남,57세,자전거,부상신고,남,34세,승용차,상해없음,차대차 - 기타,안전운전 의무 불이행,맑음,0,6
2019,경상북도 포항시 남구1,경상북도 포항시 남구 연일읍(제일가정의과의원앞교차로 부근),2019-04-12,15시,경상,여,53세,승용차,상해없음,여,60세,자전거,경상,차대차 - 측면충돌,교차로 통행방법 위반,맑음,0,6
2019,경상북도 포항시 남구1,경상북도 포항시 남구 연일읍(제일가정의과의원앞교차로 부근),2019-06-12,08시,경상,남,10세,자전거,경상,없음,없음,없음,없음,차량단독 - 기타,안전운전 의무 불이행,맑음,0,6
2019,경상북도 포항시 남구1,경상북도 포항시 남구 연일읍(제일가정의과의원앞교차로 부근),2019-06-18,09시,경상,여,49세,승용차,상해없음,남,97세,자전거,경상,차대차 - 기타,안전운전 의무 불이행,맑음,0,6
2019,경상북도 포항시 남구1,경상북도 포항시 남구 연일읍(제일가정의과의원앞교차로 부근),2019-11-20,18시,중상,남,65세,자전거,중상,남,68세,승용차,상해없음,차대차 - 기타,기타,맑음,0,6
2019,경상북도 포항시 남구1,경상북도 포항시 남구 연일읍(제일가정의과의원앞교차로 부근),2019-12-03,09시,경상,남,67세,승용차,상해없음,남,76세,자전거,경상,차대차 - 기타,안전운전 의무 불이행,맑음,0,6
2019,경상북도 포항시 남구2,경상북도 포항시 남구 대도동(기업은행포항남지점 부근),2019-03-12,15시,중상,남,70세,자전거,중상,남,60세,승용차,상해없음,차대차 - 측면충돌,안전운전 의무 불이행,맑음,1,4
2019,경상북도 포항시 남구2,경상북도 포항시 남구 대도동(기업은행포항남지점 부근),2019-05-15,06시,사망,남,51세,건설기계,상해없음,여,65세,자전거,사망,차대차 - 측면충돌,신호위반,맑음,1,4
2019,경상북도 포항시 남구2,경상북도 포항시 남구 대도동(기업은행포항남지점 부근),2019-06-25,18시,중상,여,64세,승용차,상해없음,여,56세,자전거,중상,차대차 - 측면충돌,신호위반,맑음,1,4
2019,경상북도 포항시 남구2,경상북도 포항시 남구 대도동(기업은행포항남지점 부근),2019-12-08,06시,경상,남,62세,화물차,상해없음,남,56세,자전거,경상,차대차 - 추돌,안전운전 의무 불이행,맑음,1,4
2019,경상북도 포항시 남구2,경상북도 포항시 남구 대도동(기업은행포항남지점 부근),2019-12-16,10시,중상,여,41세,승용차,상해없음,여,59세,자전거,중상,차대차 - 측면충돌,안전운전 의무 불이행,맑음,1,4
2019,경상북도 포항시 남구3,경상북도 포항시 남구 오천읍(정몽주로543 부근),2019-05-04,13시,경상,남,10세,자전거,경상,여,55세,승용차,상해없음,차대차 - 측면충돌,안전운전 의무 불이행,맑음,0,4
2019,경상북도 포항시 남구3,경상북도 포항시 남구 오천읍(정몽주로543 부근),2019-08-25,04시,중상,남,82세,자전거,중상,남,52세,승용차,상해없음,차대차 - 기타,중앙선 침범,맑음,0,4
2019,경상북도 포항시 남구3,경상북도 포항시 남구 오천읍(정몽주로543 부근),2019-09-11,14시,경상,남,70세,자전거,경상,여,44세,승용차,상해없음,차대차 - 기타,안전운전 의무 불이행,맑음,0,4
2019,경상북도 포항시 남구3,경상북도 포항시 남구 오천읍(정몽주로543 부근),2019-10-16,07시,경상,남,78세,자전거,경상,남,54세,화물차,상해없음,차대차 - 측면충돌,안전운전 의무 불이행,맑음,0,4
2019,경상북도 포항시 북구1,경상북도 포항시 북구 죽도동(양학천로136 부근),2019-04-04,15시,경상,남,63세,화물차,상해없음,남,70세,자전거,경상,차대차 - 기타,안전운전 의무 불이행,맑음,0,6
2019,경상북도 포항시 북구1,경상북도 포항시 북구 죽도동(양학천로136 부근),2019-04-09,10시,경상,남,45세,승용차,상해없음,남,69세,자전거,경상,차대차 - 측면충돌,신호위반,맑음,0,6
2019,경상북도 포항시 북구1,경상북도 포항시 북구 죽도동(양학천로136 부근),2019-04-25,20시,경상,남,23세,이륜차,상해없음,남,25세,자전거,경상,차대차 - 측면충돌,안전운전 의무 불이행,맑음,0,6
2019,경상북도 포항시 북구1,경상북도 포항시 북구 죽도동(양학천로136 부근),2019-05-03,09시,중상,여,46세,승용차,상해없음,남,69세,자전거,중상,차대차 - 기타,안전운전 의무 불이행,맑음,0,6
2019,경상북도 포항시 북구1,경상북도 포항시 북구 죽도동(양학천로136 부근),2019-05-11,15시,중상,여,32세,승용차,상해없음,남,71세,자전거,중상,차대차 - 측면충돌,안전운전 의무 불이행,맑음,0,6
2019,경상북도 포항시 북구1,경상북도 포항시 북구 죽도동(양학천로136 부근),2019-06-24,15시,중상,남,47세,승용차,상해없음,남,76세,자전거,중상,차대차 - 측면충돌,안전운전 의무 불이행,맑음,0,6
2019,경상북도 포항시 북구2,경상북도 포항시 북구 죽도동(오거리 부근),2019-01-11,18시,경상,여,59세,승용차,상해없음,남,75세,자전거,경상,차대차 - 기타,안전운전 의무 불이행,맑음,0,6
2019,경상북도 포항시 북구2,경상북도 포항시 북구 죽도동(오거리 부근),2019-05-30,10시,중상,남,42세,자전거,중상,남,38세,승용차,상해없음,차대차 - 측면충돌,신호위반,맑음,0,6
2019,경상북도 포항시 북구2,경상북도 포항시 북구 죽도동(오거리 부근),2019-07-14,18시,경상,남,66세,승용차,상해없음,남,82세,자전거,경상,차대차 - 측면충돌,안전운전 의무 불이행,맑음,0,6
2019,경상북도 포항시 북구2,경상북도 포항시 북구 죽도동(오거리 부근),2019-07-31,17시,경상,남,45세,승용차,상해없음,남,24세,자전거,경상,차대차 - 측면충돌,안전운전 의무 불이행,맑음,0,6
2019,경상북도 포항시 북구2,경상북도 포항시 북구 죽도동(오거리 부근),2019-08-29,18시,경상,남,60세,자전거,경상,여,29세,승용차,상해없음,차대차 - 측면충돌,안전운전 의무 불이행,맑음,0,6
2019,경상북도 포항시 북구2,경상북도 포항시 북구 죽도동(오거리 부근),2019-09-30,19시,중상,남,68세,자전거,중상,남,41세,승용차,상해없음,차대차 - 측면충돌,중앙선 침범,흐림,0,6
2019,경상북도 포항시 북구3,경상북도 포항시 북구 죽도동(5호광장 부근),2019-02-26,14시,중상,여,58세,승용차,상해없음,여,60세,자전거,중상,차대차 - 측면충돌,안전운전 의무 불이행,맑음,0,4
2019,경상북도 포항시 북구3,경상북도 포항시 북구 죽도동(5호광장 부근),2019-04-22,15시,중상,여,65세,자전거,중상,남,77세,승용차,상해없음,차대차 - 측면충돌,안전운전 의무 불이행,맑음,0,4
2019,경상북도 포항시 북구3,경상북도 포항시 북구 죽도동(5호광장 부근),2019-06-22,14시,경상,남,57세,자전거,경상,남,34세,승용차,상해없음,차대차 - 측면충돌,안전운전 의무 불이행,맑음,0,4
2019,경상북도 포항시 북구3,경상북도 포항시 북구 죽도동(5호광장 부근),2019-08-12,15시,중상,남,22세,자전거,중상,남,51세,승합차,상해없음,차대차 - 측면충돌,안전운전 의무 불이행,맑음,0,4
2019,경상북도 경주시1,경상북도 경주시 성동동(원화로345 부근),2019-02-15,02시,중상,남,50세,승용차,상해없음,남,61세,자전거,중상,차대차 - 측면충돌,신호위반,맑음,0,11
2019,경상북도 경주시1,경상북도 경주시 성동동(원화로345 부근),2019-02-27,17시,경상,남,47세,승용차,상해없음,남,85세,자전거,경상,차대차 - 측면충돌,안전운전 의무 불이행,맑음,0,11
2019,경상북도 경주시1,경상북도 경주시 성동동(원화로345 부근),2019-04-27,23시,중상,남,21세,이륜차,상해없음,남,53세,자전거,중상,차대차 - 측면충돌,신호위반,맑음,0,11
2019,경상북도 경주시1,경상북도 경주시 성동동(원화로345 부근),2019-07-02,13시,중상,남,58세,화물차,상해없음,여,63세,자전거,중상,차대차 - 측면충돌,안전운전 의무 불이행,맑음,0,11
2019,경상북도 경주시1,경상북도 경주시 성동동(원화로345 부근),2019-07-27,22시,경상,남,48세,이륜차,상해없음,여,59세,자전거,경상,차대차 - 측면충돌,신호위반,맑음,0,11
2019,경상북도 경주시1,경상북도 경주시 성동동(원화로345 부근),2019-08-20,11시,경상,남,35세,승합차,상해없음,남,74세,자전거,경상,차대차 - 측면충돌,안전운전 의무 불이행,맑음,0,11
2019,경상북도 경주시1,경상북도 경주시 성동동(원화로345 부근),2019-09-05,05시,경상,남,19세,이륜차,상해없음,남,70세,자전거,경상,차대차 - 측면충돌,신호위반,맑음,0,11
2019,경상북도 경주시1,경상북도 경주시 성동동(원화로345 부근),2019-09-17,15시,중상,여,23세,승용차,상해없음,여,63세,자전거,중상,차대차 - 측면충돌,안전운전 의무 불이행,맑음,0,11
2019,경상북도 경주시1,경상북도 경주시 성동동(원화로345 부근),2019-11-07,17시,중상,여,28세,승용차,상해없음,남,60세,자전거,중상,차대차 - 측면충돌,안전운전 의무 불이행,맑음,0,11
2019,경상북도 경주시1,경상북도 경주시 성동동(원화로345 부근),2019-11-18,19시,경상,남,45세,자전거,경상,남,66세,승합차,상해없음,차대차 - 측면충돌,안전운전 의무 불이행,맑음,0,11
2019,경상북도 경주시1,경상북도 경주시 성동동(원화로345 부근),2019-11-26,10시,중상,남,49세,승합차,상해없음,여,61세,자전거,중상,차대차 - 측면충돌,기타,맑음,0,11
2019,경상북도 경주시2,경상북도 경주시 황오동(팔우정로터리 부근),2019-01-24,10시,중상,여,51세,승용차,상해없음,여,78세,자전거,중상,차대차 - 측면충돌,안전운전 의무 불이행,맑음,0,9
2019,경상북도 경주시2,경상북도 경주시 황오동(팔우정로터리 부근),2019-04-24,08시,중상,남,58세,승용차,상해없음,남,75세,자전거,중상,차대차 - 측면충돌,안전운전 의무 불이행,비,0,9
2019,경상북도 경주시2,경상북도 경주시 황오동(팔우정로터리 부근),2019-06-25,17시,경상,남,38세,승용차,상해없음,여,69세,자전거,경상,차대차 - 기타,안전운전 의무 불이행,맑음,0,9
2019,경상북도 경주시2,경상북도 경주시 황오동(팔우정로터리 부근),2019-07-14,08시,중상,남,63세,화물차,상해없음,여,53세,자전거,중상,차대차 - 측면충돌,안전운전 의무 불이행,맑음,0,9
2019,경상북도 경주시2,경상북도 경주시 황오동(팔우정로터리 부근),2019-07-18,15시,중상,남,38세,승용차,상해없음,남,69세,자전거,중상,차대차 - 측면충돌,안전운전 의무 불이행,맑음,0,9
2019,경상북도 경주시2,경상북도 경주시 황오동(팔우정로터리 부근),2019-09-25,01시,경상,남,51세,승용차,상해없음,남,52세,자전거,경상,차대차 - 측면충돌,안전운전 의무 불이행,맑음,0,9
2019,경상북도 경주시2,경상북도 경주시 황오동(팔우정로터리 부근),2019-10-19,11시,경상,여,61세,자전거,경상,여,31세,승용차,상해없음,차대차 - 측면충돌,안전운전 의무 불이행,맑음,0,9
2019,경상북도 경주시2,경상북도 경주시 황오동(팔우정로터리 부근),2019-10-26,11시,중상,남,80세,자전거,중상,남,50세,승용차,상해없음,차대차 - 측면충돌,신호위반,맑음,0,9
2019,경상북도 경주시2,경상북도 경주시 황오동(팔우정로터리 부근),2019-12-09,11시,경상,남,37세,화물차,상해없음,남,52세,자전거,경상,차대차 - 측면충돌,안전운전 의무 불이행,맑음,0,9
2019,경상북도 경주시3,경상북도 경주시 서부동(금성로295 부근),2019-03-29,00시,경상,남,49세,승용차,상해없음,남,66세,자전거,경상,차대차 - 측면충돌,안전운전 의무 불이행,맑음,0,7
2019,경상북도 경주시3,경상북도 경주시 서부동(금성로295 부근),2019-04-01,08시,중상,남,47세,승용차,상해없음,남,61세,자전거,중상,차대차 - 측면충돌,안전운전 의무 불이행,맑음,0,7
2019,경상북도 경주시3,경상북도 경주시 서부동(금성로295 부근),2019-05-18,19시,중상,남,61세,승용차,상해없음,여,42세,자전거,중상,차대차 - 정면충돌,안전운전 의무 불이행,맑음,0,7
2019,경상북도 경주시3,경상북도 경주시 서부동(금성로295 부근),2019-10-23,08시,경상,남,63세,승용차,상해없음,여,59세,자전거,경상,차대차 - 측면충돌,안전운전 의무 불이행,맑음,0,7
2019,경상북도 경주시3,경상북도 경주시 서부동(금성로295 부근),2019-10-31,17시,중상,여,49세,승용차,상해없음,여,67세,자전거,중상,차대차 - 측면충돌,안전운전 의무 불이행,맑음,0,7
2019,경상북도 경주시3,경상북도 경주시 서부동(금성로295 부근),2019-12-16,14시,중상,남,45세,승용차,상해없음,남,87세,자전거,중상,차대차 - 측면충돌,안전운전 의무 불이행,맑음,0,7
2019,경상북도 경주시3,경상북도 경주시 서부동(금성로295 부근),2019-12-16,17시,중상,여,61세,승용차,상해없음,남,76세,자전거,중상,차대차 - 측면충돌,안전운전 의무 불이행,맑음,0,7
2019,경상북도 김천시1,경상북도 김천시 평화동(자산로1732 부근),2019-03-10,11시,중상,남,55세,승용차,상해없음,여,69세,자전거,중상,차대차 - 측면충돌,안전운전 의무 불이행,맑음,0,5
2019,경상북도 김천시1,경상북도 김천시 평화동(자산로1732 부근),2019-06-27,16시,중상,여,54세,자전거,중상,남,64세,승용차,상해없음,차대차 - 측면충돌,안전운전 의무 불이행,맑음,0,5
2019,경상북도 김천시1,경상북도 김천시 평화동(자산로1732 부근),2019-07-16,08시,중상,여,69세,승용차,상해없음,남,75세,자전거,중상,차대차 - 측면충돌,안전운전 의무 불이행,맑음,0,5
2019,경상북도 김천시1,경상북도 김천시 평화동(자산로1732 부근),2019-10-17,17시,경상,남,53세,승용차,상해없음,남,70세,자전거,경상,차대차 - 측면충돌,안전운전 의무 불이행,맑음,0,5
2019,경상북도 김천시1,경상북도 김천시 평화동(자산로1732 부근),2019-12-16,11시,경상,남,66세,화물차,상해없음,남,70세,자전거,경상,차대차 - 기타,교차로 통행방법 위반,맑음,0,5
2019,경상북도 영주시1,경상북도 영주시 가흥동(대동로149 부근),2019-01-02,11시,중상,남,77세,자전거,중상,남,38세,화물차,상해없음,차대차 - 측면충돌,안전운전 의무 불이행,맑음,0,7
2019,경상북도 영주시1,경상북도 영주시 가흥동(대동로149 부근),2019-03-07,16시,경상,여,41세,승용차,상해없음,남,69세,자전거,경상,차대차 - 측면충돌,안전운전 의무 불이행,맑음,0,7
2019,경상북도 영주시1,경상북도 영주시 가흥동(대동로149 부근),2019-05-08,13시,중상,남,69세,화물차,상해없음,남,84세,자전거,중상,차대차 - 측면충돌,안전운전 의무 불이행,맑음,0,7
2019,경상북도 영주시1,경상북도 영주시 가흥동(대동로149 부근),2019-05-13,17시,경상,남,49세,화물차,상해없음,남,80세,자전거,경상,차대차 - 측면충돌,교차로 통행방법 위반,맑음,0,7
2019,경상북도 영주시1,경상북도 영주시 가흥동(대동로149 부근),2019-07-22,10시,경상,남,79세,승용차,상해없음,남,12세,자전거,경상,차대차 - 추돌,안전운전 의무 불이행,맑음,0,7
2019,경상북도 영주시1,경상북도 영주시 가흥동(대동로149 부근),2019-08-23,07시,경상,여,59세,승용차,상해없음,남,77세,자전거,경상,차대차 - 측면충돌,안전운전 의무 불이행,맑음,0,7
2019,경상북도 영주시1,경상북도 영주시 가흥동(대동로149 부근),2019-09-25,07시,중상,남,47세,승용차,상해없음,남,73세,자전거,중상,차대차 - 측면충돌,안전운전 의무 불이행,맑음,0,7