사고년도,다발시군구,지점명,사고일시,사고시간대,사고등급,가해자성별,가해자연령,가해차종,가해자신체상해정도,피해자성별,피해자연령,피해차종,피해자신체상해정도,사고유형,가해자법규위반,기상상태,사망자수,부상자수
2020,서울특별시 광진구1,서울특별시 광진구 자양동(갈보리교회 인근),2020-11-07,15시,중상,남,45세,자전거,상해없음,남,6세,보행자,중상,차대사람 - 횡단중,안전운전 의무 불이행,맑음,0,5
2020,서울특별시 광진구2,서울특별시 광진구 자양동(자양사거리 부근),2020-04-09,12시,중상,남,28세,자전거,상해없음,여,64세,보행자,중상,차대사람 - 기타,안전운전 의무 불이행,맑음,0,4
2020,서울특별시 광진구2,서울특별시 광진구 자양동(자양사거리 부근),2020-06-12,10시,중상,남,15세,자전거,상해없음,남,40세,보행자,중상,차대사람 - 보도통행중,안전운전 의무 불이행,맑음,0,4
2020,서울특별시 광진구2,서울특별시 광진구 자양동(자양사거리 부근),2020-10-14,13시,경상,남,48세,승용차,상해없음,여,70세,자전거,경상,차대차 - 측면충돌,안전운전 의무 불이행,맑음,0,4
2020,서울특별시 광진구2,서울특별시 광진구 자양동(자양사거리 부근),2020-10-14,13시,경상,남,60세,자전거,상해없음,여,27세,보행자,경상,차대사람 - 기타,안전운전 의무 불이행,맑음,0,4
2020,서울특별시 동대문구1,서울특별시 동대문구 용두동(시립동부병원앞교차로 부근),2020-04-12,16시,중상,남,46세,화물차,상해없음,남,68세,자전거,중상,차대차 - 측면충돌,기타,맑음,0,10
2020,서울특별시 동대문구1,서울특별시 동대문구 용두동(시립동부병원앞교차로 부근),2020-04-16,21시,경상,여,27세,자전거,경상,남,30세,승용차,상해없음,차대차 - 측면충돌,기타,맑음,0,10
2020,서울특별시 동대문구1,서울특별시 동대문구 용두동(시립동부병원앞교차로 부근),2020-05-29,08시,부상신고,여,24세,자전거,부상신고,남,63세,화물차,상해없음,차대차 - 측면충돌,중앙선 침범,맑음,0,10
2020,서울특별시 동대문구1,서울특별시 동대문구 용두동(시립동부병원앞교차로 부근),2020-06-05,08시,경상,남,59세,자전거,경상,남,51세,화물차,상해없음,차대차 - 기타,기타,맑음,0,10
2020,서울특별시 동대문구1,서울특별시 동대문구 용두동(시립동부병원앞교차로 부근),2020-07-20,17시,경상,남,62세,화물차,상해없음,남,73세,자전거,경상,차대차 - 기타,안전운전 의무 불이행,흐림,0,10
2020,서울특별시 동대문구1,서울특별시 동대문구 용두동(시립동부병원앞교차로 부근),2020-08-13,08시,경상,여,23세,자전거,경상,남,47세,화물차,상해없음,차대차 - 측면충돌,기타,맑음,0,10
2020,서울특별시 동대문구1,서울특별시 동대문구 용두동(시립동부병원앞교차로 부근),2020-11-12,14시,경상,남,60세,자전거,경상,남,44세,화물차,상해없음,차대차 - 측면충돌,중앙선 침범,맑음,0,10
2020,서울특별시 동대문구1,서울특별시 동대문구 용두동(시립동부병원앞교차로 부근),2020-12-30,18시,경상,남,67세,자전거,경상,남,41세,이륜차,경상,차대차 - 측면충돌,안전운전 의무 불이행,맑음,0,10
2020,서울특별시 동대문구2,서울특별시 동대문구 장안동(화승상사 부근),2020-03-20,19시,중상,남,58세,자전거,중상,남,52세,화물차,상해없음,차대차 - 측면충돌,중앙선 침범,맑음,0,8
2020,서울특별시 동대문구2,서울특별시 동대문구 장안동(화승상사 부근),2020-05-20,18시,경상,남,33세,자전거,경상,남,49세,승용차,상해없음,차대차 - 측면충돌,안전운전 의무 불이행,맑음,0,8
2020,서울특별시 동대문구2,서울특별시 동대문구 장안동(화승상사 부근),2020-07-07,16시,부상신고,남,66세,자전거,부상신고,남,70세,승용차,상해없음,차대차 - 기타,안전운전 의무 불이행,맑음,0,8
2020,서울특별시 동대문구2,서울특별시 동대문구 장안동(화승상사 부근),2020-07-31,20시,중상,남,68세,자전거,중상,여,27세,자전거,경상,차대차 - 추돌,기타,맑음,0,8
2020,서울특별시 동대문구2,서울특별시 동대문구 장안동(화승상사 부근),2020-10-28,12시,경상,남,47세,자전거,경상,남,60세,보행자,상해없음,차대사람 - 차도통행중,안전운전 의무 불이행,맑음,0,8
2020,서울특별시 동대문구2,서울특별시 동대문구 장안동(화승상사 부근),2020-11-07,09시,경상,여,71세,자전거,경상,남,38세,승용차,상해없음,차대차 - 기타,중앙선 침범,맑음,0,8
2020,서울특별시 동대문구2,서울특별시 동대문구 장안동(화승상사 부근),2020-12-08,19시,경상,남,19세,자전거,상해없음,남,38세,이륜차,경상,차대차 - 기타,중앙선 침범,기타/불명,0,8
2020,서울특별시 동대문구3,서울특별시 동대문구 제기동(경동시장앞교차로 부근),2020-01-09,12시,부상신고,남,72세,자전거,부상신고,남,64세,승용차,상해없음,차대차 - 추돌,안전운전 의무 불이행,맑음,0,7
2020,서울특별시 동대문구3,서울특별시 동대문구 제기동(경동시장앞교차로 부근),2020-01-29,15시,부상신고,남,53세,승용차,상해없음,남,80세,자전거,부상신고,차대차 - 추돌,안전거리 미확보,맑음,0,7
2020,서울특별시 동대문구3,서울특별시 동대문구 제기동(경동시장앞교차로 부근),2020-03-05,10시,중상,남,78세,자전거,중상,남,35세,승용차,기타불명,차대차 - 측면충돌,안전운전 의무 불이행,맑음,0,7
2020,서울특별시 동대문구3,서울특별시 동대문구 제기동(경동시장앞교차로 부근),2020-03-07,18시,경상,남,69세,자전거,상해없음,남,42세,이륜차,경상,차대차 - 측면충돌,기타,맑음,0,7
2020,서울특별시 동대문구3,서울특별시 동대문구 제기동(경동시장앞교차로 부근),2020-03-10,22시,경상,여,28세,자전거,경상,남,61세,승용차,상해없음,차대차 - 기타,안전운전 의무 불이행,맑음,0,7
2020,서울특별시 동대문구3,서울특별시 동대문구 제기동(경동시장앞교차로 부근),2020-03-24,17시,부상신고,남,60세,자전거,부상신고,남,63세,승용차,상해없음,차대차 - 측면충돌,기타,맑음,0,7
2020,서울특별시 동대문구3,서울특별시 동대문구 제기동(경동시장앞교차로 부근),2020-04-07,18시,중상,남,46세,승합차,상해없음,남,76세,자전거,중상,차대차 - 측면충돌,안전운전 의무 불이행,맑음,0,7
2020,서울특별시 동대문구4,서울특별시 동대문구 용두동(동대문구청사거리 부근),2020-01-28,17시,경상,여,31세,자전거,경상,남,59세,승용차,상해없음,차대차 - 기타,안전운전 의무 불이행,맑음,0,7
2020,서울특별시 동대문구4,서울특별시 동대문구 용두동(동대문구청사거리 부근),2020-03-17,14시,부상신고,여,26세,자전거,부상신고,남,56세,승합차,상해없음,차대차 - 측면충돌,안전운전 의무 불이행,맑음,0,7
2020,서울특별시 동대문구4,서울특별시 동대문구 용두동(동대문구청사거리 부근),2020-04-10,22시,중상,남,28세,승용차,상해없음,여,15세,자전거,중상,차대차 - 측면충돌,안전운전 의무 불이행,맑음,0,7
2020,서울특별시 동대문구4,서울특별시 동대문구 용두동(동대문구청사거리 부근),2020-06-18,17시,경상,남,71세,자전거,상해없음,남,78세,자전거,경상,차대차 - 기타,안전운전 의무 불이행,맑음,0,7
2020,서울특별시 동대문구4,서울특별시 동대문구 용두동(동대문구청사거리 부근),2020-10-12,15시,경상,남,62세,자전거,경상,남,60세,화물차,상해없음,차대차 - 기타,안전운전 의무 불이행,맑음,0,7
2020,서울특별시 동대문구4,서울특별시 동대문구 용두동(동대문구청사거리 부근),2020-11-25,14시,부상신고,남,54세,자전거,부상신고,남,59세,화물차,상해없음,차대차 - 기타,안전운전 의무 불이행,맑음,0,7
2020,서울특별시 동대문구4,서울특별시 동대문구 용두동(동대문구청사거리 부근),2020-12-15,14시,경상,남,39세,승용차,상해없음,남,54세,자전거,경상,차대차 - 측면충돌,신호위반,맑음,0,7
2020,서울특별시 동대문구5,서울특별시 동대문구 답십리동(신답역앞교차로 부근),2020-01-17,14시,중상,남,60세,승용차,상해없음,여,64세,자전거,중상,차대차 - 측면충돌,신호위반,맑음,0,6
2020,서울특별시 동대문구5,서울특별시 동대문구 답십리동(신답역앞교차로 부근),2020-02-21,08시,중상,남,54세,화물차,상해없음,남,61세,자전거,중상,차대차 - 기타,교차로 통행방법 위반,흐림,0,6
2020,서울특별시 동대문구5,서울특별시 동대문구 답십리동(신답역앞교차로 부근),2020-03-16,18시,부상신고,남,65세,자전거,부상신고,남,58세,승용차,상해없음,차대차 - 측면충돌,안전운전 의무 불이행,맑음,0,6
2020,서울특별시 동대문구5,서울특별시 동대문구 답십리동(신답역앞교차로 부근),2020-05-30,06시,부상신고,남,71세,자전거,부상신고,남,60세,화물차,상해없음,차대차 - 기타,안전운전 의무 불이행,맑음,0,6
2020,서울특별시 동대문구5,서울특별시 동대문구 답십리동(신답역앞교차로 부근),2020-07-08,22시,중상,남,65세,화물차,상해없음,남,23세,자전거,중상,차대차 - 추돌,신호위반,맑음,0,6
2020,서울특별시 동대문구5,서울특별시 동대문구 답십리동(신답역앞교차로 부근),2020-11-03,03시,경상,남,73세,승용차,상해없음,남,22세,자전거,경상,차대차 - 측면충돌,안전운전 의무 불이행,기타/불명,0,6
2020,서울특별시 동대문구6,서울특별시 동대문구 청량리동(성바오로병원앞교차로 부근),2020-03-28,17시,경상,남,64세,자전거,경상,여,62세,승용차,상해없음,차대차 - 기타,신호위반,맑음,0,7
2020,서울특별시 동대문구6,서울특별시 동대문구 청량리동(성바오로병원앞교차로 부근),2020-04-28,11시,중상,남,83세,자전거,중상,없음,불명,없음,없음,차량단독 - 기타,안전운전 의무 불이행,맑음,0,7
2020,서울특별시 동대문구6,서울특별시 동대문구 청량리동(성바오로병원앞교차로 부근),2020-06-05,16시,경상,남,63세,화물차,상해없음,남,65세,자전거,경상,차대차 - 기타,교차로 통행방법 위반,맑음,0,7
2020,서울특별시 동대문구6,서울특별시 동대문구 청량리동(성바오로병원앞교차로 부근),2020-07-07,19시,경상,남,51세,자전거,경상,없음,불명,없음,없음,차량단독 - 기타,안전운전 의무 불이행,맑음,0,7
2020,서울특별시 동대문구6,서울특별시 동대문구 청량리동(성바오로병원앞교차로 부근),2020-08-13,18시,경상,남,58세,자전거,상해없음,여,55세,보행자,경상,차대사람 - 횡단중,보행자 보호의무 위반,맑음,0,7
2020,서울특별시 동대문구6,서울특별시 동대문구 청량리동(성바오로병원앞교차로 부근),2020-09-17,02시,경상,남,27세,원동기장치자전거,상해없음,남,70세,자전거,경상,차대차 - 측면충돌,신호위반,맑음,0,7
2020,서울특별시 동대문구7,서울특별시 동대문구 제기동(식당재료유통할인 부근),2020-04-16,10시,부상신고,여,78세,자전거,부상신고,남,17세,이륜차,상해없음,차대차 - 측면충돌,안전운전 의무 불이행,맑음,0,6
2020,서울특별시 동대문구7,서울특별시 동대문구 제기동(식당재료유통할인 부근),2020-04-20,14시,경상,남,59세,승용차,상해없음,남,59세,자전거,경상,차대차 - 후진중충돌,안전운전 의무 불이행,맑음,0,6
2020,서울특별시 동대문구7,서울특별시 동대문구 제기동(식당재료유통할인 부근),2020-04-25,17시,부상신고,남,64세,승용차,상해없음,남,74세,자전거,부상신고,차대차 - 기타,안전운전 의무 불이행,맑음,0,6
2020,서울특별시 동대문구7,서울특별시 동대문구 제기동(식당재료유통할인 부근),2020-09-27,21시,부상신고,여,64세,자전거,부상신고,남,16세,이륜차,상해없음,차대차 - 기타,기타,기타/불명,0,6
2020,서울특별시 동대문구7,서울특별시 동대문구 제기동(식당재료유통할인 부근),2020-10-29,12시,경상,남,28세,자전거,상해없음,여,79세,보행자,경상,차대사람 - 횡단중,기타,맑음,0,6
2020,서울특별시 동대문구7,서울특별시 동대문구 제기동(식당재료유통할인 부근),2020-11-20,15시,경상,여,74세,자전거,경상,남,65세,보행자,상해없음,차대사람 - 기타,안전운전 의무 불이행,맑음,0,6
2020,서울특별시 동대문구8,서울특별시 동대문구 용두동(마장IC 부근),2020-03-29,17시,경상,여,47세,자전거,경상,여,67세,보행자,경상,차대사람 - 횡단중,안전운전 의무 불이행,맑음,0,6
2020,서울특별시 동대문구8,서울특별시 동대문구 용두동(마장IC 부근),2020-06-26,12시,경상,남,55세,화물차,상해없음,남,76세,자전거,경상,차대차 - 기타,기타,맑음,0,6
2020,서울특별시 동대문구8,서울특별시 동대문구 용두동(마장IC 부근),2020-09-01,18시,중상,남,63세,자전거,상해없음,여,55세,보행자,중상,차대사람 - 기타,안전운전 의무 불이행,흐림,0,6
2020,서울특별시 동대문구8,서울특별시 동대문구 용두동(마장IC 부근),2020-09-08,21시,중상,남,58세,자전거,중상,여,36세,자전거,상해없음,차대차 - 기타,안전운전 의무 불이행,맑음,0,6
2020,서울특별시 동대문구8,서울특별시 동대문구 용두동(마장IC 부근),2020-10-19,18시,경상,남,64세,자전거,상해없음,여,61세,보행자,경상,차대사람 - 기타,안전운전 의무 불이행,맑음,0,6
2020,서울특별시 동대문구9,서울특별시 동대문구 전농동(배봉초교앞교차로 부근),2020-01-08,08시,경상,여,62세,자전거,경상,남,53세,승용차,상해없음,차대차 - 기타,안전운전 의무 불이행,맑음,0,5
2020,서울특별시 동대문구9,서울특별시 동대문구 전농동(배봉초교앞교차로 부근),2020-07-12,13시,경상,남,50세,승용차,상해없음,여,18세,자전거,경상,차대차 - 측면충돌,안전운전 의무 불이행,맑음,0,5
2020,서울특별시 동대문구9,서울특별시 동대문구 전농동(배봉초교앞교차로 부근),2020-10-10,02시,중상,여,73세,승용차,상해없음,여,15세,자전거,중상,차대차 - 측면충돌,안전운전 의무 불이행,맑음,0,5
2020,서울특별시 동대문구9,서울특별시 동대문구 전농동(배봉초교앞교차로 부근),2020-11-27,15시,경상,남,75세,승용차,상해없음,여,69세,자전거,경상,차대차 - 측면충돌,안전거리 미확보,맑음,0,5
2020,서울특별시 동대문구9,서울특별시 동대문구 전농동(배봉초교앞교차로 부근),2020-12-04,15시,중상,남,44세,이륜차,상해없음,여,59세,자전거,중상,차대차 - 기타,안전거리 미확보,맑음,0,5
2020,서울특별시 동대문구10,서울특별시 동대문구 휘경동(회기역앞교차로 부근),2020-06-11,06시,중상,여,56세,자전거,중상,남,36세,승합차,상해없음,차대차 - 기타,안전운전 의무 불이행,맑음,0,4
2020,서울특별시 동대문구10,서울특별시 동대문구 휘경동(회기역앞교차로 부근),2020-08-24,14시,중상,남,22세,승용차,상해없음,남,14세,자전거,중상,차대차 - 측면충돌,안전운전 의무 불이행,맑음,0,4
2020,서울특별시 동대문구10,서울특별시 동대문구 휘경동(회기역앞교차로 부근),2020-11-08,16시,부상신고,남,60세,자전거,부상신고,남,52세,승용차,상해없음,차대차 - 기타,안전운전 의무 불이행,맑음,0,4
2020,서울특별시 동대문구10,서울특별시 동대문구 휘경동(회기역앞교차로 부근),2020-12-07,08시,중상,남,66세,승용차,상해없음,여,30세,자전거,중상,차대차 - 기타,기타,맑음,0,4
2020,서울특별시 동대문구11,서울특별시 동대문구 이문동(이문대림아파트 부근),2020-02-05,04시,경상,남,53세,자전거,경상,남,61세,승용차,상해없음,차대차 - 측면충돌,중앙선 침범,맑음,0,4
2020,서울특별시 동대문구11,서울특별시 동대문구 이문동(이문대림아파트 부근),2020-04-02,08시,중상,남,33세,화물차,상해없음,남,78세,자전거,중상,차대차 - 기타,안전거리 미확보,맑음,0,4
2020,서울특별시 동대문구11,서울특별시 동대문구 이문동(이문대림아파트 부근),2020-07-10,15시,경상,남,54세,화물차,상해없음,여,8세,자전거,경상,차대차 - 기타,안전운전 의무 불이행,맑음,0,4
2020,서울특별시 동대문구11,서울특별시 동대문구 이문동(이문대림아파트 부근),2020-07-14,17시,경상,남,52세,자전거,기타불명,여,68세,보행자,경상,차대사람 - 차도통행중,안전운전 의무 불이행,맑음,0,4
2020,서울특별시 중랑구1,서울특별시 중랑구 상봉동(상봉시장앞 부근),2020-02-19,08시,경상,남,47세,승용차,상해없음,남,28세,자전거,경상,차대차 - 측면충돌,교차로 통행방법 위반,맑음,0,12
2020,서울특별시 중랑구1,서울특별시 중랑구 상봉동(상봉시장앞 부근),2020-02-26,21시,경상,남,68세,승용차,기타불명,여,51세,자전거,경상,차대차 - 추돌,안전운전 의무 불이행,맑음,0,12
2020,서울특별시 중랑구1,서울특별시 중랑구 상봉동(상봉시장앞 부근),2020-03-15,17시,중상,남,45세,승용차,상해없음,남,59세,자전거,중상,차대차 - 측면충돌,기타,맑음,0,12
2020,서울특별시 중랑구1,서울특별시 중랑구 상봉동(상봉시장앞 부근),2020-04-07,19시,부상신고,기타불명,불명,불명,기타불명,남,76세,자전거,부상신고,차대차 - 측면충돌,안전운전 의무 불이행,맑음,0,12
2020,서울특별시 중랑구1,서울특별시 중랑구 상봉동(상봉시장앞 부근),2020-06-29,16시,중상,남,71세,자전거,중상,여,42세,승합차,상해없음,차대차 - 기타,신호위반,맑음,0,12
2020,서울특별시 중랑구1,서울특별시 중랑구 상봉동(상봉시장앞 부근),2020-07-16,10시,경상,남,55세,화물차,상해없음,여,27세,자전거,경상,차대차 - 기타,안전운전 의무 불이행,맑음,0,12
2020,서울특별시 중랑구1,서울특별시 중랑구 상봉동(상봉시장앞 부근),2020-07-31,20시,부상신고,남,10세,자전거,부상신고,없음,불명,없음,없음,차량단독 - 기타,안전운전 의무 불이행,흐림,0,12
2020,서울특별시 중랑구1,서울특별시 중랑구 상봉동(상봉시장앞 부근),2020-09-14,19시,경상,남,36세,승용차,상해없음,남,58세,자전거,경상,차대차 - 측면충돌,안전운전 의무 불이행,맑음,0,12
2020,서울특별시 중랑구1,서울특별시 중랑구 상봉동(상봉시장앞 부근),2020-10-12,16시,중상,남,68세,승용차,상해없음,여,52세,자전거,중상,차대차 - 기타,기타,맑음,0,12
2020,서울특별시 중랑구1,서울특별시 중랑구 상봉동(상봉시장앞 부근),2020-10-29,20시,중상,남,31세,자전거,중상,여,56세,보행자,중상,차대사람 - 횡단중,안전운전 의무 불이행,맑음,0,12
2020,서울특별시 중랑구1,서울특별시 중랑구 상봉동(상봉시장앞 부근),2020-12-31,17시,경상,남,73세,자전거,경상,남,68세,승용차,상해없음,차대차 - 기타,신호위반,맑음,0,12
2020,서울특별시 중랑구2,서울특별시 중랑구 면목동(면목2동사거리 부근),2020-01-09,19시,경상,남,73세,자전거,경상,남,51세,화물차,상해없음,차대차 - 측면충돌,교차로 통행방법 위반,맑음,0,9
2020,서울특별시 중랑구2,서울특별시 중랑구 면목동(면목2동사거리 부근),2020-01-27,17시,중상,남,37세,승용차,상해없음,남,53세,자전거,중상,차대차 - 기타,기타,흐림,0,9
2020,서울특별시 중랑구2,서울특별시 중랑구 면목동(면목2동사거리 부근),2020-02-03,08시,부상신고,여,24세,자전거,부상신고,남,34세,이륜차,상해없음,차대차 - 측면충돌,안전운전 의무 불이행,맑음,0,9
2020,서울특별시 중랑구2,서울특별시 중랑구 면목동(면목2동사거리 부근),2020-02-21,04시,부상신고,남,55세,자전거,부상신고,남,61세,승용차,상해없음,차대차 - 측면충돌,중앙선 침범,맑음,0,9
2020,서울특별시 중랑구2,서울특별시 중랑구 면목동(면목2동사거리 부근),2020-02-24,11시,경상,남,72세,화물차,상해없음,남,12세,자전거,경상,차대차 - 기타,기타,맑음,0,9
2020,서울특별시 중랑구2,서울특별시 중랑구 면목동(면목2동사거리 부근),2020-05-11,09시,경상,남,61세,이륜차,상해없음,여,59세,자전거,경상,차대차 - 측면충돌,신호위반,맑음,0,9
2020,서울특별시 중랑구2,서울특별시 중랑구 면목동(면목2동사거리 부근),2020-06-17,17시,부상신고,남,70세,자전거,부상신고,남,63세,승용차,상해없음,차대차 - 기타,기타,맑음,0,9
2020,서울특별시 중랑구2,서울특별시 중랑구 면목동(면목2동사거리 부근),2020-07-21,15시,경상,여,82세,승용차,상해없음,남,11세,자전거,경상,차대차 - 정면충돌,안전운전 의무 불이행,맑음,0,9
2020,서울특별시 중랑구2,서울특별시 중랑구 면목동(면목2동사거리 부근),2020-10-20,10시,경상,남,66세,승용차,상해없음,남,74세,자전거,경상,차대차 - 기타,안전운전 의무 불이행,맑음,0,9
2020,서울특별시 중랑구3,서울특별시 중랑구 면목동(겸재작은도서관 부근),2020-04-30,14시,경상,남,17세,자전거,부상신고,여,3세,보행자,경상,차대사람 - 기타,안전운전 의무 불이행,맑음,0,11
2020,서울특별시 중랑구3,서울특별시 중랑구 면목동(겸재작은도서관 부근),2020-05-30,11시,경상,남,29세,자전거,상해없음,여,59세,자전거,경상,차대차 - 기타,안전운전 의무 불이행,맑음,0,11
2020,서울특별시 중랑구3,서울특별시 중랑구 면목동(겸재작은도서관 부근),2020-06-19,20시,부상신고,여,60세,자전거,부상신고,기타불명,불명,불명,기타불명,차대차 - 추돌,안전거리 미확보,맑음,0,11
2020,서울특별시 중랑구3,서울특별시 중랑구 면목동(겸재작은도서관 부근),2020-08-21,19시,경상,남,26세,자전거,경상,여,26세,자전거,경상,차대차 - 기타,안전운전 의무 불이행,맑음,0,11
2020,서울특별시 중랑구3,서울특별시 중랑구 면목동(겸재작은도서관 부근),2020-09-25,06시,중상,남,54세,자전거,상해없음,여,69세,보행자,중상,차대사람 - 보도통행중,안전운전 의무 불이행,흐림,0,11
2020,서울특별시 중랑구3,서울특별시 중랑구 면목동(겸재작은도서관 부근),2020-10-04,17시,중상,남,74세,자전거,상해없음,여,68세,자전거,중상,차대차 - 측면충돌,안전운전 의무 불이행,맑음,0,11
2020,서울특별시 중랑구3,서울특별시 중랑구 면목동(겸재작은도서관 부근),2020-10-07,21시,경상,남,21세,자전거,경상,남,31세,자전거,경상,차대차 - 기타,안전운전 의무 불이행,맑음,0,11
2020,서울특별시 중랑구3,서울특별시 중랑구 면목동(겸재작은도서관 부근),2020-12-29,11시,부상신고,기타불명,불명,자전거,기타불명,여,51세,보행자,부상신고,차대사람 - 횡단중,안전운전 의무 불이행,맑음,0,11
2020,서울특별시 중랑구4,서울특별시 중랑구 망우동(망우사거리 부근),2020-02-23,20시,중상,남,22세,승용차,상해없음,여,72세,자전거,중상,차대차 - 추돌,안전운전 의무 불이행,맑음,0,6
2020,서울특별시 중랑구4,서울특별시 중랑구 망우동(망우사거리 부근),2020-03-01,12시,경상,남,67세,승용차,상해없음,남,66세,자전거,경상,차대차 - 기타,기타,맑음,0,6
2020,서울특별시 중랑구4,서울특별시 중랑구 망우동(망우사거리 부근),2020-05-12,18시,중상,남,63세,자전거,중상,여,35세,승용차,상해없음,차대차 - 기타,안전운전 의무 불이행,맑음,0,6
2020,서울특별시 중랑구4,서울특별시 중랑구 망우동(망우사거리 부근),2020-06-12,06시,부상신고,남,31세,승용차,상해없음,남,59세,자전거,부상신고,차대차 - 측면충돌,안전운전 의무 불이행,맑음,0,6
2020,서울특별시 중랑구4,서울특별시 중랑구 망우동(망우사거리 부근),2020-11-12,11시,경상,남,74세,자전거,경상,남,58세,화물차,상해없음,차대차 - 측면충돌,안전운전 의무 불이행,맑음,0,6
2020,서울특별시 중랑구4,서울특별시 중랑구 망우동(망우사거리 부근),2020-11-28,19시,경상,남,53세,승용차,상해없음,남,66세,자전거,경상,차대차 - 후진중충돌,기타,맑음,0,6
2020,서울특별시 중랑구5,서울특별시 중랑구 중화동(태능시장 부근),2020-04-25,13시,경상,남,65세,자전거,상해없음,남,42세,이륜차,경상,차대차 - 기타,안전운전 의무 불이행,맑음,0,7
2020,서울특별시 중랑구5,서울특별시 중랑구 중화동(태능시장 부근),2020-06-01,18시,부상신고,남,67세,승용차,상해없음,남,5세,자전거,부상신고,차대차 - 측면충돌,안전운전 의무 불이행,맑음,0,7
2020,서울특별시 중랑구5,서울특별시 중랑구 중화동(태능시장 부근),2020-07-11,21시,중상,남,29세,이륜차,부상신고,남,55세,자전거,중상,차대차 - 기타,교차로 통행방법 위반,맑음,0,7
2020,서울특별시 중랑구5,서울특별시 중랑구 중화동(태능시장 부근),2020-09-23,11시,경상,남,64세,승합차,상해없음,남,10세,자전거,경상,차대차 - 기타,안전운전 의무 불이행,맑음,0,7
2020,서울특별시 중랑구5,서울특별시 중랑구 중화동(태능시장 부근),2020-10-25,18시,중상,남,77세,자전거,중상,남,48세,이륜차,상해없음,차대차 - 정면충돌,중앙선 침범,맑음,0,7
2020,서울특별시 중랑구5,서울특별시 중랑구 중화동(태능시장 부근),2020-11-19,09시,부상신고,남,56세,자전거,부상신고,남,56세,화물차,상해없음,차대차 - 측면충돌,신호위반,비,0,7
2020,서울특별시 중랑구6,서울특별시 중랑구 중화동(대원메디컬빌딩 부근),2020-02-27,13시,중상,여,63세,자전거,중상,남,65세,승용차,상해없음,차대차 - 기타,기타,맑음,0,6
2020,서울특별시 중랑구6,서울특별시 중랑구 중화동(대원메디컬빌딩 부근),2020-03-27,09시,부상신고,여,56세,자전거,부상신고,남,52세,화물차,상해없음,차대차 - 측면충돌,기타,맑음,0,6
2020,서울특별시 중랑구6,서울특별시 중랑구 중화동(대원메디컬빌딩 부근),2020-04-04,16시,경상,남,82세,자전거,경상,남,25세,이륜차,상해없음,차대차 - 정면충돌,안전운전 의무 불이행,맑음,0,6
2020,서울특별시 중랑구6,서울특별시 중랑구 중화동(대원메디컬빌딩 부근),2020-05-13,20시,경상,남,31세,화물차,상해없음,여,48세,자전거,경상,차대차 - 측면충돌,안전운전 의무 불이행,맑음,0,6
2020,서울특별시 중랑구6,서울특별시 중랑구 중화동(대원메디컬빌딩 부근),2020-09-01,12시,부상신고,남,15세,자전거,부상신고,여,37세,승용차,상해없음,차대차 - 기타,기타,맑음,0,6
2020,서울특별시 중랑구6,서울특별시 중랑구 중화동(대원메디컬빌딩 부근),2020-11-05,18시,중상,남,64세,승합차,상해없음,남,72세,자전거,중상,차대차 - 기타,안전운전 의무 불이행,맑음,0,6
2020,서울특별시 중랑구7,서울특별시 중랑구 신내동(중랑소방서앞교차로 부근),2020-03-22,19시,중상,남,61세,자전거,중상,남,72세,승용차,상해없음,차대차 - 정면충돌,안전운전 의무 불이행,맑음,0,6
2020,서울특별시 중랑구7,서울특별시 중랑구 신내동(중랑소방서앞교차로 부근),2020-04-08,17시,경상,남,67세,승용차,상해없음,여,30세,자전거,경상,차대차 - 측면충돌,안전운전 의무 불이행,맑음,0,6
2020,서울특별시 중랑구7,서울특별시 중랑구 신내동(중랑소방서앞교차로 부근),2020-06-29,13시,경상,기타불명,불명,불명,기타불명,여,48세,자전거,경상,차대차 - 기타,안전운전 의무 불이행,맑음,0,6
2020,서울특별시 중랑구7,서울특별시 중랑구 신내동(중랑소방서앞교차로 부근),2020-07-08,21시,경상,남,46세,자전거,경상,남,32세,승용차,상해없음,차대차 - 추돌,기타,맑음,0,6
2020,서울특별시 중랑구7,서울특별시 중랑구 신내동(중랑소방서앞교차로 부근),2020-10-17,19시,경상,남,39세,화물차,기타불명,남,62세,자전거,경상,차대차 - 측면충돌,신호위반,맑음,0,6
2020,서울특별시 중랑구7,서울특별시 중랑구 신내동(중랑소방서앞교차로 부근),2020-11-30,19시,경상,남,29세,자전거,경상,남,72세,승합차,상해없음,차대차 - 기타,안전운전 의무 불이행,맑음,0,6
2020,서울특별시 중랑구8,서울특별시 중랑구 면목동(중랑전화국앞교차로 부근),2020-01-14,14시,경상,남,46세,화물차,상해없음,남,89세,자전거,경상,차대차 - 기타,기타,맑음,0,5
2020,서울특별시 중랑구8,서울특별시 중랑구 면목동(중랑전화국앞교차로 부근),2020-05-27,07시,부상신고,남,57세,자전거,부상신고,남,65세,승합차,상해없음,차대차 - 기타,안전거리 미확보,맑음,0,5
2020,서울특별시 중랑구8,서울특별시 중랑구 면목동(중랑전화국앞교차로 부근),2020-07-22,06시,중상,남,61세,승용차,상해없음,여,61세,자전거,중상,차대차 - 측면충돌,안전운전 의무 불이행,맑음,0,5
2020,서울특별시 중랑구8,서울특별시 중랑구 면목동(중랑전화국앞교차로 부근),2020-09-25,08시,중상,여,34세,자전거,중상,남,45세,승용차,상해없음,차대차 - 측면충돌,안전운전 의무 불이행,맑음,0,5
2020,서울특별시 중랑구8,서울특별시 중랑구 면목동(중랑전화국앞교차로 부근),2020-09-26,11시,경상,남,59세,화물차,상해없음,남,82세,자전거,경상,차대차 - 측면충돌,안전운전 의무 불이행,맑음,0,5