사고년도,다발시군구,지점명,사고일시,사고시간대,사고등급,가해자성별,가해자연령,가해차종,가해자신체상해정도,피해자성별,피해자연령,피해차종,피해자신체상해정도,사고유형,가해자법규위반,기상상태,사망자수,부상자수
2020,서울특별시 양천구1,서울특별시 양천구 목동(목동5단지교차로 부근),2020-06-09,21시,중상,남,16세,자전거,기타불명,여,24세,보행자,중상,차대사람 - 횡단중,보행자 보호의무 위반,맑음,0,6
2020,서울특별시 양천구1,서울특별시 양천구 목동(목동5단지교차로 부근),2020-09-03,20시,부상신고,남,17세,자전거,상해없음,여,37세,보행자,부상신고,차대사람 - 기타,안전운전 의무 불이행,맑음,0,6
2020,서울특별시 양천구2,서울특별시 양천구 신월동(월정초교앞교차로 부근),2020-04-10,11시,경상,남,72세,이륜차,경상,남,68세,자전거,경상,차대차 - 기타,신호위반,맑음,0,7
2020,서울특별시 양천구2,서울특별시 양천구 신월동(월정초교앞교차로 부근),2020-07-15,11시,중상,남,81세,자전거,중상,남,41세,이륜차,부상신고,차대차 - 기타,안전운전 의무 불이행,맑음,0,7
2020,서울특별시 양천구2,서울특별시 양천구 신월동(월정초교앞교차로 부근),2020-09-10,23시,경상,남,18세,자전거,경상,남,64세,승용차,상해없음,차대차 - 기타,안전운전 의무 불이행,맑음,0,7
2020,서울특별시 양천구2,서울특별시 양천구 신월동(월정초교앞교차로 부근),2020-09-18,16시,부상신고,남,69세,자전거,부상신고,여,48세,보행자,상해없음,차대사람 - 기타,안전운전 의무 불이행,맑음,0,7
2020,서울특별시 양천구2,서울특별시 양천구 신월동(월정초교앞교차로 부근),2020-10-10,11시,부상신고,남,15세,자전거,부상신고,남,67세,화물차,상해없음,차대차 - 측면충돌,안전운전 의무 불이행,맑음,0,7
2020,서울특별시 양천구3,서울특별시 양천구 신정동(신정네거리역앞교차로 부근),2020-02-21,14시,경상,여,35세,승용차,상해없음,남,50세,자전거,경상,차대차 - 기타,안전운전 의무 불이행,맑음,0,5
2020,서울특별시 양천구3,서울특별시 양천구 신정동(신정네거리역앞교차로 부근),2020-07-14,22시,경상,남,41세,승용차,상해없음,남,38세,자전거,경상,차대차 - 측면충돌,안전운전 의무 불이행,맑음,0,5
2020,서울특별시 양천구3,서울특별시 양천구 신정동(신정네거리역앞교차로 부근),2020-08-18,13시,경상,남,68세,화물차,상해없음,남,78세,자전거,경상,차대차 - 측면충돌,신호위반,맑음,0,5
2020,서울특별시 양천구3,서울특별시 양천구 신정동(신정네거리역앞교차로 부근),2020-11-20,21시,경상,여,54세,자전거,상해없음,여,72세,보행자,경상,차대사람 - 기타,기타,맑음,0,5
2020,서울특별시 양천구3,서울특별시 양천구 신정동(신정네거리역앞교차로 부근),2020-12-25,13시,경상,남,29세,승용차,상해없음,여,71세,자전거,경상,차대차 - 기타,기타,맑음,0,5
2020,서울특별시 양천구4,서울특별시 양천구 신월동(강월초교입구교차로 부근),2020-02-17,09시,부상신고,남,76세,자전거,부상신고,남,52세,승합차,상해없음,차대차 - 기타,안전운전 의무 불이행,맑음,1,3
2020,서울특별시 양천구4,서울특별시 양천구 신월동(강월초교입구교차로 부근),2020-05-11,12시,경상,남,52세,승용차,상해없음,남,44세,자전거,경상,차대차 - 기타,안전운전 의무 불이행,맑음,1,3
2020,서울특별시 양천구4,서울특별시 양천구 신월동(강월초교입구교차로 부근),2020-05-18,08시,사망,남,81세,자전거,사망,남,49세,승합차,상해없음,차대차 - 기타,안전운전 의무 불이행,맑음,1,3
2020,서울특별시 양천구4,서울특별시 양천구 신월동(강월초교입구교차로 부근),2020-11-20,15시,경상,남,70세,화물차,상해없음,남,75세,자전거,경상,차대차 - 기타,안전운전 의무 불이행,맑음,1,3
2020,서울특별시 양천구5,서울특별시 양천구 목동(오목교역교차로 부근),2020-02-05,00시,중상,남,52세,승용차,상해없음,남,32세,자전거,중상,차대차 - 추돌,안전운전 의무 불이행,맑음,0,5
2020,서울특별시 양천구5,서울특별시 양천구 목동(오목교역교차로 부근),2020-02-21,09시,부상신고,남,37세,자전거,부상신고,남,44세,승용차,상해없음,차대차 - 기타,안전운전 의무 불이행,맑음,0,5
2020,서울특별시 양천구5,서울특별시 양천구 목동(오목교역교차로 부근),2020-09-11,09시,경상,여,44세,자전거,경상,여,25세,자전거,경상,차대차 - 기타,안전운전 의무 불이행,맑음,0,5
2020,서울특별시 양천구5,서울특별시 양천구 목동(오목교역교차로 부근),2020-09-20,15시,경상,여,64세,자전거,상해없음,여,29세,자전거,경상,차대차 - 기타,안전운전 의무 불이행,맑음,0,5
2020,서울특별시 강서구1,서울특별시 강서구 화곡동(조흥은행등촌동지점 부근),2020-01-20,11시,경상,여,57세,승용차,상해없음,남,49세,자전거,경상,차대차 - 측면충돌,안전운전 의무 불이행,맑음,0,10
2020,서울특별시 강서구1,서울특별시 강서구 화곡동(조흥은행등촌동지점 부근),2020-02-25,19시,부상신고,남,34세,자전거,부상신고,기타불명,불명,불명,기타불명,차대차 - 기타,안전운전 의무 불이행,맑음,0,10
2020,서울특별시 강서구1,서울특별시 강서구 화곡동(조흥은행등촌동지점 부근),2020-03-12,05시,부상신고,남,68세,자전거,부상신고,남,57세,승용차,상해없음,차대차 - 기타,안전운전 의무 불이행,맑음,0,10
2020,서울특별시 강서구1,서울특별시 강서구 화곡동(조흥은행등촌동지점 부근),2020-03-17,13시,중상,남,70세,자전거,중상,여,34세,승용차,상해없음,차대차 - 기타,안전운전 의무 불이행,맑음,0,10
2020,서울특별시 강서구1,서울특별시 강서구 화곡동(조흥은행등촌동지점 부근),2020-05-08,19시,경상,남,43세,화물차,상해없음,남,55세,자전거,경상,차대차 - 기타,안전운전 의무 불이행,맑음,0,10
2020,서울특별시 강서구1,서울특별시 강서구 화곡동(조흥은행등촌동지점 부근),2020-07-02,20시,경상,여,31세,자전거,경상,남,72세,승용차,상해없음,차대차 - 측면충돌,기타,맑음,0,10
2020,서울특별시 강서구1,서울특별시 강서구 화곡동(조흥은행등촌동지점 부근),2020-07-20,16시,경상,여,54세,자전거,경상,남,21세,승용차,상해없음,차대차 - 측면충돌,안전운전 의무 불이행,맑음,0,10
2020,서울특별시 강서구1,서울특별시 강서구 화곡동(조흥은행등촌동지점 부근),2020-10-05,06시,중상,남,63세,승용차,상해없음,남,59세,자전거,중상,차대차 - 기타,안전운전 의무 불이행,맑음,0,10
2020,서울특별시 강서구1,서울특별시 강서구 화곡동(조흥은행등촌동지점 부근),2020-10-22,16시,경상,남,27세,자전거,상해없음,여,28세,보행자,경상,차대사람 - 횡단중,중앙선 침범,맑음,0,10
2020,서울특별시 강서구1,서울특별시 강서구 화곡동(조흥은행등촌동지점 부근),2020-11-12,11시,중상,남,26세,승용차,상해없음,남,77세,자전거,중상,차대차 - 기타,신호위반,맑음,0,10
2020,서울특별시 강서구2,서울특별시 강서구 내발산동(발산역앞교차로 부근),2020-03-19,12시,중상,남,45세,승용차,상해없음,남,75세,자전거,중상,차대차 - 측면충돌,안전운전 의무 불이행,맑음,0,4
2020,서울특별시 강서구2,서울특별시 강서구 내발산동(발산역앞교차로 부근),2020-04-15,10시,중상,남,28세,승용차,상해없음,남,11세,자전거,중상,차대차 - 기타,안전운전 의무 불이행,맑음,0,4
2020,서울특별시 강서구2,서울특별시 강서구 내발산동(발산역앞교차로 부근),2020-05-02,01시,중상,남,30세,승용차,상해없음,남,58세,자전거,중상,차대차 - 측면충돌,안전운전 의무 불이행,맑음,0,4
2020,서울특별시 강서구2,서울특별시 강서구 내발산동(발산역앞교차로 부근),2020-10-27,17시,경상,남,39세,자전거,경상,남,66세,승용차,상해없음,차대차 - 기타,안전운전 의무 불이행,맑음,0,4
2020,서울특별시 구로구1,서울특별시 구로구 구로동(이화우성아파트앞교차로 부근),2020-07-01,20시,부상신고,남,61세,자전거,부상신고,남,49세,승용차,상해없음,차대차 - 측면충돌,안전운전 의무 불이행,맑음,0,6
2020,서울특별시 구로구1,서울특별시 구로구 구로동(이화우성아파트앞교차로 부근),2020-07-17,20시,경상,남,59세,자전거,경상,남,57세,승합차,상해없음,차대차 - 측면충돌,안전거리 미확보,맑음,0,6
2020,서울특별시 구로구1,서울특별시 구로구 구로동(이화우성아파트앞교차로 부근),2020-10-13,19시,경상,남,45세,자전거,경상,남,29세,승용차,상해없음,차대차 - 측면충돌,중앙선 침범,맑음,0,6
2020,서울특별시 구로구1,서울특별시 구로구 구로동(이화우성아파트앞교차로 부근),2020-11-12,13시,경상,남,12세,자전거,경상,남,63세,승용차,상해없음,차대차 - 측면충돌,중앙선 침범,맑음,0,6
2020,서울특별시 구로구1,서울특별시 구로구 구로동(이화우성아파트앞교차로 부근),2020-11-14,18시,중상,남,82세,자전거,중상,남,54세,승용차,상해없음,차대차 - 기타,안전운전 의무 불이행,맑음,0,6
2020,서울특별시 구로구1,서울특별시 구로구 구로동(이화우성아파트앞교차로 부근),2020-11-23,16시,중상,여,57세,승용차,상해없음,여,36세,자전거,중상,차대차 - 후진중충돌,안전운전 의무 불이행,맑음,0,6
2020,서울특별시 구로구2,서울특별시 구로구 구로동(디지털단지입구교차로 부근),2020-02-11,08시,부상신고,남,41세,자전거,부상신고,남,67세,승용차,상해없음,차대차 - 기타,안전운전 의무 불이행,맑음,0,5
2020,서울특별시 구로구2,서울특별시 구로구 구로동(디지털단지입구교차로 부근),2020-02-18,17시,부상신고,남,42세,자전거,부상신고,남,28세,화물차,상해없음,차대차 - 측면충돌,중앙선 침범,맑음,0,5
2020,서울특별시 구로구2,서울특별시 구로구 구로동(디지털단지입구교차로 부근),2020-07-10,16시,경상,남,70세,승용차,상해없음,남,71세,자전거,경상,차대차 - 측면충돌,안전운전 의무 불이행,맑음,0,5
2020,서울특별시 구로구2,서울특별시 구로구 구로동(디지털단지입구교차로 부근),2020-08-21,09시,경상,남,57세,자전거,경상,남,27세,승용차,상해없음,차대차 - 기타,안전운전 의무 불이행,맑음,0,5
2020,서울특별시 구로구2,서울특별시 구로구 구로동(디지털단지입구교차로 부근),2020-12-31,14시,경상,남,66세,승용차,상해없음,남,59세,자전거,경상,차대차 - 기타,안전운전 의무 불이행,맑음,0,5
2020,서울특별시 구로구3,서울특별시 구로구 가리봉동(햇살무리예능선교원 부근),2020-03-04,11시,경상,남,73세,자전거,경상,남,66세,화물차,상해없음,차대차 - 측면충돌,안전거리 미확보,맑음,0,4
2020,서울특별시 구로구3,서울특별시 구로구 가리봉동(햇살무리예능선교원 부근),2020-06-30,15시,중상,남,47세,화물차,상해없음,남,67세,자전거,중상,차대차 - 측면충돌,안전운전 의무 불이행,맑음,0,4
2020,서울특별시 구로구3,서울특별시 구로구 가리봉동(햇살무리예능선교원 부근),2020-07-06,10시,중상,여,80세,자전거,중상,남,70세,승용차,상해없음,차대차 - 측면충돌,기타,맑음,0,4
2020,서울특별시 구로구3,서울특별시 구로구 가리봉동(햇살무리예능선교원 부근),2020-09-29,11시,중상,여,36세,자전거,상해없음,여,46세,보행자,중상,차대사람 - 보도통행중,기타,맑음,0,4
2020,서울특별시 구로구4,서울특별시 구로구 구로동(거리공원오거리 부근),2020-04-08,06시,중상,남,51세,자전거,중상,남,32세,승용차,상해없음,차대차 - 측면충돌,안전운전 의무 불이행,맑음,0,4
2020,서울특별시 구로구4,서울특별시 구로구 구로동(거리공원오거리 부근),2020-04-25,19시,경상,남,65세,승용차,상해없음,여,56세,자전거,경상,차대차 - 측면충돌,안전운전 의무 불이행,맑음,0,4
2020,서울특별시 구로구4,서울특별시 구로구 구로동(거리공원오거리 부근),2020-10-08,14시,경상,남,59세,화물차,상해없음,남,66세,자전거,경상,차대차 - 측면충돌,안전운전 의무 불이행,맑음,0,4
2020,서울특별시 구로구4,서울특별시 구로구 구로동(거리공원오거리 부근),2020-10-17,11시,중상,남,23세,승용차,상해없음,남,77세,자전거,중상,차대차 - 기타,신호위반,맑음,0,4
2020,서울특별시 구로구5,서울특별시 구로구 궁동(온수입구삼거리 부근),2020-02-22,12시,경상,남,52세,승용차,상해없음,남,45세,자전거,경상,차대차 - 측면충돌,신호위반,맑음,0,4
2020,서울특별시 구로구5,서울특별시 구로구 궁동(온수입구삼거리 부근),2020-09-17,21시,중상,여,16세,자전거,상해없음,여,63세,보행자,중상,차대사람 - 기타,안전운전 의무 불이행,맑음,0,4
2020,서울특별시 구로구5,서울특별시 구로구 궁동(온수입구삼거리 부근),2020-09-18,16시,경상,남,44세,승용차,상해없음,여,65세,자전거,경상,차대차 - 측면충돌,신호위반,맑음,0,4
2020,서울특별시 구로구5,서울특별시 구로구 궁동(온수입구삼거리 부근),2020-09-22,19시,경상,남,61세,자전거,경상,남,42세,이륜차,상해없음,차대차 - 측면충돌,기타,맑음,0,4
2020,서울특별시 구로구6,서울특별시 구로구 구로동(대림역 부근),2020-02-29,11시,경상,여,59세,자전거,상해없음,남,28세,승용차,경상,차대차 - 측면충돌,신호위반,맑음,0,4
2020,서울특별시 구로구6,서울특별시 구로구 구로동(대림역 부근),2020-03-21,14시,경상,남,42세,승합차,상해없음,남,55세,자전거,경상,차대차 - 측면충돌,안전운전 의무 불이행,맑음,0,4
2020,서울특별시 구로구6,서울특별시 구로구 구로동(대림역 부근),2020-10-17,13시,경상,남,65세,자전거,경상,남,74세,화물차,상해없음,차대차 - 측면충돌,안전운전 의무 불이행,맑음,0,4
2020,서울특별시 구로구6,서울특별시 구로구 구로동(대림역 부근),2020-12-13,09시,경상,남,62세,승용차,상해없음,남,49세,자전거,경상,차대차 - 기타,신호위반,흐림,0,4
2020,서울특별시 금천구1,서울특별시 금천구 가산동(금천구광명시 부근),2020-04-09,12시,중상,남,23세,자전거,상해없음,남,58세,자전거,중상,차대차 - 기타,안전운전 의무 불이행,맑음,0,5
2020,서울특별시 금천구1,서울특별시 금천구 가산동(금천구광명시 부근),2020-04-13,13시,경상,남,74세,자전거,상해없음,남,79세,자전거,경상,차대차 - 기타,안전운전 의무 불이행,맑음,0,5
2020,서울특별시 금천구1,서울특별시 금천구 가산동(금천구광명시 부근),2020-05-31,11시,경상,남,43세,자전거,상해없음,남,13세,자전거,경상,차대차 - 기타,안전운전 의무 불이행,맑음,0,5
2020,서울특별시 금천구1,서울특별시 금천구 가산동(금천구광명시 부근),2020-06-18,20시,중상,여,57세,자전거,상해없음,여,72세,보행자,중상,차대사람 - 기타,안전운전 의무 불이행,맑음,0,5
2020,서울특별시 금천구1,서울특별시 금천구 가산동(금천구광명시 부근),2020-08-03,11시,경상,남,66세,자전거,상해없음,여,67세,보행자,경상,차대사람 - 기타,안전운전 의무 불이행,비,0,5
2020,서울특별시 영등포구1,서울특별시 영등포구 양평동6가(강서구영등포구 부근),2020-04-06,10시,중상,남,43세,자전거,상해없음,여,68세,보행자,중상,차대사람 - 길가장자리구역통행중,안전운전 의무 불이행,맑음,0,16
2020,서울특별시 영등포구1,서울특별시 영등포구 양평동6가(강서구영등포구 부근),2020-04-26,16시,경상,남,53세,자전거,경상,여,33세,자전거,경상,차대차 - 측면충돌,안전운전 의무 불이행,맑음,0,16
2020,서울특별시 영등포구1,서울특별시 영등포구 양평동6가(강서구영등포구 부근),2020-05-02,11시,부상신고,남,61세,자전거,부상신고,기타불명,불명,불명,기타불명,차대차 - 추돌,안전운전 의무 불이행,맑음,0,16
2020,서울특별시 영등포구1,서울특별시 영등포구 양평동6가(강서구영등포구 부근),2020-05-24,21시,경상,남,23세,자전거,상해없음,남,56세,보행자,경상,차대사람 - 보도통행중,보행자 보호의무 위반,맑음,0,16
2020,서울특별시 영등포구1,서울특별시 영등포구 양평동6가(강서구영등포구 부근),2020-05-27,14시,중상,기타불명,불명,자전거,기타불명,남,76세,자전거,경상,차대차 - 기타,안전운전 의무 불이행,맑음,0,16
2020,서울특별시 영등포구1,서울특별시 영등포구 양평동6가(강서구영등포구 부근),2020-06-03,19시,경상,여,58세,자전거,경상,남,36세,자전거,경상,차대차 - 정면충돌,안전운전 의무 불이행,맑음,0,16
2020,서울특별시 영등포구1,서울특별시 영등포구 양평동6가(강서구영등포구 부근),2020-06-07,12시,경상,남,44세,자전거,상해없음,여,58세,자전거,경상,차대차 - 기타,안전운전 의무 불이행,맑음,0,16
2020,서울특별시 영등포구1,서울특별시 영등포구 양평동6가(강서구영등포구 부근),2020-07-08,07시,중상,남,65세,자전거,상해없음,남,73세,자전거,중상,차대차 - 기타,안전운전 의무 불이행,맑음,0,16
2020,서울특별시 영등포구1,서울특별시 영등포구 양평동6가(강서구영등포구 부근),2020-08-30,14시,경상,남,10세,자전거,경상,남,56세,자전거,경상,차대차 - 측면충돌,안전운전 의무 불이행,맑음,0,16
2020,서울특별시 영등포구1,서울특별시 영등포구 양평동6가(강서구영등포구 부근),2020-09-04,16시,부상신고,남,52세,자전거,부상신고,여,25세,자전거,상해없음,차대차 - 기타,안전운전 의무 불이행,맑음,0,16
2020,서울특별시 영등포구1,서울특별시 영등포구 양평동6가(강서구영등포구 부근),2020-09-20,15시,중상,남,15세,자전거,상해없음,남,68세,자전거,중상,차대차 - 추돌,안전운전 의무 불이행,맑음,0,16
2020,서울특별시 영등포구1,서울특별시 영등포구 양평동6가(강서구영등포구 부근),2020-10-04,16시,중상,기타불명,불명,자전거,기타불명,여,28세,자전거,중상,차대차 - 기타,안전운전 의무 불이행,맑음,0,16
2020,서울특별시 영등포구2,서울특별시 영등포구 양화동(롯데1급정비공장 부근),2020-03-22,09시,중상,여,52세,자전거,중상,남,8세,자전거,상해없음,차대차 - 기타,안전운전 의무 불이행,맑음,0,13
2020,서울특별시 영등포구2,서울특별시 영등포구 양화동(롯데1급정비공장 부근),2020-03-23,11시,경상,남,76세,자전거,경상,남,74세,자전거,상해없음,차대차 - 추돌,안전운전 의무 불이행,맑음,0,13
2020,서울특별시 영등포구2,서울특별시 영등포구 양화동(롯데1급정비공장 부근),2020-04-15,15시,경상,여,44세,자전거,부상신고,여,55세,보행자,경상,차대사람 - 기타,안전운전 의무 불이행,맑음,0,13
2020,서울특별시 영등포구2,서울특별시 영등포구 양화동(롯데1급정비공장 부근),2020-04-30,15시,부상신고,남,29세,자전거,부상신고,남,12세,자전거,상해없음,차대차 - 기타,안전거리 미확보,맑음,0,13
2020,서울특별시 영등포구2,서울특별시 영등포구 양화동(롯데1급정비공장 부근),2020-05-14,17시,중상,기타불명,불명,불명,기타불명,남,52세,자전거,중상,차대차 - 측면충돌,안전운전 의무 불이행,맑음,0,13
2020,서울특별시 영등포구2,서울특별시 영등포구 양화동(롯데1급정비공장 부근),2020-06-05,15시,경상,남,66세,자전거,경상,여,22세,보행자,경상,차대사람 - 횡단중,안전운전 의무 불이행,맑음,0,13
2020,서울특별시 영등포구2,서울특별시 영등포구 양화동(롯데1급정비공장 부근),2020-06-06,17시,경상,남,28세,자전거,상해없음,여,44세,자전거,경상,차대차 - 기타,안전운전 의무 불이행,맑음,0,13
2020,서울특별시 영등포구2,서울특별시 영등포구 양화동(롯데1급정비공장 부근),2020-07-02,10시,중상,남,31세,자전거,상해없음,여,26세,자전거,중상,차대차 - 기타,중앙선 침범,맑음,0,13
2020,서울특별시 영등포구2,서울특별시 영등포구 양화동(롯데1급정비공장 부근),2020-07-19,18시,부상신고,남,16세,자전거,상해없음,남,57세,자전거,부상신고,차대차 - 측면충돌,안전운전 의무 불이행,맑음,0,13
2020,서울특별시 영등포구2,서울특별시 영등포구 양화동(롯데1급정비공장 부근),2020-09-01,17시,중상,여,51세,자전거,중상,남,18세,자전거,경상,차대차 - 정면충돌,안전운전 의무 불이행,맑음,0,13
2020,서울특별시 영등포구3,서울특별시 영등포구 양평동4가(양평동사거리 부근),2020-01-03,19시,부상신고,남,26세,자전거,부상신고,남,61세,승용차,상해없음,차대차 - 측면충돌,안전운전 의무 불이행,맑음,0,6
2020,서울특별시 영등포구3,서울특별시 영등포구 양평동4가(양평동사거리 부근),2020-04-10,13시,경상,남,29세,승용차,상해없음,여,69세,자전거,경상,차대차 - 측면충돌,안전운전 의무 불이행,맑음,0,6
2020,서울특별시 영등포구3,서울특별시 영등포구 양평동4가(양평동사거리 부근),2020-06-06,22시,부상신고,남,13세,자전거,부상신고,남,63세,승용차,상해없음,차대차 - 측면충돌,기타,맑음,0,6
2020,서울특별시 영등포구3,서울특별시 영등포구 양평동4가(양평동사거리 부근),2020-06-21,16시,경상,여,30세,자전거,경상,남,36세,승용차,상해없음,차대차 - 기타,기타,맑음,0,6
2020,서울특별시 영등포구3,서울특별시 영등포구 양평동4가(양평동사거리 부근),2020-08-23,02시,경상,남,25세,자전거,경상,남,25세,승용차,상해없음,차대차 - 측면충돌,안전운전 의무 불이행,맑음,0,6
2020,서울특별시 영등포구3,서울특별시 영등포구 양평동4가(양평동사거리 부근),2020-10-22,19시,경상,남,19세,이륜차,상해없음,남,38세,자전거,경상,차대차 - 정면충돌,중앙선 침범,맑음,0,6
2020,서울특별시 영등포구4,서울특별시 영등포구 여의도동(여의하류IC 부근),2020-06-20,18시,부상신고,남,60세,자전거,상해없음,남,21세,자전거,부상신고,차대차 - 측면충돌,안전운전 의무 불이행,맑음,0,8
2020,서울특별시 영등포구4,서울특별시 영등포구 여의도동(여의하류IC 부근),2020-07-19,02시,중상,여,25세,자전거,경상,여,34세,자전거,중상,차대차 - 기타,안전운전 의무 불이행,맑음,0,8
2020,서울특별시 영등포구4,서울특별시 영등포구 여의도동(여의하류IC 부근),2020-08-30,19시,중상,여,28세,자전거,상해없음,남,28세,자전거,경상,차대차 - 측면충돌,안전운전 의무 불이행,맑음,0,8
2020,서울특별시 영등포구4,서울특별시 영등포구 여의도동(여의하류IC 부근),2020-08-31,16시,중상,여,23세,자전거,상해없음,여,54세,자전거,중상,차대차 - 기타,안전운전 의무 불이행,맑음,0,8
2020,서울특별시 영등포구4,서울특별시 영등포구 여의도동(여의하류IC 부근),2020-09-20,16시,경상,남,70세,자전거,경상,남,41세,자전거,경상,차대차 - 정면충돌,안전운전 의무 불이행,맑음,0,8
2020,서울특별시 영등포구5,서울특별시 영등포구 문래동6가(관악고등학교 부근),2020-04-04,17시,중상,남,37세,자전거,상해없음,여,14세,자전거,중상,차대차 - 기타,안전운전 의무 불이행,맑음,0,7
2020,서울특별시 영등포구5,서울특별시 영등포구 문래동6가(관악고등학교 부근),2020-05-20,17시,경상,여,33세,자전거,부상신고,남,2세,보행자,경상,차대사람 - 횡단중,안전운전 의무 불이행,맑음,0,7
2020,서울특별시 영등포구5,서울특별시 영등포구 문래동6가(관악고등학교 부근),2020-05-28,20시,중상,남,67세,자전거,상해없음,남,53세,자전거,중상,차대차 - 기타,안전운전 의무 불이행,맑음,0,7
2020,서울특별시 영등포구5,서울특별시 영등포구 문래동6가(관악고등학교 부근),2020-09-05,14시,경상,여,47세,자전거,경상,남,61세,자전거,경상,차대차 - 측면충돌,안전운전 의무 불이행,맑음,0,7
2020,서울특별시 영등포구5,서울특별시 영등포구 문래동6가(관악고등학교 부근),2020-09-10,17시,중상,남,50세,자전거,중상,남,19세,자전거,상해없음,차대차 - 측면충돌,안전운전 의무 불이행,맑음,0,7
2020,서울특별시 영등포구6,서울특별시 영등포구 양평동(오목교 부근),2020-03-05,15시,중상,남,15세,자전거,경상,여,64세,보행자,중상,차대사람 - 기타,안전운전 의무 불이행,맑음,0,7
2020,서울특별시 영등포구6,서울특별시 영등포구 양평동(오목교 부근),2020-04-11,16시,중상,남,73세,자전거,상해없음,남,46세,자전거,중상,차대차 - 기타,안전운전 의무 불이행,맑음,0,7
2020,서울특별시 영등포구6,서울특별시 영등포구 양평동(오목교 부근),2020-05-17,09시,부상신고,남,50세,자전거,상해없음,남,60세,자전거,부상신고,차대차 - 기타,안전운전 의무 불이행,맑음,0,7
2020,서울특별시 영등포구6,서울특별시 영등포구 양평동(오목교 부근),2020-08-18,18시,경상,남,22세,개인형이동수단(PM),부상신고,여,22세,자전거,경상,차대차 - 기타,안전운전 의무 불이행,맑음,0,7
2020,서울특별시 영등포구6,서울특별시 영등포구 양평동(오목교 부근),2020-11-07,16시,경상,남,76세,자전거,경상,남,31세,승용차,상해없음,차대차 - 측면충돌,안전운전 의무 불이행,맑음,0,7
2020,서울특별시 영등포구7,서울특별시 영등포구 신길동(보라매역앞교차로 부근),2020-04-04,18시,경상,여,49세,자전거,경상,남,38세,화물차,상해없음,차대차 - 측면충돌,기타,맑음,0,5
2020,서울특별시 영등포구7,서울특별시 영등포구 신길동(보라매역앞교차로 부근),2020-06-14,16시,중상,남,30세,자전거,상해없음,남,70세,보행자,중상,차대사람 - 횡단중,보행자 보호의무 위반,맑음,0,5
2020,서울특별시 영등포구7,서울특별시 영등포구 신길동(보라매역앞교차로 부근),2020-08-22,21시,경상,남,26세,자전거,경상,기타불명,불명,불명,기타불명,차대차 - 기타,안전운전 의무 불이행,비,0,5
2020,서울특별시 영등포구7,서울특별시 영등포구 신길동(보라매역앞교차로 부근),2020-10-15,19시,경상,남,23세,이륜차,상해없음,남,36세,자전거,경상,차대차 - 측면충돌,신호위반,맑음,0,5
2020,서울특별시 영등포구7,서울특별시 영등포구 신길동(보라매역앞교차로 부근),2020-11-06,07시,중상,남,75세,자전거,중상,남,46세,화물차,상해없음,차대차 - 측면충돌,안전운전 의무 불이행,맑음,0,5
2020,서울특별시 영등포구8,서울특별시 영등포구 여의도동(여의교앞교차로 부근),2020-03-17,09시,경상,여,39세,승용차,상해없음,여,38세,자전거,경상,차대차 - 측면충돌,안전운전 의무 불이행,맑음,0,5
2020,서울특별시 영등포구8,서울특별시 영등포구 여의도동(여의교앞교차로 부근),2020-04-02,23시,부상신고,남,42세,자전거,부상신고,남,52세,승용차,상해없음,차대차 - 측면충돌,안전운전 의무 불이행,맑음,0,5
2020,서울특별시 영등포구8,서울특별시 영등포구 여의도동(여의교앞교차로 부근),2020-07-01,20시,중상,남,69세,승용차,상해없음,남,60세,자전거,중상,차대차 - 추돌,안전운전 의무 불이행,맑음,0,5
2020,서울특별시 영등포구8,서울특별시 영등포구 여의도동(여의교앞교차로 부근),2020-09-05,13시,중상,여,52세,자전거,상해없음,남,22세,이륜차,중상,차대차 - 정면충돌,안전운전 의무 불이행,맑음,0,5
2020,서울특별시 영등포구8,서울특별시 영등포구 여의도동(여의교앞교차로 부근),2020-10-26,05시,경상,남,73세,승용차,상해없음,남,61세,자전거,경상,차대차 - 측면충돌,신호위반,맑음,0,5
2020,서울특별시 영등포구9,서울특별시 영등포구 여의도동(당산지하차도북측 부근),2020-01-12,14시,중상,남,39세,자전거,중상,여,72세,보행자,중상,차대사람 - 횡단중,안전운전 의무 불이행,맑음,0,8
2020,서울특별시 영등포구9,서울특별시 영등포구 여의도동(당산지하차도북측 부근),2020-03-08,11시,경상,여,25세,자전거,부상신고,남,36세,자전거,경상,차대차 - 측면충돌,안전운전 의무 불이행,맑음,0,8
2020,서울특별시 영등포구9,서울특별시 영등포구 여의도동(당산지하차도북측 부근),2020-05-16,20시,경상,남,39세,자전거,경상,여,27세,자전거,경상,차대차 - 추돌,안전운전 의무 불이행,맑음,0,8
2020,서울특별시 영등포구9,서울특별시 영등포구 여의도동(당산지하차도북측 부근),2020-05-25,22시,경상,여,25세,자전거,경상,여,31세,자전거,경상,차대차 - 기타,안전운전 의무 불이행,맑음,0,8
2020,서울특별시 영등포구10,서울특별시 영등포구 여의도동(빛의카페 부근),2020-05-23,16시,부상신고,남,45세,자전거,부상신고,남,44세,자전거,상해없음,차대차 - 추돌,안전운전 의무 불이행,맑음,0,4
2020,서울특별시 영등포구10,서울특별시 영등포구 여의도동(빛의카페 부근),2020-06-10,08시,중상,남,54세,자전거,상해없음,남,51세,자전거,중상,차대차 - 기타,안전운전 의무 불이행,맑음,0,4