사고년도,다발시군구,지점명,사고일시,사고시간대,사고등급,가해자성별,가해자연령,가해차종,가해자신체상해정도,피해자성별,피해자연령,피해차종,피해자신체상해정도,사고유형,가해자법규위반,기상상태,사망자수,부상자수
2020,서울특별시 영등포구10,서울특별시 영등포구 여의도동(빛의카페 부근),2020-09-19,17시,경상,여,22세,자전거,상해없음,여,29세,자전거,경상,차대차 - 기타,안전운전 의무 불이행,맑음,0,4
2020,서울특별시 영등포구10,서울특별시 영등포구 여의도동(빛의카페 부근),2020-11-07,17시,중상,여,16세,자전거,상해없음,여,71세,보행자,중상,차대사람 - 횡단중,보행자 보호의무 위반,맑음,0,4
2020,서울특별시 영등포구11,서울특별시 영등포구 대림동(성락빌딩 부근),2020-03-15,20시,경상,남,65세,자전거,상해없음,남,56세,승용차,상해없음,차대차 - 기타,안전운전 의무 불이행,맑음,0,4
2020,서울특별시 영등포구11,서울특별시 영등포구 대림동(성락빌딩 부근),2020-04-29,15시,중상,남,63세,승용차,상해없음,남,55세,자전거,중상,차대차 - 측면충돌,안전운전 의무 불이행,맑음,0,4
2020,서울특별시 영등포구11,서울특별시 영등포구 대림동(성락빌딩 부근),2020-08-24,11시,경상,남,85세,자전거,경상,남,48세,화물차,상해없음,차대차 - 기타,안전운전 의무 불이행,맑음,0,4
2020,서울특별시 영등포구11,서울특별시 영등포구 대림동(성락빌딩 부근),2020-09-10,16시,경상,여,18세,자전거,경상,남,45세,화물차,상해없음,차대차 - 측면충돌,중앙선 침범,맑음,0,4
2020,서울특별시 영등포구12,서울특별시 영등포구 대림동(구로1교교차로 부근),2020-08-24,17시,경상,남,69세,자전거,상해없음,남,15세,자전거,경상,차대차 - 기타,신호위반,맑음,0,4
2020,서울특별시 영등포구12,서울특별시 영등포구 대림동(구로1교교차로 부근),2020-08-27,10시,경상,여,60세,자전거,경상,남,59세,화물차,상해없음,차대차 - 측면충돌,안전운전 의무 불이행,맑음,0,4
2020,서울특별시 영등포구12,서울특별시 영등포구 대림동(구로1교교차로 부근),2020-09-10,15시,경상,남,66세,자전거,경상,남,41세,화물차,기타불명,차대차 - 기타,안전운전 의무 불이행,맑음,0,4
2020,서울특별시 영등포구12,서울특별시 영등포구 대림동(구로1교교차로 부근),2020-09-14,16시,부상신고,여,68세,자전거,부상신고,기타불명,불명,불명,기타불명,차대차 - 기타,안전운전 의무 불이행,맑음,0,4
2020,서울특별시 영등포구13,서울특별시 영등포구 문래동3가(청과시장입구교차로 부근),2020-05-11,13시,경상,남,44세,자전거,경상,남,50세,승용차,상해없음,차대차 - 측면충돌,안전운전 의무 불이행,맑음,0,4
2020,서울특별시 영등포구13,서울특별시 영등포구 문래동3가(청과시장입구교차로 부근),2020-08-12,14시,부상신고,여,19세,자전거,부상신고,남,56세,승용차,상해없음,차대차 - 측면충돌,안전운전 의무 불이행,맑음,0,4
2020,서울특별시 영등포구13,서울특별시 영등포구 문래동3가(청과시장입구교차로 부근),2020-10-31,09시,경상,남,38세,승용차,상해없음,남,76세,자전거,경상,차대차 - 정면충돌,신호위반,맑음,0,4
2020,서울특별시 영등포구13,서울특별시 영등포구 문래동3가(청과시장입구교차로 부근),2020-11-30,09시,경상,남,24세,자전거,경상,여,63세,승용차,상해없음,차대차 - 측면충돌,신호위반,맑음,0,4
2020,서울특별시 영등포구14,서울특별시 영등포구 양평동2가(문래신동아아파트앞교차로 부근),2020-07-21,23시,경상,남,15세,자전거,경상,여,37세,승용차,상해없음,차대차 - 기타,신호위반,맑음,0,4
2020,서울특별시 영등포구14,서울특별시 영등포구 양평동2가(문래신동아아파트앞교차로 부근),2020-07-25,22시,경상,여,28세,자전거,상해없음,남,62세,보행자,경상,차대사람 - 보도통행중,기타,맑음,0,4
2020,서울특별시 영등포구14,서울특별시 영등포구 양평동2가(문래신동아아파트앞교차로 부근),2020-08-14,16시,부상신고,남,18세,자전거,부상신고,남,57세,화물차,상해없음,차대차 - 기타,안전운전 의무 불이행,맑음,0,4
2020,서울특별시 영등포구14,서울특별시 영등포구 양평동2가(문래신동아아파트앞교차로 부근),2020-09-24,08시,부상신고,남,42세,자전거,부상신고,여,34세,승용차,상해없음,차대차 - 측면충돌,안전운전 의무 불이행,맑음,0,4
2020,서울특별시 영등포구15,서울특별시 영등포구 영등포동1가(영등포지하차도북측 부근),2020-01-16,08시,중상,남,64세,승용차,상해없음,여,52세,자전거,중상,차대차 - 기타,안전운전 의무 불이행,맑음,1,2
2020,서울특별시 영등포구15,서울특별시 영등포구 영등포동1가(영등포지하차도북측 부근),2020-07-08,15시,부상신고,여,27세,자전거,부상신고,남,36세,건설기계,상해없음,차대차 - 측면충돌,기타,맑음,1,2
2020,서울특별시 영등포구15,서울특별시 영등포구 영등포동1가(영등포지하차도북측 부근),2020-08-13,10시,사망,남,47세,자전거,사망,남,58세,화물차,상해없음,차대차 - 기타,안전운전 의무 불이행,맑음,1,2
2020,서울특별시 동작구1,서울특별시 동작구 본동(한강대교남측 부근),2020-03-31,13시,경상,남,71세,승용차,상해없음,남,16세,자전거,경상,차대차 - 측면충돌,안전운전 의무 불이행,맑음,0,13
2020,서울특별시 동작구1,서울특별시 동작구 본동(한강대교남측 부근),2020-04-26,16시,중상,기타불명,불명,자전거,기타불명,남,29세,자전거,중상,차대차 - 추돌,안전운전 의무 불이행,맑음,0,13
2020,서울특별시 동작구1,서울특별시 동작구 본동(한강대교남측 부근),2020-05-17,08시,경상,남,56세,승용차,상해없음,남,43세,자전거,경상,차대차 - 측면충돌,안전운전 의무 불이행,맑음,0,13
2020,서울특별시 동작구1,서울특별시 동작구 본동(한강대교남측 부근),2020-05-21,09시,경상,여,31세,자전거,경상,없음,불명,없음,없음,차량단독 - 공작물충돌,안전운전 의무 불이행,맑음,0,13
2020,서울특별시 동작구1,서울특별시 동작구 본동(한강대교남측 부근),2020-05-24,17시,경상,남,39세,자전거,상해없음,여,25세,자전거,경상,차대차 - 측면충돌,안전운전 의무 불이행,맑음,0,13
2020,서울특별시 동작구1,서울특별시 동작구 본동(한강대교남측 부근),2020-05-25,10시,경상,남,28세,화물차,상해없음,여,26세,자전거,경상,차대차 - 측면충돌,안전운전 의무 불이행,맑음,0,13
2020,서울특별시 동작구1,서울특별시 동작구 본동(한강대교남측 부근),2020-05-25,22시,중상,남,49세,승용차,상해없음,남,35세,자전거,중상,차대차 - 측면충돌,안전운전 의무 불이행,맑음,0,13
2020,서울특별시 동작구1,서울특별시 동작구 본동(한강대교남측 부근),2020-06-02,02시,경상,남,58세,승용차,상해없음,여,20세,자전거,경상,차대차 - 추돌,안전운전 의무 불이행,맑음,0,13
2020,서울특별시 동작구1,서울특별시 동작구 본동(한강대교남측 부근),2020-07-11,07시,경상,여,36세,자전거,경상,남,23세,보행자,경상,차대사람 - 기타,안전운전 의무 불이행,맑음,0,13
2020,서울특별시 동작구1,서울특별시 동작구 본동(한강대교남측 부근),2020-07-18,05시,중상,남,75세,승용차,상해없음,남,46세,자전거,중상,차대차 - 측면충돌,신호위반,맑음,0,13
2020,서울특별시 동작구1,서울특별시 동작구 본동(한강대교남측 부근),2020-09-20,19시,부상신고,여,43세,자전거,부상신고,여,52세,자전거,상해없음,차대차 - 기타,안전운전 의무 불이행,맑음,0,13
2020,서울특별시 동작구1,서울특별시 동작구 본동(한강대교남측 부근),2020-09-27,12시,부상신고,남,43세,자전거,부상신고,남,44세,자전거,상해없음,차대차 - 측면충돌,안전운전 의무 불이행,맑음,0,13
2020,서울특별시 동작구2,서울특별시 동작구 흑석동(중앙대병원입구교차로 부근),2020-03-31,15시,경상,남,45세,자전거,기타불명,남,15세,자전거,경상,차대차 - 정면충돌,기타,맑음,0,12
2020,서울특별시 동작구2,서울특별시 동작구 흑석동(중앙대병원입구교차로 부근),2020-04-05,15시,경상,남,21세,자전거,경상,남,50세,자전거,상해없음,차대차 - 정면충돌,안전운전 의무 불이행,맑음,0,12
2020,서울특별시 동작구2,서울특별시 동작구 흑석동(중앙대병원입구교차로 부근),2020-04-30,20시,경상,남,22세,자전거,상해없음,남,13세,자전거,경상,차대차 - 정면충돌,안전운전 의무 불이행,맑음,0,12
2020,서울특별시 동작구2,서울특별시 동작구 흑석동(중앙대병원입구교차로 부근),2020-05-17,15시,중상,남,57세,자전거,중상,여,28세,자전거,중상,차대차 - 추돌,안전운전 의무 불이행,맑음,0,12
2020,서울특별시 동작구2,서울특별시 동작구 흑석동(중앙대병원입구교차로 부근),2020-06-28,18시,경상,남,60세,자전거,부상신고,남,26세,자전거,경상,차대차 - 측면충돌,안전운전 의무 불이행,맑음,0,12
2020,서울특별시 동작구2,서울특별시 동작구 흑석동(중앙대병원입구교차로 부근),2020-09-20,20시,경상,남,38세,자전거,부상신고,남,42세,자전거,부상신고,차대차 - 추돌,안전운전 의무 불이행,맑음,0,12
2020,서울특별시 동작구2,서울특별시 동작구 흑석동(중앙대병원입구교차로 부근),2020-09-23,23시,경상,남,18세,자전거,부상신고,남,24세,보행자,경상,차대사람 - 기타,안전운전 의무 불이행,맑음,0,12
2020,서울특별시 동작구3,서울특별시 동작구 노량진동(장성교회 부근),2020-02-21,08시,경상,남,47세,승용차,상해없음,남,33세,자전거,경상,차대차 - 측면충돌,안전거리 미확보,맑음,0,6
2020,서울특별시 동작구3,서울특별시 동작구 노량진동(장성교회 부근),2020-05-30,13시,중상,여,35세,자전거,상해없음,여,62세,보행자,중상,차대사람 - 횡단중,보행자 보호의무 위반,맑음,0,6
2020,서울특별시 동작구3,서울특별시 동작구 노량진동(장성교회 부근),2020-06-21,10시,중상,남,55세,이륜차,기타불명,여,65세,자전거,중상,차대차 - 측면충돌,안전운전 의무 불이행,맑음,0,6
2020,서울특별시 동작구3,서울특별시 동작구 노량진동(장성교회 부근),2020-08-23,15시,경상,남,27세,자전거,경상,남,67세,화물차,상해없음,차대차 - 측면충돌,안전운전 의무 불이행,맑음,0,6
2020,서울특별시 동작구3,서울특별시 동작구 노량진동(장성교회 부근),2020-10-21,15시,경상,남,13세,자전거,상해없음,여,50세,보행자,경상,차대사람 - 기타,신호위반,맑음,0,6
2020,서울특별시 동작구3,서울특별시 동작구 노량진동(장성교회 부근),2020-12-11,18시,경상,남,56세,승합차,상해없음,남,41세,자전거,경상,차대차 - 측면충돌,안전운전 의무 불이행,맑음,0,6
2020,서울특별시 동작구4,서울특별시 동작구 사당동(골든시네마타워 부근),2020-03-01,22시,경상,여,52세,자전거,경상,남,29세,승용차,상해없음,차대차 - 측면충돌,안전운전 의무 불이행,비,0,6
2020,서울특별시 동작구4,서울특별시 동작구 사당동(골든시네마타워 부근),2020-04-18,15시,경상,남,36세,자전거,경상,남,49세,화물차,상해없음,차대차 - 기타,중앙선 침범,맑음,0,6
2020,서울특별시 동작구4,서울특별시 동작구 사당동(골든시네마타워 부근),2020-06-07,10시,부상신고,여,42세,자전거,부상신고,여,49세,승용차,상해없음,차대차 - 측면충돌,안전운전 의무 불이행,맑음,0,6
2020,서울특별시 동작구4,서울특별시 동작구 사당동(골든시네마타워 부근),2020-09-14,16시,경상,남,12세,자전거,경상,여,26세,승용차,상해없음,차대차 - 기타,안전운전 의무 불이행,맑음,0,6
2020,서울특별시 동작구4,서울특별시 동작구 사당동(골든시네마타워 부근),2020-09-24,12시,경상,남,69세,자전거,경상,기타불명,불명,이륜차,기타불명,차대차 - 측면충돌,안전운전 의무 불이행,맑음,0,6
2020,서울특별시 동작구4,서울특별시 동작구 사당동(골든시네마타워 부근),2020-09-29,11시,경상,남,61세,자전거,경상,여,47세,승용차,상해없음,차대차 - 측면충돌,안전운전 의무 불이행,맑음,0,6
2020,서울특별시 동작구5,서울특별시 동작구 신대방동(신대방삼거리역앞교차로 부근),2020-06-05,09시,부상신고,남,70세,자전거,부상신고,남,33세,승합차,상해없음,차대차 - 기타,신호위반,맑음,0,6
2020,서울특별시 동작구5,서울특별시 동작구 신대방동(신대방삼거리역앞교차로 부근),2020-07-31,17시,경상,남,67세,승용차,상해없음,남,10세,자전거,경상,차대차 - 기타,신호위반,맑음,0,6
2020,서울특별시 동작구5,서울특별시 동작구 신대방동(신대방삼거리역앞교차로 부근),2020-09-09,00시,경상,남,57세,이륜차,상해없음,남,54세,자전거,경상,차대차 - 기타,신호위반,맑음,0,6
2020,서울특별시 동작구5,서울특별시 동작구 신대방동(신대방삼거리역앞교차로 부근),2020-09-18,13시,부상신고,남,84세,자전거,부상신고,남,64세,승용차,상해없음,차대차 - 측면충돌,안전거리 미확보,맑음,0,6
2020,서울특별시 동작구5,서울특별시 동작구 신대방동(신대방삼거리역앞교차로 부근),2020-09-22,12시,경상,남,42세,이륜차,상해없음,남,47세,자전거,경상,차대차 - 측면충돌,안전운전 의무 불이행,맑음,0,6
2020,서울특별시 동작구5,서울특별시 동작구 신대방동(신대방삼거리역앞교차로 부근),2020-10-12,11시,부상신고,남,62세,자전거,상해없음,여,81세,보행자,부상신고,차대사람 - 보도통행중,보행자 보호의무 위반,맑음,0,6
2020,서울특별시 동작구6,서울특별시 동작구 신대방동(대림사거리 부근),2020-02-28,20시,중상,남,66세,승용차,상해없음,여,57세,자전거,중상,차대차 - 측면충돌,안전거리 미확보,흐림,0,5
2020,서울특별시 동작구6,서울특별시 동작구 신대방동(대림사거리 부근),2020-03-21,14시,중상,여,24세,승용차,상해없음,남,55세,자전거,중상,차대차 - 측면충돌,신호위반,맑음,0,5
2020,서울특별시 동작구6,서울특별시 동작구 신대방동(대림사거리 부근),2020-10-06,15시,경상,남,54세,자전거,경상,남,61세,승용차,상해없음,차대차 - 측면충돌,중앙선 침범,맑음,0,5
2020,서울특별시 동작구6,서울특별시 동작구 신대방동(대림사거리 부근),2020-10-28,14시,중상,남,42세,승용차,상해없음,여,67세,자전거,중상,차대차 - 측면충돌,안전운전 의무 불이행,맑음,0,5
2020,서울특별시 관악구1,서울특별시 관악구 신림동(신사동주민센터입구교차로 부근),2020-06-16,09시,경상,여,49세,자전거,경상,남,61세,승용차,상해없음,차대차 - 정면충돌,신호위반,맑음,1,4
2020,서울특별시 관악구1,서울특별시 관악구 신림동(신사동주민센터입구교차로 부근),2020-06-17,18시,경상,여,50세,승용차,상해없음,여,27세,자전거,경상,차대차 - 기타,안전운전 의무 불이행,맑음,1,4
2020,서울특별시 관악구1,서울특별시 관악구 신림동(신사동주민센터입구교차로 부근),2020-07-08,16시,중상,남,36세,화물차,상해없음,여,70세,자전거,중상,차대차 - 기타,교차로 통행방법 위반,맑음,1,4
2020,서울특별시 관악구1,서울특별시 관악구 신림동(신사동주민센터입구교차로 부근),2020-08-08,08시,중상,여,50세,자전거,중상,남,57세,승용차,상해없음,차대차 - 기타,기타,맑음,1,4
2020,서울특별시 관악구1,서울특별시 관악구 신림동(신사동주민센터입구교차로 부근),2020-12-03,12시,사망,남,55세,화물차,상해없음,남,53세,자전거,사망,차대차 - 기타,교차로 통행방법 위반,맑음,1,4
2020,서울특별시 관악구2,서울특별시 관악구 봉천동(당곡사거리 부근),2020-01-22,18시,중상,남,57세,자전거,상해없음,남,60세,보행자,중상,차대사람 - 횡단중,안전운전 의무 불이행,맑음,0,4
2020,서울특별시 관악구2,서울특별시 관악구 봉천동(당곡사거리 부근),2020-06-08,06시,중상,남,64세,건설기계,상해없음,여,50세,자전거,중상,차대차 - 추돌,안전운전 의무 불이행,맑음,0,4
2020,서울특별시 관악구2,서울특별시 관악구 봉천동(당곡사거리 부근),2020-06-18,16시,경상,남,36세,승용차,상해없음,남,17세,자전거,경상,차대차 - 측면충돌,안전운전 의무 불이행,맑음,0,4
2020,서울특별시 관악구2,서울특별시 관악구 봉천동(당곡사거리 부근),2020-10-08,09시,경상,남,27세,승용차,상해없음,남,63세,자전거,경상,차대차 - 측면충돌,안전운전 의무 불이행,맑음,0,4
2020,서울특별시 관악구3,서울특별시 관악구 신림동(신림역사거리 부근),2020-03-14,16시,경상,남,77세,자전거,경상,남,46세,승합차,상해없음,차대차 - 기타,안전운전 의무 불이행,맑음,0,4
2020,서울특별시 관악구3,서울특별시 관악구 신림동(신림역사거리 부근),2020-03-29,02시,중상,남,23세,승용차,상해없음,여,55세,자전거,중상,차대차 - 정면충돌,중앙선 침범,흐림,0,4
2020,서울특별시 관악구3,서울특별시 관악구 신림동(신림역사거리 부근),2020-06-04,14시,경상,남,33세,자전거,상해없음,여,23세,보행자,경상,차대사람 - 기타,기타,맑음,0,4
2020,서울특별시 관악구3,서울특별시 관악구 신림동(신림역사거리 부근),2020-10-20,20시,중상,남,50세,승용차,상해없음,남,73세,자전거,중상,차대차 - 기타,안전운전 의무 불이행,맑음,0,4
2020,서울특별시 서초구1,서울특별시 서초구 반포동(반포대교 부근),2020-02-21,19시,경상,남,34세,승용차,상해없음,여,23세,자전거,경상,차대차 - 측면충돌,신호위반,맑음,0,7
2020,서울특별시 서초구1,서울특별시 서초구 반포동(반포대교 부근),2020-04-29,19시,경상,남,45세,자전거,경상,남,52세,자전거,상해없음,차대차 - 측면충돌,중앙선 침범,맑음,0,7
2020,서울특별시 서초구1,서울특별시 서초구 반포동(반포대교 부근),2020-05-24,20시,경상,여,41세,자전거,상해없음,남,25세,보행자,경상,차대사람 - 보도통행중,안전운전 의무 불이행,맑음,0,7
2020,서울특별시 서초구1,서울특별시 서초구 반포동(반포대교 부근),2020-07-30,20시,경상,여,34세,자전거,상해없음,남,16세,자전거,경상,차대차 - 측면충돌,안전운전 의무 불이행,맑음,0,7
2020,서울특별시 서초구1,서울특별시 서초구 반포동(반포대교 부근),2020-09-11,23시,경상,남,49세,승용차,상해없음,남,39세,자전거,경상,차대차 - 기타,신호위반,비,0,7
2020,서울특별시 서초구1,서울특별시 서초구 반포동(반포대교 부근),2020-10-06,17시,중상,남,48세,자전거,상해없음,여,57세,자전거,중상,차대차 - 기타,안전운전 의무 불이행,맑음,0,7
2020,서울특별시 서초구1,서울특별시 서초구 반포동(반포대교 부근),2020-11-07,16시,경상,기타불명,불명,불명,기타불명,남,37세,자전거,경상,차대차 - 추돌,안전운전 의무 불이행,맑음,0,7
2020,서울특별시 서초구2,서울특별시 서초구 반포동(반포동1329 부근),2020-03-08,10시,경상,여,29세,자전거,상해없음,여,32세,자전거,경상,차대차 - 추돌,안전운전 의무 불이행,맑음,0,5
2020,서울특별시 서초구2,서울특별시 서초구 반포동(반포동1329 부근),2020-04-26,04시,경상,남,33세,자전거,상해없음,여,11세,자전거,경상,차대차 - 측면충돌,안전운전 의무 불이행,맑음,0,5
2020,서울특별시 서초구2,서울특별시 서초구 반포동(반포동1329 부근),2020-05-25,19시,경상,남,61세,자전거,상해없음,여,25세,자전거,경상,차대차 - 추돌,안전운전 의무 불이행,맑음,0,5
2020,서울특별시 서초구2,서울특별시 서초구 반포동(반포동1329 부근),2020-07-01,21시,경상,남,58세,자전거,상해없음,남,30세,자전거,경상,차대차 - 측면충돌,안전운전 의무 불이행,맑음,0,5
2020,서울특별시 서초구2,서울특별시 서초구 반포동(반포동1329 부근),2020-07-18,18시,경상,남,73세,자전거,상해없음,남,39세,자전거,경상,차대차 - 기타,안전운전 의무 불이행,맑음,0,5
2020,서울특별시 서초구3,서울특별시 서초구 반포동(반포동1318 부근),2020-05-03,22시,부상신고,남,28세,자전거,부상신고,남,62세,승용차,상해없음,차대차 - 측면충돌,안전운전 의무 불이행,맑음,0,4
2020,서울특별시 서초구3,서울특별시 서초구 반포동(반포동1318 부근),2020-05-04,17시,경상,여,46세,자전거,상해없음,여,66세,보행자,경상,차대사람 - 기타,안전운전 의무 불이행,맑음,0,4
2020,서울특별시 서초구3,서울특별시 서초구 반포동(반포동1318 부근),2020-05-17,08시,경상,남,46세,자전거,경상,남,59세,승용차,상해없음,차대차 - 기타,안전운전 의무 불이행,맑음,0,4
2020,서울특별시 서초구3,서울특별시 서초구 반포동(반포동1318 부근),2020-10-22,08시,경상,남,62세,자전거,경상,여,28세,승용차,상해없음,차대차 - 기타,안전운전 의무 불이행,맑음,0,4
2020,서울특별시 강남구1,서울특별시 강남구 수서동(수서IC 부근),2020-05-21,17시,중상,남,16세,자전거,부상신고,여,74세,보행자,중상,차대사람 - 기타,안전운전 의무 불이행,맑음,0,7
2020,서울특별시 강남구1,서울특별시 강남구 수서동(수서IC 부근),2020-05-23,12시,경상,남,59세,자전거,경상,남,26세,자전거,상해없음,차대차 - 추돌,안전운전 의무 불이행,맑음,0,7
2020,서울특별시 강남구1,서울특별시 강남구 수서동(수서IC 부근),2020-05-31,13시,부상신고,남,61세,자전거,부상신고,여,59세,자전거,부상신고,차대차 - 기타,안전운전 의무 불이행,맑음,0,7
2020,서울특별시 강남구1,서울특별시 강남구 수서동(수서IC 부근),2020-06-08,17시,경상,남,27세,자전거,상해없음,여,64세,보행자,경상,차대사람 - 기타,안전운전 의무 불이행,맑음,0,7
2020,서울특별시 강남구1,서울특별시 강남구 수서동(수서IC 부근),2020-09-26,16시,부상신고,남,57세,자전거,부상신고,남,69세,보행자,상해없음,차대사람 - 기타,안전운전 의무 불이행,맑음,0,7
2020,서울특별시 강남구2,서울특별시 강남구 일원동(강남구송파구 부근),2020-03-22,16시,중상,남,53세,자전거,상해없음,남,51세,자전거,중상,차대차 - 정면충돌,안전운전 의무 불이행,맑음,0,5
2020,서울특별시 강남구2,서울특별시 강남구 일원동(강남구송파구 부근),2020-04-02,13시,중상,남,16세,자전거,중상,남,13세,자전거,중상,차대차 - 기타,안전운전 의무 불이행,맑음,0,5
2020,서울특별시 강남구2,서울특별시 강남구 일원동(강남구송파구 부근),2020-09-14,10시,부상신고,여,67세,자전거,부상신고,남,54세,자전거,상해없음,차대차 - 기타,안전운전 의무 불이행,맑음,0,5
2020,서울특별시 강남구2,서울특별시 강남구 일원동(강남구송파구 부근),2020-11-04,12시,경상,남,25세,개인형이동수단(PM),상해없음,여,59세,자전거,경상,차대차 - 측면충돌,안전운전 의무 불이행,맑음,0,5
2020,서울특별시 강남구3,서울특별시 강남구 수서동(수서IC 부근),2020-05-03,10시,경상,남,47세,자전거,경상,여,46세,보행자,상해없음,차대사람 - 기타,안전운전 의무 불이행,맑음,0,5
2020,서울특별시 강남구3,서울특별시 강남구 수서동(수서IC 부근),2020-06-17,22시,중상,남,55세,자전거,상해없음,여,37세,보행자,중상,차대사람 - 기타,신호위반,맑음,0,5
2020,서울특별시 강남구3,서울특별시 강남구 수서동(수서IC 부근),2020-09-05,22시,부상신고,여,47세,자전거,부상신고,남,16세,자전거,부상신고,차대차 - 추돌,안전운전 의무 불이행,맑음,0,5
2020,서울특별시 강남구3,서울특별시 강남구 수서동(수서IC 부근),2020-09-11,10시,경상,여,59세,자전거,상해없음,남,63세,자전거,경상,차대차 - 기타,안전운전 의무 불이행,맑음,0,5
2020,서울특별시 송파구1,서울특별시 송파구 삼전동(배명고교앞교차로 부근),2020-03-08,16시,경상,남,63세,자전거,경상,여,55세,승용차,상해없음,차대차 - 측면충돌,안전운전 의무 불이행,맑음,0,9
2020,서울특별시 송파구1,서울특별시 송파구 삼전동(배명고교앞교차로 부근),2020-04-21,09시,중상,여,67세,자전거,기타불명,여,67세,자전거,중상,차대차 - 기타,안전운전 의무 불이행,맑음,0,9
2020,서울특별시 송파구1,서울특별시 송파구 삼전동(배명고교앞교차로 부근),2020-05-06,18시,중상,남,51세,자전거,중상,남,42세,이륜차,상해없음,차대차 - 측면충돌,기타,맑음,0,9
2020,서울특별시 송파구1,서울특별시 송파구 삼전동(배명고교앞교차로 부근),2020-07-04,09시,경상,남,61세,승용차,상해없음,여,55세,자전거,경상,차대차 - 측면충돌,안전운전 의무 불이행,맑음,0,9
2020,서울특별시 송파구1,서울특별시 송파구 삼전동(배명고교앞교차로 부근),2020-07-16,15시,중상,남,66세,자전거,중상,남,52세,승합차,상해없음,차대차 - 측면충돌,안전운전 의무 불이행,맑음,0,9
2020,서울특별시 송파구1,서울특별시 송파구 삼전동(배명고교앞교차로 부근),2020-07-17,22시,경상,남,34세,이륜차,상해없음,여,28세,자전거,경상,차대차 - 측면충돌,신호위반,맑음,0,9
2020,서울특별시 송파구1,서울특별시 송파구 삼전동(배명고교앞교차로 부근),2020-09-05,06시,경상,남,73세,자전거,경상,남,57세,승용차,상해없음,차대차 - 측면충돌,안전운전 의무 불이행,맑음,0,9
2020,서울특별시 송파구1,서울특별시 송파구 삼전동(배명고교앞교차로 부근),2020-11-24,21시,경상,남,55세,승용차,상해없음,여,50세,자전거,경상,차대차 - 측면충돌,안전운전 의무 불이행,맑음,0,9
2020,서울특별시 송파구1,서울특별시 송파구 삼전동(배명고교앞교차로 부근),2020-12-02,17시,경상,여,36세,승용차,상해없음,남,52세,자전거,경상,차대차 - 기타,안전운전 의무 불이행,맑음,0,9
2020,서울특별시 송파구2,서울특별시 송파구 신천동(잠실대교JC 부근),2020-03-29,10시,중상,여,47세,자전거,상해없음,남,46세,자전거,중상,차대차 - 기타,안전운전 의무 불이행,맑음,0,11
2020,서울특별시 송파구2,서울특별시 송파구 신천동(잠실대교JC 부근),2020-04-25,15시,부상신고,남,39세,자전거,부상신고,남,63세,자전거,부상신고,차대차 - 측면충돌,안전운전 의무 불이행,맑음,0,11
2020,서울특별시 송파구2,서울특별시 송파구 신천동(잠실대교JC 부근),2020-06-28,06시,경상,남,9세,자전거,경상,여,51세,자전거,경상,차대차 - 측면충돌,안전운전 의무 불이행,맑음,0,11
2020,서울특별시 송파구2,서울특별시 송파구 신천동(잠실대교JC 부근),2020-08-16,11시,경상,남,15세,자전거,상해없음,여,47세,자전거,경상,차대차 - 측면충돌,안전운전 의무 불이행,맑음,0,11
2020,서울특별시 송파구2,서울특별시 송파구 신천동(잠실대교JC 부근),2020-09-13,20시,중상,남,68세,자전거,상해없음,남,36세,자전거,중상,차대차 - 측면충돌,기타,맑음,0,11
2020,서울특별시 송파구2,서울특별시 송파구 신천동(잠실대교JC 부근),2020-09-14,08시,중상,남,82세,자전거,중상,남,40세,자전거,상해없음,차대차 - 측면충돌,안전운전 의무 불이행,맑음,0,11
2020,서울특별시 송파구2,서울특별시 송파구 신천동(잠실대교JC 부근),2020-09-15,04시,경상,여,63세,자전거,경상,없음,불명,없음,없음,차량단독 - 기타,안전운전 의무 불이행,맑음,0,11
2020,서울특별시 송파구2,서울특별시 송파구 신천동(잠실대교JC 부근),2020-11-14,15시,중상,남,22세,자전거,부상신고,여,48세,보행자,중상,차대사람 - 횡단중,안전운전 의무 불이행,맑음,0,11
2020,서울특별시 송파구3,서울특별시 송파구 삼전동(배명사거리 부근),2020-05-27,10시,경상,남,61세,자전거,경상,남,65세,화물차,상해없음,차대차 - 측면충돌,안전운전 의무 불이행,맑음,0,8
2020,서울특별시 송파구3,서울특별시 송파구 삼전동(배명사거리 부근),2020-06-18,11시,경상,여,75세,승용차,상해없음,남,68세,자전거,경상,차대차 - 측면충돌,안전운전 의무 불이행,맑음,0,8
2020,서울특별시 송파구3,서울특별시 송파구 삼전동(배명사거리 부근),2020-06-18,12시,중상,남,69세,승용차,상해없음,여,26세,자전거,중상,차대차 - 측면충돌,안전운전 의무 불이행,맑음,0,8
2020,서울특별시 송파구3,서울특별시 송파구 삼전동(배명사거리 부근),2020-06-19,08시,중상,남,51세,자전거,상해없음,여,65세,보행자,중상,차대사람 - 기타,기타,맑음,0,8
2020,서울특별시 송파구3,서울특별시 송파구 삼전동(배명사거리 부근),2020-07-03,09시,중상,여,38세,승용차,상해없음,남,47세,자전거,중상,차대차 - 기타,안전운전 의무 불이행,맑음,0,8
2020,서울특별시 송파구3,서울특별시 송파구 삼전동(배명사거리 부근),2020-07-05,22시,경상,기타불명,불명,불명,기타불명,남,30세,자전거,경상,차대차 - 정면충돌,안전운전 의무 불이행,맑음,0,8