사고년도,다발시군구,지점명,사고일시,사고시간대,사고등급,가해자성별,가해자연령,가해차종,가해자신체상해정도,피해자성별,피해자연령,피해차종,피해자신체상해정도,사고유형,가해자법규위반,기상상태,사망자수,부상자수
2020,경기도 광명시2,경기도 광명시 광명동(구로구광명시 부근),2020-10-17,13시,경상,남,26세,이륜차,상해없음,남,69세,자전거,경상,차대차 - 측면충돌,신호위반,맑음,0,5
2020,경기도 광명시2,경기도 광명시 광명동(구로구광명시 부근),2020-10-26,10시,부상신고,남,68세,자전거,부상신고,남,66세,승용차,상해없음,차대차 - 측면충돌,안전운전 의무 불이행,맑음,0,5
2020,경기도 광명시3,경기도 광명시 광명동(더착한커피광명점 부근),2020-01-16,09시,경상,남,57세,자전거,경상,남,45세,화물차,상해없음,차대차 - 측면충돌,신호위반,맑음,0,4
2020,경기도 광명시3,경기도 광명시 광명동(더착한커피광명점 부근),2020-05-27,07시,경상,남,59세,자전거,경상,남,64세,승합차,상해없음,차대차 - 측면충돌,중앙선 침범,맑음,0,4
2020,경기도 광명시3,경기도 광명시 광명동(더착한커피광명점 부근),2020-10-05,10시,경상,남,84세,자전거,경상,남,58세,화물차,상해없음,차대차 - 측면충돌,신호위반,맑음,0,4
2020,경기도 광명시3,경기도 광명시 광명동(더착한커피광명점 부근),2020-11-29,15시,경상,남,38세,승용차,상해없음,남,45세,자전거,경상,차대차 - 측면충돌,교차로 통행방법 위반,맑음,0,4
2020,경기도 평택시1,경기도 평택시 세교동(통복사거리 부근),2020-07-05,08시,중상,남,47세,승용차,상해없음,남,81세,자전거,중상,차대차 - 기타,안전운전 의무 불이행,맑음,0,4
2020,경기도 평택시1,경기도 평택시 세교동(통복사거리 부근),2020-09-25,06시,중상,남,27세,자전거,중상,남,59세,화물차,상해없음,차대차 - 측면충돌,신호위반,맑음,0,4
2020,경기도 평택시1,경기도 평택시 세교동(통복사거리 부근),2020-10-24,17시,중상,남,14세,자전거,상해없음,여,60세,보행자,중상,차대사람 - 기타,안전운전 의무 불이행,맑음,0,4
2020,경기도 평택시1,경기도 평택시 세교동(통복사거리 부근),2020-11-11,09시,부상신고,남,28세,자전거,부상신고,남,29세,화물차,상해없음,차대차 - 기타,교차로 통행방법 위반,맑음,0,4
2020,경기도 평택시2,경기도 평택시 용이동(용이동705 부근),2020-06-29,15시,중상,여,41세,승용차,상해없음,남,10세,자전거,중상,차대차 - 측면충돌,신호위반,맑음,0,5
2020,경기도 평택시2,경기도 평택시 용이동(용이동705 부근),2020-07-18,15시,경상,남,17세,자전거,경상,남,47세,승용차,상해없음,차대차 - 정면충돌,중앙선 침범,맑음,0,5
2020,경기도 평택시2,경기도 평택시 용이동(용이동705 부근),2020-11-16,11시,경상,여,67세,자전거,부상신고,남,50세,자전거,경상,차대차 - 정면충돌,안전운전 의무 불이행,맑음,0,5
2020,경기도 평택시2,경기도 평택시 용이동(용이동705 부근),2020-11-29,18시,경상,남,25세,이륜차,상해없음,남,12세,자전거,경상,차대차 - 기타,기타,흐림,0,5
2020,경기도 동두천시1,경기도 동두천시 지행동(크라운732입구 부근),2020-02-29,12시,중상,남,48세,승용차,상해없음,남,78세,자전거,중상,차대차 - 측면충돌,신호위반,맑음,0,7
2020,경기도 동두천시1,경기도 동두천시 지행동(크라운732입구 부근),2020-04-09,17시,경상,여,62세,승용차,상해없음,남,12세,자전거,경상,차대차 - 측면충돌,안전운전 의무 불이행,맑음,0,7
2020,경기도 동두천시1,경기도 동두천시 지행동(크라운732입구 부근),2020-05-22,17시,경상,남,60세,승용차,상해없음,남,11세,자전거,경상,차대차 - 측면충돌,안전운전 의무 불이행,맑음,0,7
2020,경기도 동두천시1,경기도 동두천시 지행동(크라운732입구 부근),2020-06-15,10시,중상,남,64세,승용차,상해없음,남,86세,자전거,중상,차대차 - 기타,안전운전 의무 불이행,맑음,0,7
2020,경기도 동두천시1,경기도 동두천시 지행동(크라운732입구 부근),2020-07-12,14시,부상신고,남,60세,화물차,상해없음,남,44세,자전거,부상신고,차대차 - 기타,안전운전 의무 불이행,맑음,0,7
2020,경기도 동두천시1,경기도 동두천시 지행동(크라운732입구 부근),2020-09-09,14시,중상,여,40세,승용차,상해없음,남,76세,자전거,중상,차대차 - 측면충돌,안전운전 의무 불이행,흐림,0,7
2020,경기도 동두천시1,경기도 동두천시 지행동(크라운732입구 부근),2020-09-10,15시,중상,남,59세,자전거,중상,여,25세,보행자,상해없음,차대사람 - 횡단중,보행자 보호의무 위반,맑음,0,7
2020,경기도 안산시 상록구1,경기도 안산시 상록구 이동(RICHSMOOTHIE 부근),2020-02-04,01시,경상,남,54세,승용차,상해없음,남,19세,자전거,경상,차대차 - 측면충돌,신호위반,맑음,0,9
2020,경기도 안산시 상록구1,경기도 안산시 상록구 이동(RICHSMOOTHIE 부근),2020-02-11,18시,경상,남,27세,승용차,상해없음,남,52세,자전거,경상,차대차 - 측면충돌,신호위반,맑음,0,9
2020,경기도 안산시 상록구1,경기도 안산시 상록구 이동(RICHSMOOTHIE 부근),2020-04-12,15시,경상,남,41세,이륜차,상해없음,여,31세,자전거,경상,차대차 - 측면충돌,신호위반,맑음,0,9
2020,경기도 안산시 상록구1,경기도 안산시 상록구 이동(RICHSMOOTHIE 부근),2020-07-11,17시,중상,여,54세,승용차,상해없음,여,26세,자전거,중상,차대차 - 측면충돌,안전운전 의무 불이행,맑음,0,9
2020,경기도 안산시 상록구1,경기도 안산시 상록구 이동(RICHSMOOTHIE 부근),2020-07-16,14시,중상,남,78세,화물차,상해없음,여,64세,자전거,중상,차대차 - 기타,교차로 통행방법 위반,맑음,0,9
2020,경기도 안산시 상록구1,경기도 안산시 상록구 이동(RICHSMOOTHIE 부근),2020-07-22,13시,경상,여,63세,자전거,상해없음,남,70세,보행자,경상,차대사람 - 보도통행중,안전운전 의무 불이행,맑음,0,9
2020,경기도 안산시 상록구1,경기도 안산시 상록구 이동(RICHSMOOTHIE 부근),2020-11-29,14시,경상,남,28세,자전거,상해없음,남,65세,승용차,상해없음,차대차 - 기타,안전운전 의무 불이행,비,0,9
2020,경기도 안산시 상록구2,경기도 안산시 상록구 이동(안산교 부근),2020-04-03,02시,경상,남,23세,승용차,상해없음,남,27세,자전거,경상,차대차 - 기타,신호위반,맑음,0,6
2020,경기도 안산시 상록구2,경기도 안산시 상록구 이동(안산교 부근),2020-05-05,18시,중상,남,10세,자전거,기타불명,남,47세,자전거,중상,차대차 - 기타,안전운전 의무 불이행,맑음,0,6
2020,경기도 안산시 상록구2,경기도 안산시 상록구 이동(안산교 부근),2020-07-03,15시,중상,남,67세,승용차,상해없음,남,62세,자전거,중상,차대차 - 기타,안전운전 의무 불이행,맑음,0,6
2020,경기도 안산시 상록구2,경기도 안산시 상록구 이동(안산교 부근),2020-09-25,06시,경상,기타불명,불명,불명,기타불명,남,44세,자전거,경상,차대차 - 측면충돌,기타,맑음,0,6
2020,경기도 안산시 상록구2,경기도 안산시 상록구 이동(안산교 부근),2020-10-28,08시,경상,남,25세,승용차,상해없음,여,27세,자전거,경상,차대차 - 측면충돌,안전운전 의무 불이행,맑음,0,6
2020,경기도 안산시 상록구2,경기도 안산시 상록구 이동(안산교 부근),2020-11-06,18시,경상,남,48세,자전거,상해없음,여,38세,보행자,경상,차대사람 - 기타,안전운전 의무 불이행,맑음,0,6
2020,경기도 안산시 상록구3,경기도 안산시 상록구 본오동(본오지하차도 부근),2020-01-02,17시,경상,여,58세,승용차,상해없음,남,26세,자전거,경상,차대차 - 측면충돌,신호위반,맑음,0,5
2020,경기도 안산시 상록구3,경기도 안산시 상록구 본오동(본오지하차도 부근),2020-08-31,18시,경상,남,64세,승용차,상해없음,여,30세,자전거,경상,차대차 - 기타,안전운전 의무 불이행,맑음,0,5
2020,경기도 안산시 상록구3,경기도 안산시 상록구 본오동(본오지하차도 부근),2020-10-23,07시,경상,여,48세,승용차,상해없음,남,17세,자전거,경상,차대차 - 기타,안전운전 의무 불이행,맑음,0,5
2020,경기도 안산시 상록구3,경기도 안산시 상록구 본오동(본오지하차도 부근),2020-10-27,09시,경상,남,45세,화물차,상해없음,여,56세,자전거,경상,차대차 - 기타,안전운전 의무 불이행,맑음,0,5
2020,경기도 안산시 상록구3,경기도 안산시 상록구 본오동(본오지하차도 부근),2020-10-27,17시,경상,남,62세,화물차,상해없음,남,44세,자전거,경상,차대차 - 기타,안전운전 의무 불이행,맑음,0,5
2020,경기도 안산시 상록구4,경기도 안산시 상록구 사동(사리사거리 부근),2020-03-28,23시,사망,남,52세,자전거,사망,남,58세,화물차,상해없음,차대차 - 기타,기타,맑음,1,2
2020,경기도 안산시 상록구4,경기도 안산시 상록구 사동(사리사거리 부근),2020-09-18,13시,경상,여,61세,승용차,상해없음,남,25세,자전거,경상,차대차 - 기타,신호위반,맑음,1,2
2020,경기도 안산시 상록구4,경기도 안산시 상록구 사동(사리사거리 부근),2020-09-29,09시,중상,남,28세,자전거,중상,남,31세,승용차,상해없음,차대차 - 기타,안전운전 의무 불이행,맑음,1,2
2020,경기도 안산시 단원구1,경기도 안산시 단원구 초지동(화정교 부근),2020-02-09,21시,경상,남,21세,승용차,상해없음,남,28세,자전거,경상,차대차 - 측면충돌,안전운전 의무 불이행,맑음,0,6
2020,경기도 안산시 단원구1,경기도 안산시 단원구 초지동(화정교 부근),2020-06-28,12시,경상,여,48세,승용차,상해없음,여,23세,자전거,경상,차대차 - 정면충돌,신호위반,맑음,0,6
2020,경기도 안산시 단원구1,경기도 안산시 단원구 초지동(화정교 부근),2020-08-06,22시,경상,남,19세,자전거,상해없음,남,60세,보행자,경상,차대사람 - 기타,안전운전 의무 불이행,맑음,0,6
2020,경기도 안산시 단원구1,경기도 안산시 단원구 초지동(화정교 부근),2020-10-16,13시,경상,남,63세,화물차,상해없음,남,62세,자전거,경상,차대차 - 측면충돌,안전운전 의무 불이행,맑음,0,6
2020,경기도 안산시 단원구1,경기도 안산시 단원구 초지동(화정교 부근),2020-11-02,09시,중상,남,26세,자전거,중상,여,35세,승용차,상해없음,차대차 - 기타,안전운전 의무 불이행,맑음,0,6
2020,경기도 안산시 단원구1,경기도 안산시 단원구 초지동(화정교 부근),2020-12-02,08시,경상,남,36세,승용차,상해없음,여,22세,자전거,경상,차대차 - 측면충돌,신호위반,맑음,0,6
2020,경기도 안산시 단원구2,경기도 안산시 단원구 선부동(주커피안산세이브시티점 부근),2020-01-23,10시,경상,남,39세,자전거,경상,여,55세,승용차,상해없음,차대차 - 기타,안전운전 의무 불이행,맑음,0,5
2020,경기도 안산시 단원구2,경기도 안산시 단원구 선부동(주커피안산세이브시티점 부근),2020-02-06,14시,중상,여,65세,승용차,상해없음,남,73세,자전거,중상,차대차 - 기타,기타,맑음,0,5
2020,경기도 안산시 단원구2,경기도 안산시 단원구 선부동(주커피안산세이브시티점 부근),2020-03-02,09시,중상,남,84세,자전거,중상,여,45세,승용차,상해없음,차대차 - 측면충돌,안전운전 의무 불이행,맑음,0,5
2020,경기도 안산시 단원구2,경기도 안산시 단원구 선부동(주커피안산세이브시티점 부근),2020-03-16,11시,경상,남,75세,자전거,경상,남,50세,화물차,상해없음,차대차 - 기타,안전운전 의무 불이행,맑음,0,5
2020,경기도 안산시 단원구2,경기도 안산시 단원구 선부동(주커피안산세이브시티점 부근),2020-05-25,17시,부상신고,여,56세,자전거,부상신고,남,25세,승용차,상해없음,차대차 - 정면충돌,안전운전 의무 불이행,맑음,0,5
2020,경기도 안산시 단원구3,경기도 안산시 단원구 고잔동(호수공원사거리 부근),2020-02-11,22시,경상,남,38세,승용차,상해없음,남,15세,자전거,경상,차대차 - 기타,신호위반,맑음,0,5
2020,경기도 안산시 단원구3,경기도 안산시 단원구 고잔동(호수공원사거리 부근),2020-02-23,18시,경상,남,14세,자전거,경상,남,28세,승용차,상해없음,차대차 - 기타,기타,맑음,0,5
2020,경기도 안산시 단원구3,경기도 안산시 단원구 고잔동(호수공원사거리 부근),2020-08-24,19시,중상,남,12세,자전거,중상,여,61세,승용차,상해없음,차대차 - 기타,신호위반,맑음,0,5
2020,경기도 안산시 단원구3,경기도 안산시 단원구 고잔동(호수공원사거리 부근),2020-11-13,07시,중상,남,59세,자전거,상해없음,남,61세,자전거,중상,차대차 - 측면충돌,안전운전 의무 불이행,맑음,0,5
2020,경기도 안산시 단원구3,경기도 안산시 단원구 고잔동(호수공원사거리 부근),2020-11-19,16시,부상신고,남,35세,화물차,상해없음,남,12세,자전거,부상신고,차대차 - 측면충돌,안전운전 의무 불이행,맑음,0,5
2020,경기도 안산시 단원구4,경기도 안산시 단원구 고잔동(25시광장사거리 부근),2020-06-29,20시,중상,남,60세,승용차,상해없음,남,16세,자전거,중상,차대차 - 측면충돌,안전운전 의무 불이행,비,0,4
2020,경기도 안산시 단원구4,경기도 안산시 단원구 고잔동(25시광장사거리 부근),2020-09-08,09시,중상,여,60세,자전거,중상,남,53세,승용차,상해없음,차대차 - 정면충돌,안전운전 의무 불이행,맑음,0,4
2020,경기도 안산시 단원구4,경기도 안산시 단원구 고잔동(25시광장사거리 부근),2020-09-22,13시,중상,여,33세,자전거,상해없음,여,25세,보행자,중상,차대사람 - 횡단중,보행자 보호의무 위반,맑음,0,4
2020,경기도 안산시 단원구4,경기도 안산시 단원구 고잔동(25시광장사거리 부근),2020-11-21,02시,경상,남,65세,승용차,기타불명,여,58세,자전거,경상,차대차 - 측면충돌,신호위반,맑음,0,4
2020,경기도 안산시 단원구5,경기도 안산시 단원구 고잔동(덕성초교사거리 부근),2020-06-07,15시,경상,기타불명,불명,불명,기타불명,여,62세,자전거,경상,차대차 - 측면충돌,신호위반,맑음,0,4
2020,경기도 안산시 단원구5,경기도 안산시 단원구 고잔동(덕성초교사거리 부근),2020-08-05,15시,경상,남,44세,화물차,상해없음,여,39세,자전거,경상,차대차 - 기타,안전운전 의무 불이행,흐림,0,4
2020,경기도 안산시 단원구5,경기도 안산시 단원구 고잔동(덕성초교사거리 부근),2020-10-04,23시,경상,남,22세,자전거,경상,기타불명,불명,기타,기타불명,차대차 - 기타,중앙선 침범,기타/불명,0,4
2020,경기도 안산시 단원구5,경기도 안산시 단원구 고잔동(덕성초교사거리 부근),2020-12-01,08시,경상,여,37세,승용차,상해없음,남,24세,자전거,경상,차대차 - 정면충돌,교차로 통행방법 위반,맑음,0,4
2020,경기도 안산시 단원구6,경기도 안산시 단원구 고잔동(공용주차장교차로 부근),2020-01-03,13시,사망,남,66세,승합차,상해없음,남,81세,자전거,사망,차대차 - 정면충돌,신호위반,맑음,1,2
2020,경기도 안산시 단원구6,경기도 안산시 단원구 고잔동(공용주차장교차로 부근),2020-01-20,13시,경상,남,57세,자전거,경상,없음,불명,없음,없음,차량단독 - 전도,안전운전 의무 불이행,맑음,1,2
2020,경기도 안산시 단원구6,경기도 안산시 단원구 고잔동(공용주차장교차로 부근),2020-08-21,07시,중상,여,61세,자전거,중상,남,29세,승용차,상해없음,차대차 - 기타,안전운전 의무 불이행,맑음,1,2
2020,경기도 고양시 덕양구1,경기도 고양시 덕양구 토당동(토당육교교차로 부근),2020-01-31,17시,중상,남,73세,화물차,상해없음,남,70세,자전거,중상,차대차 - 측면충돌,안전운전 의무 불이행,맑음,0,4
2020,경기도 고양시 덕양구1,경기도 고양시 덕양구 토당동(토당육교교차로 부근),2020-02-11,10시,중상,여,60세,승용차,상해없음,여,64세,자전거,중상,차대차 - 측면충돌,안전운전 의무 불이행,맑음,0,4
2020,경기도 고양시 덕양구1,경기도 고양시 덕양구 토당동(토당육교교차로 부근),2020-04-28,15시,경상,여,49세,승용차,상해없음,남,78세,자전거,경상,차대차 - 측면충돌,안전운전 의무 불이행,맑음,0,4
2020,경기도 고양시 덕양구1,경기도 고양시 덕양구 토당동(토당육교교차로 부근),2020-09-21,10시,중상,남,62세,승용차,상해없음,남,81세,자전거,중상,차대차 - 측면충돌,안전운전 의무 불이행,맑음,0,4
2020,경기도 고양시 일산동구1,경기도 고양시 일산동구 장항동(필라테스콜링 부근),2020-05-03,19시,부상신고,기타불명,불명,불명,기타불명,남,8세,자전거,부상신고,차대차 - 기타,안전운전 의무 불이행,맑음,0,4
2020,경기도 고양시 일산동구1,경기도 고양시 일산동구 장항동(필라테스콜링 부근),2020-09-09,11시,경상,남,43세,자전거,상해없음,여,70세,보행자,경상,차대사람 - 기타,안전운전 의무 불이행,맑음,0,4
2020,경기도 고양시 일산동구1,경기도 고양시 일산동구 장항동(필라테스콜링 부근),2020-09-10,17시,중상,기타불명,불명,불명,기타불명,남,59세,자전거,중상,차대차 - 기타,안전운전 의무 불이행,맑음,0,4
2020,경기도 고양시 일산동구1,경기도 고양시 일산동구 장항동(필라테스콜링 부근),2020-09-15,12시,경상,남,55세,농기계,상해없음,여,59세,자전거,경상,차대차 - 기타,안전운전 의무 불이행,맑음,0,4
2020,경기도 고양시 일산동구2,경기도 고양시 일산동구 정발산동(저동고교사거리 부근),2020-02-21,11시,경상,여,49세,승용차,상해없음,남,10세,자전거,경상,차대차 - 측면충돌,안전운전 의무 불이행,흐림,0,4
2020,경기도 고양시 일산동구2,경기도 고양시 일산동구 정발산동(저동고교사거리 부근),2020-05-12,11시,경상,남,41세,승용차,상해없음,남,70세,자전거,경상,차대차 - 측면충돌,교차로 통행방법 위반,맑음,0,4
2020,경기도 고양시 일산동구2,경기도 고양시 일산동구 정발산동(저동고교사거리 부근),2020-05-16,17시,부상신고,남,14세,자전거,부상신고,남,43세,이륜차,상해없음,차대차 - 기타,안전운전 의무 불이행,흐림,0,4
2020,경기도 고양시 일산동구2,경기도 고양시 일산동구 정발산동(저동고교사거리 부근),2020-11-10,08시,중상,남,59세,승합차,상해없음,남,13세,자전거,중상,차대차 - 측면충돌,안전운전 의무 불이행,맑음,0,4
2020,경기도 과천시1,경기도 과천시 별양동(소방서삼거리 부근),2020-06-08,08시,부상신고,남,83세,자전거,부상신고,남,63세,승용차,상해없음,차대차 - 기타,중앙선 침범,맑음,1,2
2020,경기도 과천시1,경기도 과천시 별양동(소방서삼거리 부근),2020-08-28,18시,경상,여,49세,승용차,상해없음,남,26세,자전거,경상,차대차 - 기타,신호위반,맑음,1,2
2020,경기도 과천시1,경기도 과천시 별양동(소방서삼거리 부근),2020-12-01,16시,사망,남,59세,승용차,상해없음,남,82세,자전거,사망,차대차 - 정면충돌,안전운전 의무 불이행,맑음,1,2
2020,경기도 남양주시1,경기도 남양주시 퇴계원면(퇴계원교교차로 부근),2020-03-05,17시,경상,남,12세,자전거,상해없음,여,79세,보행자,경상,차대사람 - 보도통행중,기타,맑음,0,6
2020,경기도 남양주시1,경기도 남양주시 퇴계원면(퇴계원교교차로 부근),2020-04-07,08시,중상,남,48세,화물차,상해없음,남,38세,자전거,중상,차대차 - 측면충돌,신호위반,맑음,0,6
2020,경기도 남양주시1,경기도 남양주시 퇴계원면(퇴계원교교차로 부근),2020-06-09,18시,경상,남,37세,승용차,상해없음,여,20세,자전거,경상,차대차 - 측면충돌,안전운전 의무 불이행,맑음,0,6
2020,경기도 남양주시1,경기도 남양주시 퇴계원면(퇴계원교교차로 부근),2020-07-04,12시,경상,여,62세,자전거,상해없음,여,39세,보행자,경상,차대사람 - 보도통행중,기타,맑음,0,6
2020,경기도 남양주시1,경기도 남양주시 퇴계원면(퇴계원교교차로 부근),2020-07-06,11시,경상,남,68세,자전거,경상,남,36세,화물차,상해없음,차대차 - 기타,기타,맑음,0,6
2020,경기도 남양주시1,경기도 남양주시 퇴계원면(퇴계원교교차로 부근),2020-09-24,10시,중상,남,65세,승용차,상해없음,여,24세,자전거,중상,차대차 - 측면충돌,안전운전 의무 불이행,맑음,0,6
2020,경기도 남양주시2,경기도 남양주시 와부읍(팔당역앞 부근),2020-06-12,11시,중상,남,69세,자전거,중상,남,54세,자전거,경상,차대차 - 측면충돌,안전운전 의무 불이행,맑음,0,7
2020,경기도 남양주시2,경기도 남양주시 와부읍(팔당역앞 부근),2020-07-05,17시,경상,남,62세,자전거,상해없음,남,36세,자전거,경상,차대차 - 정면충돌,안전운전 의무 불이행,맑음,0,7
2020,경기도 남양주시2,경기도 남양주시 와부읍(팔당역앞 부근),2020-09-05,14시,중상,여,29세,자전거,중상,남,56세,자전거,중상,차대차 - 측면충돌,안전운전 의무 불이행,맑음,0,7
2020,경기도 남양주시2,경기도 남양주시 와부읍(팔당역앞 부근),2020-11-07,13시,경상,여,68세,자전거,경상,남,41세,자전거,경상,차대차 - 측면충돌,안전운전 의무 불이행,맑음,0,7
2020,경기도 오산시1,경기도 오산시 오산동(운동장사거리 부근),2020-01-04,05시,경상,남,69세,자전거,경상,남,73세,승용차,상해없음,차대차 - 기타,신호위반,맑음,0,7
2020,경기도 오산시1,경기도 오산시 오산동(운동장사거리 부근),2020-05-14,04시,중상,남,71세,자전거,중상,남,55세,승용차,상해없음,차대차 - 기타,기타,맑음,0,7
2020,경기도 오산시1,경기도 오산시 오산동(운동장사거리 부근),2020-05-29,18시,경상,남,28세,승용차,상해없음,남,56세,자전거,경상,차대차 - 기타,신호위반,맑음,0,7
2020,경기도 오산시1,경기도 오산시 오산동(운동장사거리 부근),2020-06-27,14시,중상,남,47세,화물차,상해없음,남,53세,자전거,중상,차대차 - 측면충돌,교차로 통행방법 위반,맑음,0,7
2020,경기도 오산시1,경기도 오산시 오산동(운동장사거리 부근),2020-08-09,14시,경상,남,51세,승용차,상해없음,남,11세,자전거,경상,차대차 - 기타,신호위반,맑음,0,7
2020,경기도 오산시1,경기도 오산시 오산동(운동장사거리 부근),2020-08-10,14시,부상신고,남,70세,자전거,상해없음,남,42세,이륜차,부상신고,차대차 - 기타,안전운전 의무 불이행,비,0,7
2020,경기도 오산시1,경기도 오산시 오산동(운동장사거리 부근),2020-10-09,13시,경상,여,66세,자전거,경상,남,38세,승용차,상해없음,차대차 - 측면충돌,안전운전 의무 불이행,맑음,0,7
2020,경기도 오산시2,경기도 오산시 원동(한성예식장삼거리 부근),2020-02-07,13시,사망,남,36세,승합차,상해없음,남,84세,자전거,사망,차대차 - 기타,안전운전 의무 불이행,맑음,2,2
2020,경기도 오산시2,경기도 오산시 원동(한성예식장삼거리 부근),2020-11-04,17시,경상,남,16세,자전거,상해없음,남,8세,보행자,경상,차대사람 - 횡단중,신호위반,맑음,2,2
2020,경기도 오산시2,경기도 오산시 원동(한성예식장삼거리 부근),2020-11-19,07시,사망,남,67세,화물차,상해없음,여,73세,자전거,사망,차대차 - 기타,신호위반,비,2,2
2020,경기도 오산시2,경기도 오산시 원동(한성예식장삼거리 부근),2020-11-25,08시,중상,남,78세,자전거,중상,남,27세,승용차,상해없음,차대차 - 기타,기타,맑음,2,2
2020,경기도 오산시3,경기도 오산시 오산동(오산동890 부근),2020-01-22,16시,부상신고,남,51세,자전거,부상신고,남,41세,승용차,상해없음,차대차 - 측면충돌,안전운전 의무 불이행,맑음,0,4
2020,경기도 오산시3,경기도 오산시 오산동(오산동890 부근),2020-01-29,11시,경상,남,88세,자전거,경상,여,52세,승용차,상해없음,차대차 - 측면충돌,안전운전 의무 불이행,맑음,0,4
2020,경기도 오산시3,경기도 오산시 오산동(오산동890 부근),2020-05-14,15시,경상,남,43세,승용차,기타불명,여,54세,자전거,경상,차대차 - 측면충돌,안전운전 의무 불이행,맑음,0,4
2020,경기도 오산시3,경기도 오산시 오산동(오산동890 부근),2020-11-24,15시,경상,여,25세,자전거,경상,여,41세,승용차,상해없음,차대차 - 기타,안전운전 의무 불이행,맑음,0,4
2020,경기도 시흥시1,경기도 시흥시 정왕동(북카페22 부근),2020-02-10,22시,경상,남,41세,승용차,상해없음,남,26세,자전거,경상,차대차 - 측면충돌,신호위반,맑음,0,5
2020,경기도 시흥시1,경기도 시흥시 정왕동(북카페22 부근),2020-03-08,19시,중상,남,31세,승용차,상해없음,여,48세,자전거,중상,차대차 - 기타,신호위반,맑음,0,5
2020,경기도 시흥시1,경기도 시흥시 정왕동(북카페22 부근),2020-04-26,21시,경상,남,55세,승용차,상해없음,여,57세,자전거,경상,차대차 - 기타,신호위반,맑음,0,5
2020,경기도 시흥시1,경기도 시흥시 정왕동(북카페22 부근),2020-10-19,17시,부상신고,남,36세,자전거,부상신고,남,61세,자전거,상해없음,차대차 - 측면충돌,안전운전 의무 불이행,맑음,0,5
2020,경기도 시흥시1,경기도 시흥시 정왕동(북카페22 부근),2020-12-18,08시,경상,남,33세,자전거,경상,여,31세,승용차,상해없음,차대차 - 정면충돌,안전운전 의무 불이행,맑음,0,5
2020,경기도 시흥시2,경기도 시흥시 정왕동(정왕동1226 부근),2020-04-22,16시,경상,여,50세,승합차,상해없음,남,83세,자전거,경상,차대차 - 측면충돌,교차로 통행방법 위반,맑음,0,5
2020,경기도 시흥시2,경기도 시흥시 정왕동(정왕동1226 부근),2020-05-30,18시,경상,남,38세,이륜차,상해없음,남,70세,자전거,경상,차대차 - 기타,안전운전 의무 불이행,맑음,0,5
2020,경기도 시흥시2,경기도 시흥시 정왕동(정왕동1226 부근),2020-06-27,18시,부상신고,여,40세,자전거,부상신고,여,25세,승용차,상해없음,차대차 - 측면충돌,안전운전 의무 불이행,맑음,0,5
2020,경기도 시흥시2,경기도 시흥시 정왕동(정왕동1226 부근),2020-07-29,11시,경상,남,24세,자전거,상해없음,여,50세,자전거,경상,차대차 - 정면충돌,중앙선 침범,맑음,0,5
2020,경기도 시흥시2,경기도 시흥시 정왕동(정왕동1226 부근),2020-07-31,16시,경상,남,53세,승용차,상해없음,남,8세,자전거,경상,차대차 - 기타,안전운전 의무 불이행,맑음,0,5
2020,경기도 시흥시3,경기도 시흥시 정왕동(군자2교 부근),2020-05-04,15시,중상,남,41세,승용차,상해없음,남,61세,자전거,중상,차대차 - 기타,신호위반,맑음,0,4
2020,경기도 시흥시3,경기도 시흥시 정왕동(군자2교 부근),2020-09-05,13시,중상,남,64세,화물차,상해없음,남,72세,자전거,중상,차대차 - 측면충돌,신호위반,맑음,0,4
2020,경기도 시흥시3,경기도 시흥시 정왕동(군자2교 부근),2020-09-17,07시,중상,남,30세,승용차,상해없음,여,49세,자전거,중상,차대차 - 추돌,교차로 통행방법 위반,맑음,0,4
2020,경기도 시흥시3,경기도 시흥시 정왕동(군자2교 부근),2020-10-21,08시,중상,여,30세,승용차,상해없음,남,30세,자전거,중상,차대차 - 기타,안전운전 의무 불이행,맑음,0,4
2020,경기도 시흥시4,경기도 시흥시 정왕동(새시화교회 부근),2020-01-30,14시,중상,남,69세,승합차,상해없음,여,63세,자전거,중상,차대차 - 측면충돌,신호위반,맑음,0,4
2020,경기도 시흥시4,경기도 시흥시 정왕동(새시화교회 부근),2020-04-14,22시,경상,남,51세,자전거,상해없음,여,40세,보행자,경상,차대사람 - 기타,안전운전 의무 불이행,맑음,0,4
2020,경기도 시흥시4,경기도 시흥시 정왕동(새시화교회 부근),2020-07-07,05시,중상,남,75세,자전거,중상,남,66세,승용차,상해없음,차대차 - 측면충돌,기타,흐림,0,4
2020,경기도 시흥시4,경기도 시흥시 정왕동(새시화교회 부근),2020-12-26,20시,부상신고,남,23세,자전거,부상신고,없음,불명,없음,없음,차량단독 - 전도,안전운전 의무 불이행,맑음,0,4
2020,경기도 군포시1,경기도 군포시 산본동(금정역삼거리 부근),2020-06-14,03시,부상신고,남,40세,자전거,부상신고,남,27세,승용차,상해없음,차대차 - 기타,안전운전 의무 불이행,비,0,6
2020,경기도 군포시1,경기도 군포시 산본동(금정역삼거리 부근),2020-06-27,14시,경상,남,54세,승용차,상해없음,남,44세,자전거,경상,차대차 - 측면충돌,신호위반,맑음,0,6
2020,경기도 군포시1,경기도 군포시 산본동(금정역삼거리 부근),2020-07-17,14시,경상,남,60세,원동기장치자전거,상해없음,남,52세,자전거,경상,차대차 - 기타,신호위반,기타/불명,0,6